,CP002989.1_v1,CP002989.1_v2,CP002989.1_v3,CP002989.1_v4,CP007061.1_v1,CP007061.1_v2,CP031298.1_v1,CP040680.1_v1,CP046867.1_v1,CP050016.1_v1,CP050017.1_v1,CP119561.1_v1,CP119562.1_v1,CP119781.1_v1,CP119793.1_v1,CP119808.1_v1,CP126163.1_v1,NC_002608.1_v1,NC_004852.1_v1,NC_006393.1_v1,NC_006394.1_v1,NC_006422.1_v1,NC_006423.1_v1,NC_006424.1_v1,NC_006425.1_v1,NC_010597.1_v1,NC_010598.1_v1,NC_012624.1_v1,NC_014299.1_v1_v1,NC_014299.1_v2,NC_014299.1_v3_v1,NC_014300.1_v1,NC_015667.1_v1,NC_019963.1_v1_v1,NC_019963.1_v2,NC_021914.1_v1,NC_023011.1_v1,NZ_AP017570.1_v1,NZ_AP017571.1_v1,NZ_CP008875.1_v1,NZ_CP010532.1_v1,NZ_CP010533.1_v1,NZ_CP011565.1_v1,NZ_CP019068.1_v1,NZ_CP019156.1_v1,NZ_CP019286.1_v1,NZ_CP024045.1_v1,NZ_CP026312.1_v1,NZ_CP026313.1_v1,NZ_CP031308.1_v1,NZ_CP031314.1_v1,NZ_CP034344.1_v1,NZ_CP034344.1_v2,NZ_CP035121.1_v1,NZ_CP039134.1_v1,NZ_CP039135.1_v1,NZ_CP040331.1_v1,NZ_CP040331.1_v2,NZ_CP045489.1_v1,NZ_CP053943.1_v1,NZ_CP054586.1_v1,NZ_CP054586.1_v2,NZ_CP054589.1_v1,NZ_CP054589.1_v2,NZ_CP054708.1_v1,NZ_CP054709.1_v1,NZ_CP054709.1_v2,NZ_CP058531.1_v1,NZ_CP063206.1_v1,NZ_CP063206.1_v2,NZ_CP063208.1_v1,NZ_CP064790.1_v1,NZ_CP069189.1_v1,NZ_CP069193.1_v1,NZ_CP070334.1_v1,NZ_CP070335.2_v1,NZ_CP070375.1_v1,NZ_CP073372.1_v1,NZ_CP077714.1_v1,NZ_CP077716.1_v1,NZ_CP082248.1_v1,NZ_CP082287.1_v1,NZ_CP082289.1_v1,NZ_CP083668.1_v1,NZ_CP083669.1_v1,NZ_CP084465.1_v1,NZ_CP084467.1_v1,NZ_CP084468.1_v1,NZ_CP084470.1_v1,NZ_CP084471.1_v1,NZ_CP084473.1_v1,NZ_CP084474.1_v1,NZ_CP084474.1_v2,NZ_CP084475.1_v1,NZ_CP084882.1_v1,NZ_CP084885.1_v1,NZ_CP085325.1_v1,NZ_CP085883.1_v1,NZ_CP087722.1_v1,NZ_CP087722.1_v2,NZ_CP089469.1_v1,NZ_CP089469.1_v2,NZ_CP089470.1_v1,NZ_CP089595.1_v1,NZ_CP090373.1_v1,NZ_CP095006.1_v1,NZ_CP095006.1_v2,NZ_CP095008.1_v1,NZ_CP095009.1_v1,NZ_CP095009.1_v2,NZ_CP095399.1_v1,NZ_CP095484.1_v1,NZ_CP095485.1_v1,NZ_CP098517.1_v1,NZ_CP098519.1_v1,NZ_CP100410.1_v1,NZ_CP100446.1_v1,NZ_CP100450.1_v1,NZ_CP100451.1_v1,NZ_CP100458.1_v1,NZ_CP101155.1_v1,NZ_CP101324.1_v1,NZ_CP101826.1_v1,NZ_CP101874.1_v1,NZ_CP104744.1_v1,NZ_CP104744.1_v2,NZ_CP106967.1_v1,NZ_CP106970.1_v1,NZ_CP111038.1_v1,NZ_CP111039.1_v1,NZ_CP111040.1_v1,NZ_CP119783.1_v1,NZ_CP119784.1_v1,NZ_CP119792.1_v1,NZ_CP119798.1_v1,NZ_CP119799.1_v1,NZ_CP119806.1_v1,NZ_CP119813.1_v1,NZ_CP120471.1_v1,NZ_CP126160.1_v1,NZ_CP126160.1_v2,NZ_CP127175.1_v1,NZ_CP127176.1_v1,NZ_CP128378.1_v1,NZ_CP135524.1_v1,NZ_CP135525.1_v1,NZ_CP135526.1_v1,NZ_LN831303.1_v1,NZ_LN831304.1_v1,NZ_MN918441.1_v1,NZ_MN918442.1_v1,NZ_OX281346.1_v1,NZ_OX281346.1_v2,U95377.1_v1
CP002989.1_v1,0.0,0.9085439506422445,0.9754726902976549,0.7989830903949986,0.6873132126084014,0.7886550964188397,0.9366827781225407,0.8987740238990019,0.8987740238990019,0.9843859652152597,1.0,1.0,1.0,0.6235243181226904,0.928012139952624,0.8062255888714832,1.0,0.8093837173421599,1.0,0.987420271570189,0.8471421204151871,1.0,1.0,1.0,1.0,1.0,1.0,1.0,1.0,1.0,1.0,1.0,0.7419802729861804,0.9249442360514921,1.0,1.0,1.0,0.658414068896941,0.766989517302878,0.7848318584544156,1.0,0.9893525564375355,0.7852154663396003,0.9610824555082115,1.0,0.7136344440797182,0.8823164576957797,0.8012042795059754,0.7816244912634518,0.8670830396251907,0.8670328333868002,0.7860391721216033,0.8625450326316014,0.8485341868168533,0.8487171789069191,0.987420271570189,1.0,0.9646276478678937,0.9341192919163569,0.6570542054653512,0.745012329692124,0.8480176940718441,0.7764863222960052,0.6468137318090299,0.9841696382284307,0.8660516021870199,0.8695868994397291,0.991459016328074,0.8793565888615835,0.8152890680482091,1.0,0.7709485376579248,0.9851673383729319,0.6053751269305985,0.7869415107669784,0.7582842736771304,0.8080346074388721,1.0,1.0,1.0,1.0,0.62806967493618,0.8471421204151871,0.9842090365522358,0.773656469769736,1.0,1.0,0.7406187498151693,0.7375692365113755,0.7764990752168737,0.9925088468660176,0.9632801105086307,0.9759025100145046,0.9849831805359022,0.9635580330067289,0.9637403197225777,0.7691965676643256,0.810015303156347,0.9500841522927649,0.9400378400383557,1.0,0.6060862809706189,0.9620020421289989,0.7780269671677482,0.8113446184284847,0.9646675066772368,0.9793241106350286,0.9815571066864455,0.9791587035201087,0.9866508581730462,0.7427727547068248,0.7918732046478347,0.610001350776072,0.6535548759544878,0.611408044782064,0.8757952407681554,0.9904991155657447,0.9265633821706717,0.9922146951635635,0.9918137761976105,1.0,0.7443858990650711,0.7993040291077014,0.9366827781225407,0.7870414110902078,0.891758359904927,0.817371087211963,0.7614025929773864,0.9610942210395212,1.0,0.9618027606292522,0.9156540014290546,0.927388001687164,0.9156419318389818,0.9913063802562369,0.8918196313405286,0.8668792890696908,0.8685429487090088,0.9270726955113658,0.6134309336133013,0.5861979474078489,0.8554130356837533,0.8549263259941658,0.8000902059186423,0.9839283299691393,1.0,0.992070156620882,0.9760658433447738,0.5875006718602444,0.7321848545422608,0.9844624996491774,1.0,1.0,1.0
CP002989.1_v2,0.9085439506422445,0.0,0.9698252241455354,0.9162820065615472,0.9163415152915917,0.984694400861416,0.8552261037224218,0.7924323285137373,0.8026580911430349,0.9784423262898216,0.9799405873573821,0.9777283624316212,0.9776846847683563,0.8933760815272367,0.9339600021631874,0.9703109211475112,0.9773501994483625,0.9548722028607954,1.0,0.9775618311212457,0.9743723869232457,1.0,1.0,1.0,1.0,1.0,1.0,1.0,0.9925581307682149,1.0,1.0,1.0,0.9578129108929725,0.8023162416169921,0.8701939677914502,1.0,0.9780024020947101,0.8403626566877279,0.9066483448323341,0.9914685935692401,0.9774026604006402,0.9784605578501826,0.9840378120472679,1.0,0.9774925475459273,0.9545431420244217,0.9678363401170819,0.9478991438026985,0.9602821280161378,1.0,0.9860569191443918,0.9395620548739299,0.972551088450387,1.0,0.9743723869232457,0.9775618311212457,0.8736272347082571,0.8495040664066211,0.8330214483864193,0.9140535243666176,0.9224671971830928,0.9769743271358046,0.9438902571549627,0.9567436826764633,0.9887651683311369,0.9662890420872915,0.9681233260728346,0.9803230863093886,0.9724574662403638,0.974973821165147,1.0,0.9776271055456838,0.8907202201436426,0.9472622056279255,0.9836453496330595,0.9752421931028927,0.992340656328797,0.9775618311212457,1.0,1.0,0.8778665192591598,0.8733939610816215,0.9743723869232457,0.9853250096214727,0.9792579988725985,1.0,1.0,0.9548292670893803,0.9584061600969712,0.9640264416845342,0.8642909169424556,1.0,0.8595968114476331,0.8542992724428654,0.9805539367572562,1.0,0.9065134554524884,0.9842754469707562,0.9820449220107267,1.0,1.0,0.9561504334724646,0.9889065303377116,0.9642654942418363,0.9450276552109018,1.0,1.0,1.0,1.0,1.0,0.9261418078585126,0.9162205729659814,0.9471347126479364,0.9547207718732934,0.957057863315953,0.9858109847610661,0.9249161894644224,0.9101488854965266,0.9855888089456876,0.9844998116227314,1.0,0.9218732075777175,0.9390290046310389,0.8552261037224218,0.9667869931348041,0.984552834545691,0.9407262090250702,0.9217242745663847,1.0,0.9914765003407237,1.0,0.9925838100961368,0.9321373680278673,0.9923886472039298,0.8679912201465001,0.9863322434048386,0.9668911969443779,0.9731949148348877,0.9363896059666305,0.9546397174762354,0.9546397174762354,0.9772989411498005,0.9876222192526479,0.992340656328797,0.8573456579966605,0.8648353072771783,0.8517955051089261,0.979836036108397,0.9357277945489805,0.9363433106077916,1.0,1.0,1.0,1.0
CP002989.1_v3,0.9754726902976549,0.9698252241455354,0.0,0.9581081305811292,0.9645951207961594,0.984641134250506,0.9744549067015632,0.9554663668051908,0.9554663668051908,0.973519510235408,1.0,1.0,1.0,0.9685114276153182,0.9654974966918414,0.9908195375505862,0.9924978061097405,0.90344241104121,1.0,0.9772479323324971,0.9872583751365102,1.0,1.0,1.0,1.0,1.0,1.0,1.0,1.0,1.0,0.9913843418097263,1.0,1.0,0.9749695704490133,0.9634704670143308,1.0,1.0,0.973063331212795,0.9736479378030191,0.9903889147520912,1.0,1.0,0.9903889147520912,1.0,1.0,0.9883561424113099,0.9777940878436489,0.9652812174340258,0.9770051923973841,0.9926084200796116,0.9871772182902459,0.9738118746324729,0.98782647306036,1.0,0.9872583751365102,0.9772479323324971,0.9656173672403806,0.9887750260087353,0.9891113991453873,0.9923849802602349,0.9739758114619267,0.98782647306036,0.9704484489250819,0.9925545356623058,0.9591407222841996,0.9728289990732409,0.9885773047864436,0.9909496274583395,0.9893107570516728,0.9730808569161425,1.0,0.9925846370575444,0.9894756603313598,0.9879256107647787,1.0,0.9925751602172578,0.9925751602172578,1.0,1.0,1.0,0.9606066836573987,0.9806455531777228,0.9880473302364167,0.9807859269683478,0.8940785206786609,1.0,1.0,0.9867276308604441,0.9782860903002303,0.978193537350269,0.9591862291148395,0.9893361479869847,0.9581105841856736,0.9603646160431848,0.9808387813315805,0.9890532504203418,0.9738938430471997,0.948008785629234,0.9921757422306132,1.0,1.0,0.9569752896571682,1.0,0.9598610710496691,0.9560043443563612,1.0,1.0,0.9814545210636187,0.9909121974976688,1.0,0.9548279798328017,0.9737299062177459,0.9864833541278143,0.9792286363240187,0.9925218794915116,0.9684708041699777,0.9888744773245929,0.9808454761404714,0.9800690383141663,0.9731804635298374,1.0,0.9737040431919375,0.9620610918581904,0.9744549067015632,0.977916255742049,0.9803303306708123,0.99204968007536,0.9802988631386796,0.9852456853491564,1.0,0.9881013591525455,0.9776575173177243,0.9648788636530715,0.9660035843270445,0.9812321790382151,0.9893872473564107,0.988458569934858,0.9885105583585749,0.9730812970795999,0.9794707805302161,0.9793893549526728,0.9771501858870569,0.9926013974497949,1.0,0.9889604241442269,0.9750692475431726,0.9500353021738382,0.9923804008845408,0.9925684238100292,0.9580938731486162,0.9804352761929203,1.0,1.0,1.0
CP002989.1_v4,0.7989830903949986,0.9162820065615472,0.9581081305811292,0.0,0.7588360571081632,0.8242171688744918,0.9191104768943537,0.8672803967037529,0.8672803967037529,0.9866616949814567,1.0,1.0,1.0,0.8035996532459451,0.9696152553866152,0.8431261041313205,1.0,0.8820406201074982,1.0,0.9834561131532862,0.9153551969650935,1.0,1.0,1.0,1.0,1.0,1.0,1.0,0.9920080795641264,1.0,1.0,1.0,0.8412503213235569,0.9207589738531708,0.9484902705085198,1.0,1.0,0.8207661379354922,0.6888009684336496,0.8409983167724571,1.0,0.9888695521055039,0.8414199466970439,0.9875481102468995,1.0,0.854758009473513,0.8687897918015621,0.754674881767347,0.8266411498782402,0.9119634393763947,0.8840038947165413,0.6923284277594828,0.8848571824842462,0.8726965188511162,0.912550110441855,0.9834561131532862,0.9382774917141408,0.9384598227484481,0.9352753691884996,0.8083278606784761,0.6731899210461123,0.9344812995640394,0.7822546456958873,0.8221019520499662,0.949787797442632,0.8334245197896579,0.8697693212488484,0.9618735616344913,0.8594556687514909,0.8636602368229024,1.0,0.861249926491957,0.9734587316700408,0.8109804318437897,0.8503585981817465,0.8509760406003999,0.8655468032964669,1.0,1.0,1.0,0.9698859067827807,0.8172210674461557,0.9044366478318344,0.9660968833542962,0.8379630096619942,1.0,0.9924093558066399,0.8150989007672513,0.8109879657999576,0.8253723664543601,0.9717883680340862,0.9879832712390648,0.9578264825085616,0.9639421942611672,0.9807592182269063,0.9881424332094083,0.6916351930590368,0.9042078352925372,0.9906994254181151,0.9282647683029918,1.0,0.7824323490357551,0.984101599159666,0.6983374480071489,0.7840528138440958,1.0,0.9905365490635502,1.0,0.985122732727066,1.0,0.8220608530936931,0.6876284558458018,0.7808716320434352,0.8022598824466168,0.8096885421971751,0.8489538725480894,0.9737584088058273,0.9692602194097103,0.9672772673561185,0.9213101003509044,0.9907785533432227,0.6727245389501042,0.8527576282069191,0.9191104768943537,0.8331003553531006,0.8728003926251096,0.8618960260567596,0.7951166793743587,0.9858542802678645,0.9905888116424659,0.9885640840743909,0.9719500665812325,0.9698687659476262,0.9612044573074757,0.9678516718315665,0.8949429939378847,0.8487286702064102,0.8403647392395018,0.969346889686979,0.7987754088516187,0.8001178262677444,0.8378398967622003,0.9014764748827814,0.8710758973571926,0.9595830441042116,0.9573827494251285,0.9666306171775563,0.9844225204240977,0.8149009154586094,0.774789365843497,0.9802232982940807,1.0,1.0,1.0
CP007061.1_v1,0.6873132126084014,0.9163415152915917,0.9645951207961594,0.7588360571081632,0.0,0.8470301333566542,0.9054806458318116,0.9105929508357904,0.9105929508357904,0.9843859652152597,0.9713738511608041,1.0,1.0,0.704908323617764,0.9626291005709561,0.8400011784585335,1.0,0.845049667787544,1.0,0.987420271570189,0.8719073464450499,1.0,1.0,1.0,1.0,1.0,1.0,1.0,1.0,1.0,1.0,1.0,0.7899324889795944,0.8904460670455572,0.9645676903792889,1.0,1.0,0.7659729730092175,0.70490089593365,0.8536683866066648,1.0,0.9812590969312144,0.8539382410943064,1.0,1.0,0.8139248074358811,0.8191699755549999,0.7264484441555923,0.8323512229760467,0.9112503777573157,0.8638668825396336,0.7596370567256314,0.8673219213226491,0.8752640195203342,0.8734405504491711,0.987420271570189,0.9766584659791298,0.9327654425435498,0.9119321335240402,0.6967273265169074,0.704597686262763,0.8770329252099451,0.7952007084809337,0.7670852597095279,0.9732692798501713,0.8199648115557452,0.8187901263862281,0.9315850865416754,0.8456821810819992,0.8575257747627008,1.0,0.8186403266118216,0.9429282017269873,0.708586902982788,0.8137108716924183,0.8349743461413248,0.8562830251047606,1.0,1.0,1.0,0.9357314701261155,0.7139470787550131,0.864341031239489,0.9575028959683314,0.8031552059440115,1.0,1.0,0.7960148190969419,0.7868367505437198,0.7949059073406781,0.9728357275934874,0.9895757559532082,0.9319825719354726,0.9374637452839988,1.0,0.9893084676443162,0.6984463604232121,0.8749890134795912,0.9907033840270075,0.9404637934602631,0.9775988649258911,0.6748758511179175,0.9515336509858181,0.7314263361155455,0.8127561927876672,1.0,0.9905387777019028,0.981996223193911,1.0,0.9870021513790187,0.7603349837246599,0.7321252790776871,0.719550935418094,0.7775932549049697,0.7286329601293295,0.8433129253368171,0.9528722208680782,0.9631877627331842,0.9769809044730696,0.9582198672972203,0.9660078478835552,0.6909327764396146,0.842122679516928,0.9054806458318116,0.8271450794911178,0.8706007176527945,0.8527228312485269,0.8059593107146913,0.9850575961576057,0.9815954865461838,0.9543438814900126,0.9616856359530325,0.9624482878914115,0.9619553116457065,0.9787467610386656,0.8749241545723934,0.8155072029891229,0.8091418765586151,0.9630769692287423,0.7384280097736664,0.7290446760476377,0.8139926081540302,0.887766676502359,0.8621514688484313,0.9681473902258189,0.9647952310605568,0.9680871754947572,0.974284357400448,0.6979493651548481,0.7250724127853039,0.9800501028608133,1.0,1.0,1.0
CP007061.1_v2,0.7886550964188397,0.984694400861416,0.984641134250506,0.8242171688744918,0.8470301333566542,0.0,0.961497200100551,0.9368059093887487,0.9368059093887487,1.0,1.0,1.0,0.9909695814283913,0.7877738690040871,0.9435305660340211,0.7787196498961316,0.9911085109448776,0.9201271403633497,1.0,0.9924589058451243,0.9330705526761709,1.0,1.0,1.0,1.0,1.0,1.0,1.0,1.0,1.0,1.0,1.0,0.8111102345747772,0.9508169991396962,0.9820489171748069,1.0,0.991477147786918,0.8104452681693856,0.8078930023366631,0.8263379039952611,1.0,1.0,0.8268635876610865,0.9616601890816076,0.9779127026184975,0.8262884205581205,0.8304032619305557,0.8306297595134796,0.8052140289545912,0.8594217217970905,0.9435262765635342,0.7943078940360717,0.936137440250696,0.8405494860842289,0.9346608355303366,0.9924589058451243,0.9821308855895338,0.9924722884434471,0.9807263457263754,0.7953132982999599,0.7883267802849159,0.941566155406919,0.8565984607167946,0.8031070454935396,0.9729675888000539,0.8800227831254223,0.8900937536976857,0.9843151594896041,0.8835776749754515,0.8425424823944871,1.0,0.7764213297941108,1.0,0.7804207600207289,0.8431759956827038,0.8345090554186027,0.8528554422915577,1.0,1.0,1.0,0.9857017502130504,0.7945378031211083,0.9338695581595158,0.9840426685280671,0.8043573691980235,0.9915611853473034,1.0,0.7946705869951222,0.7897075959518202,0.7905691294590785,0.9886690720818684,0.9520089474038567,0.9821308855895338,0.9886995001056106,0.9522283847057685,0.952031336864875,0.8050449881980384,0.9016962776390408,0.9509803978960598,0.9408664193472869,1.0,0.7391028441074535,0.984079527126021,0.8387990201143444,0.8446267511116061,1.0,1.0,1.0,1.0,1.0,0.8278902786314268,0.8048424441106842,0.7816167325055846,0.7752595287516197,0.7985254882741275,0.847541297606012,0.9868948702203085,0.9339547865078245,0.9823839938710508,0.9591811628226595,1.0,0.7877924472087376,0.8105829868670721,0.961497200100551,0.8240031677958991,0.893131233901777,0.783272956483057,0.7962543279574813,0.9472533965314417,1.0,0.9501574440159466,0.9639259594567311,0.9427526029347209,0.9531251760657004,1.0,0.903633979798018,0.840624941704807,0.8535120588285205,0.94202022370163,0.7913730944446558,0.7770989146230618,0.8780834125369238,0.8485144668951207,0.8464880603109303,1.0,0.9861116639499257,0.9772894525710932,0.9844440944496197,0.8045635128662969,0.8324547064162588,0.9843860086744247,1.0,1.0,1.0
CP031298.1_v1,0.9366827781225407,0.8552261037224218,0.9744549067015632,0.9191104768943537,0.9054806458318116,0.961497200100551,0.0,0.7628923157064742,0.7707053585817817,0.9779139741957791,0.9790380362483885,0.9777876064209385,0.9776889002948972,0.9023864167220977,0.9609424843661074,0.9739939735931071,0.977130337811692,1.0,1.0,0.976647691034074,0.9127235874825566,1.0,1.0,1.0,1.0,1.0,1.0,1.0,1.0,1.0,1.0,1.0,0.9213034229202213,0.8026359676085173,0.8098059221663411,1.0,0.9768022132480836,0.9544371867585248,0.8950378306405598,1.0,0.9766813992587241,0.979377028034565,1.0,0.9913821727114911,0.9773590987579756,0.9399202578622531,0.9770263867765402,0.920890263158347,0.9628729511894994,1.0,0.9163765457982168,0.9154113041020441,0.9170042664923581,1.0,0.9127235874825566,0.976647691034074,0.8025605838818697,0.8004306055694546,0.6975201579629149,0.9488003389397206,0.9079166922180939,0.9558584541812608,0.9128478464141186,0.9391402623492549,0.9700681401834328,0.9475364804654602,0.9721846229627211,0.9579576967379515,0.9659937471295218,0.9719708092283917,1.0,0.982612898151417,0.8482729828336066,0.9039784048050964,0.9921124732998634,0.9895723725568932,1.0,0.9773060468982011,1.0,1.0,0.8030608717659512,0.947996176924855,0.9134973833436821,0.9602335954967512,0.9866735222508509,1.0,1.0,0.941005187166686,0.9085955588446153,0.8873825580453499,0.8126212918569535,0.9529078990647738,0.8354145522389191,0.7545739870947024,0.9889382430611259,0.9531588227833255,0.897354614146474,0.9895723725568932,1.0,0.9898220488058128,1.0,0.9069439757642829,0.9573068745333729,0.9404606732407579,0.8774260164240943,1.0,1.0,1.0,1.0,1.0,0.9151247224062642,0.9275513622575328,0.9230764261642723,0.9402812280152623,0.9553042658433343,0.9758963349579898,0.891730640471517,0.9670785138430134,0.9787349097980778,0.9591908872420767,0.9893625259539798,0.87604184898871,0.9721768122497989,0.24208287359776348,0.9370447503800841,0.9875934684497054,0.9811436955962045,0.9110699965719311,0.9791926331847076,0.9758034197225461,0.9746379105274736,0.9641358240388804,0.9599483239543921,0.9531702139662981,0.841976695835837,0.9430405394234137,0.9870201463539349,0.9870201463539349,0.9594268548794556,0.9394766825901006,0.9393949864956884,0.9369694525005018,0.9882529341951882,1.0,0.8683946252472616,0.812237758050274,0.7903947103724843,0.9644567503379082,0.9247845964524649,0.8523748967029109,1.0,1.0,1.0,1.0
CP040680.1_v1,0.8987740238990019,0.7924323285137373,0.9554663668051908,0.8672803967037529,0.9105929508357904,0.9368059093887487,0.7628923157064742,0.0,0.2728255031731439,0.9786266633613605,0.9801875491451534,0.9772875868319807,0.977244179021887,0.916809727013677,0.9472931641330549,0.9691098862369932,0.9780861287242597,1.0,1.0,0.9786518157005613,0.9117453751122786,1.0,1.0,1.0,1.0,1.0,1.0,1.0,1.0,1.0,1.0,1.0,0.9394532066141543,0.7652675033324589,0.8622713360073345,1.0,0.9784011651345154,0.9278798533078492,0.8805601551671083,0.9919704410063436,0.9782563821193454,0.9781918156295225,0.9919704410063436,0.9869216000706428,0.9787066473200435,0.9228085798856253,0.9595171904028152,0.9060629156403175,0.9581802010474111,1.0,0.9185828635293072,0.8693285868378158,0.9195830838645989,0.9924884250169874,0.9080626482401484,0.9786518157005613,0.8519570968764457,0.8450154772411204,0.8075574163028815,0.9370038781923649,0.8602188716594665,0.9308029666589931,0.8228973005653479,0.9193503524925409,0.9576637709610596,0.9278123156952096,0.9609412534939982,0.9893687582403069,0.9606899285986774,0.9623236543569815,1.0,0.9886124417124361,0.8778677796904535,0.9246887751531194,0.9842611929974623,0.9713191982155289,0.9923055455853127,0.9784908082021069,1.0,1.0,0.8657343894881127,0.9361829522851016,0.9010964757598479,0.9701424715850661,0.958392643011191,1.0,1.0,0.9128474500800843,0.9246062739224786,0.9531814605218175,0.8597449939683273,0.9887790810907824,0.8324068356161795,0.8406959406897346,0.9889382430611259,0.9886995001056106,0.8802741915534441,0.9875450590609761,1.0,0.9879381921367049,1.0,0.9216458524219848,0.9894440675668761,0.8508061211664956,0.7938499708587001,1.0,1.0,0.9848673695888783,1.0,1.0,0.902698902223763,0.880249990421445,0.9055806724828992,0.9224129587094575,0.9357364166288401,0.9666961394669072,0.9217023328087758,0.963894514228113,0.9742058792379784,0.9346388766343703,0.9903496488475586,0.8605722447594292,0.9047276041470819,0.7628923157064742,0.9464788832827946,0.9603435696927131,0.9711873141067309,0.9242857709712039,0.9683537495818141,0.9820837500621182,0.988400696029211,0.955603069818965,0.9466225134671075,0.9439165735000656,0.8711401919887604,0.945770356029369,0.9821212422466248,0.9821212422466248,0.9466372244525426,0.9208054335753582,0.9207301916327276,0.9300984065177662,0.9636479024646997,1.0,0.8597971856098703,0.8455512804095087,0.8524180188447635,0.979937606428778,0.936585441673118,0.8075980858999685,1.0,1.0,1.0,1.0
CP046867.1_v1,0.8987740238990019,0.8026580911430349,0.9554663668051908,0.8672803967037529,0.9105929508357904,0.9368059093887487,0.7707053585817817,0.2728255031731439,0.0,0.9786266633613605,0.9801875491451534,0.9772875868319807,0.977244179021887,0.916809727013677,0.9472931641330549,0.9691098862369932,0.9780861287242597,1.0,1.0,0.9786518157005613,0.9117453751122786,1.0,1.0,1.0,1.0,1.0,1.0,1.0,1.0,1.0,1.0,1.0,0.9394532066141543,0.7740993113981047,0.8701696170290334,1.0,0.9784011651345154,0.9278798533078492,0.8805601551671083,0.9919704410063436,0.9782563821193454,0.9781918156295225,0.9919704410063436,0.9869216000706428,0.9787066473200435,0.9228085798856253,0.9595171904028152,0.9060629156403175,0.9581802010474111,1.0,0.9185828635293072,0.8693285868378158,0.9195830838645989,0.9924884250169874,0.9080626482401484,0.9786518157005613,0.8603247058798177,0.8528323326852759,0.8156999740572102,0.9370038781923649,0.8602188716594665,0.9308029666589931,0.8228973005653479,0.9193503524925409,0.9576637709610596,0.9278123156952096,0.9609412534939982,0.9893687582403069,0.9606899285986774,0.9623236543569815,1.0,0.9886124417124361,0.8856808225657609,0.9246887751531194,0.9842611929974623,0.9713191982155289,0.9923055455853127,0.9784908082021069,1.0,1.0,0.873521388887169,0.9361829522851016,0.9010964757598479,0.9853816698159844,0.958392643011191,1.0,1.0,0.9135165799962223,0.9246062739224786,0.9531814605218175,0.8597449939683273,0.9887790810907824,0.8324068356161795,0.8485942217114335,0.9889382430611259,0.9886995001056106,0.8802741915534441,0.9875450590609761,1.0,0.9879381921367049,1.0,0.9216458524219848,0.9894440675668761,0.8508061211664956,0.7938499708587001,1.0,1.0,0.9848673695888783,1.0,1.0,0.902698902223763,0.880249990421445,0.9055806724828992,0.9224129587094575,0.9357364166288401,0.9666961394669072,0.9217023328087758,0.963894514228113,0.9742058792379784,0.9346388766343703,0.9903496488475586,0.8605722447594292,0.9047276041470819,0.7707053585817817,0.9464788832827946,0.9603435696927131,0.9711873141067309,0.9242857709712039,0.9683537495818141,0.9820837500621182,0.988400696029211,0.955603069818965,0.9466225134671075,0.9439165735000656,0.8788709923074856,0.945770356029369,0.9821212422466248,0.9821212422466248,0.9466372244525426,0.9208054335753582,0.9207301916327276,0.9300984065177662,0.9636479024646997,1.0,0.8678569561549243,0.8455512804095087,0.8603133042766531,0.979937606428778,0.936585441673118,0.8075980858999685,1.0,1.0,1.0,1.0
CP050016.1_v1,0.9843859652152597,0.9784423262898216,0.973519510235408,0.9866616949814567,0.9843859652152597,1.0,0.9779139741957791,0.9786266633613605,0.9786266633613605,0.0,0.7168834641112947,0.9073783605363764,0.9004290775606517,1.0,1.0,0.9923886472039298,0.9095390645047229,0.9375438608610389,1.0,0.894474852497518,1.0,1.0,1.0,1.0,1.0,1.0,1.0,1.0,0.9920308485682172,0.9220411169443841,1.0,0.9924336847944392,1.0,0.9708134741234417,0.9313628418604825,1.0,0.9134342974002996,1.0,0.9923886472039298,1.0,0.911735730468477,0.9344073702018506,1.0,1.0,0.9294654970902132,1.0,1.0,0.9914081300226011,1.0,1.0,0.9923886472039298,1.0,1.0,1.0,1.0,0.894474852497518,0.9309377768739666,0.9784773228660734,0.9780245252373398,1.0,1.0,1.0,1.0,1.0,1.0,0.9898246105856251,0.9903899099975347,1.0,1.0,1.0,1.0,1.0,0.9889641483297364,1.0,1.0,1.0,1.0,0.8993533474640429,1.0,1.0,0.9775953363057464,1.0,1.0,1.0,1.0,0.9905696532571469,0.9904096954769517,1.0,1.0,1.0,0.9788676730446144,0.9837637121504034,0.9774607859812213,0.9774370932474993,0.9862974487429413,0.991803158527309,1.0,0.9687087157147918,1.0,1.0,0.9783887321222542,0.984322750499532,1.0,1.0,1.0,1.0,1.0,1.0,1.0,1.0,1.0,1.0,1.0,1.0,1.0,1.0,0.9910825570791604,1.0,1.0,1.0,1.0,0.9923886472039298,1.0,0.9779139741957791,1.0,1.0,1.0,1.0,1.0,1.0,0.9924722884434471,0.991803158527309,1.0,0.9808323333351759,0.965503965967945,1.0,1.0,1.0,1.0,1.0,1.0,1.0,1.0,1.0,0.9787220689878116,0.962061947807009,0.9291563952771793,1.0,0.9923886472039298,1.0,1.0,1.0,1.0,1.0
CP050017.1_v1,1.0,0.9799405873573821,1.0,1.0,0.9713738511608041,1.0,0.9790380362483885,0.9801875491451534,0.9801875491451534,0.7168834641112947,0.0,0.918056477365472,0.9106626482542033,1.0,0.9918932337083277,1.0,0.903722445599284,1.0,1.0,0.91798248879659,1.0,1.0,1.0,1.0,1.0,1.0,1.0,1.0,0.992063967119622,0.9839215801881832,1.0,1.0,1.0,0.9713742259922699,0.9782137644502936,1.0,0.9105518310436637,1.0,1.0,1.0,0.9017723840547303,0.9297609885895081,1.0,1.0,0.9264471720590497,1.0,1.0,0.991803158527309,1.0,1.0,1.0,1.0,1.0,1.0,1.0,0.91798248879659,0.9806458813678638,0.9798799671658759,0.9792221739515873,1.0,1.0,1.0,1.0,1.0,1.0,0.9892593111737153,0.9901072602915799,0.97409918535305,1.0,1.0,1.0,1.0,0.9783722672338607,1.0,1.0,1.0,1.0,0.9120142488732055,1.0,1.0,0.9788557082930509,1.0,1.0,1.0,1.0,0.9834489265556523,0.9828164757767884,1.0,1.0,1.0,0.976126180358038,1.0,0.9547153748480413,0.9550155247936221,1.0,1.0,1.0,1.0,1.0,1.0,1.0,1.0,1.0,0.9921634592513834,1.0,1.0,1.0,1.0,1.0,1.0,1.0,1.0,1.0,1.0,1.0,1.0,0.9916230081652719,0.9916230081652719,0.9926160684254272,1.0,0.9709176197514318,1.0,1.0,0.9790380362483885,1.0,1.0,1.0,1.0,1.0,1.0,0.9914422912926623,1.0,0.9918932337083277,1.0,0.9793703244865579,1.0,1.0,1.0,0.9916230081652719,1.0,1.0,1.0,1.0,1.0,0.9789242246754759,0.9629943161833423,0.9791821407062572,1.0,1.0,1.0,1.0,1.0,1.0,1.0
CP119561.1_v1,1.0,0.9777283624316212,1.0,1.0,1.0,1.0,0.9777876064209385,0.9772875868319807,0.9772875868319807,0.9073783605363764,0.918056477365472,0.0,0.7729629124871416,1.0,1.0,1.0,0.8168346249827678,1.0,1.0,0.9071708674106447,1.0,1.0,1.0,1.0,1.0,1.0,1.0,1.0,1.0,0.9496277384253657,1.0,0.9922910657578264,1.0,0.9776449548293464,0.9783147053025035,1.0,0.9191270305727639,1.0,1.0,1.0,0.9091168282566064,0.9288905550214341,1.0,1.0,0.9287016776720234,1.0,1.0,1.0,1.0,1.0,1.0,1.0,1.0,1.0,1.0,0.9071708674106447,0.9792945481714468,0.9789434044019228,0.9783145399054706,1.0,1.0,1.0,1.0,1.0,1.0,0.9916485011410319,1.0,1.0,1.0,1.0,1.0,1.0,0.988702237017799,1.0,1.0,1.0,1.0,0.899745957801593,1.0,1.0,0.9778998400655541,1.0,1.0,1.0,1.0,0.9901874349677883,0.9826496769202897,1.0,1.0,1.0,0.9366180882377549,0.9586734112936153,0.9783747946314808,0.9784540888993443,1.0,0.9494546627122202,1.0,1.0,1.0,1.0,0.9925412627357505,1.0,1.0,1.0,1.0,1.0,1.0,1.0,1.0,0.9902595974707634,0.9829676021346683,1.0,1.0,1.0,1.0,1.0,0.9795078963182727,1.0,1.0,1.0,1.0,1.0,1.0,0.9777876064209385,1.0,1.0,1.0,0.9910431864702384,1.0,1.0,1.0,0.9749956927191231,1.0,0.9749458093119134,0.9793092933078164,1.0,0.9925294609362817,0.9923738247057876,1.0,1.0,1.0,1.0,1.0,1.0,0.9788828944347286,0.9791233076715117,0.9786027287823862,0.9837831116746174,1.0,1.0,1.0,1.0,1.0,1.0
CP119562.1_v1,1.0,0.9776846847683563,1.0,1.0,1.0,0.9909695814283913,0.9776889002948972,0.977244179021887,0.977244179021887,0.9004290775606517,0.9106626482542033,0.7729629124871416,0.0,1.0,1.0,1.0,0.6822086108494251,0.979232794386459,1.0,0.8933178578997863,1.0,1.0,1.0,1.0,1.0,1.0,1.0,1.0,0.9872462703865589,0.9842429649359922,1.0,1.0,0.9811909946603699,0.9776569340804667,0.9709677728436323,1.0,0.8575516054448005,0.992491746179296,1.0,1.0,0.8625987657786871,0.8488715021993177,1.0,1.0,0.8918527093637331,1.0,1.0,1.0,1.0,1.0,1.0,1.0,1.0,1.0,1.0,0.8520359761180449,0.9792435420012641,0.9789532228351583,0.9782610292992739,1.0,1.0,1.0,1.0,1.0,1.0,1.0,1.0,1.0,1.0,1.0,1.0,0.962615419774147,0.9886488576605013,1.0,0.9923487053807327,0.9923496146254884,1.0,0.8365073520969913,1.0,1.0,0.977878193477158,1.0,1.0,1.0,0.9924471960715919,0.9906603296681358,0.9903566570909519,1.0,1.0,1.0,0.9789949174118591,1.0,0.9783866328457695,0.9782927236279996,1.0,1.0,1.0,0.9778633546318596,1.0,1.0,1.0,1.0,1.0,1.0,1.0,1.0,1.0,1.0,1.0,1.0,1.0,1.0,1.0,0.9925697696002945,0.9924058674591246,1.0,1.0,0.992340656328797,0.9794258415300845,1.0,1.0,1.0,1.0,0.9776889002948972,1.0,0.986981487072785,1.0,0.9884279885091423,1.0,1.0,1.0,1.0,1.0,1.0,0.9793211486351162,0.9745604272397617,1.0,1.0,1.0,1.0,1.0,1.0,1.0,0.9923496146254884,0.9788611905296818,0.9790644164128106,0.9698816707038836,1.0,1.0,1.0,1.0,1.0,1.0,1.0
CP119781.1_v1,0.6235243181226904,0.8933760815272367,0.9685114276153182,0.8035996532459451,0.704908323617764,0.7877738690040871,0.9023864167220977,0.916809727013677,0.916809727013677,1.0,1.0,1.0,1.0,0.0,0.8859367295151921,0.8180141817462182,1.0,0.9027973413673877,1.0,1.0,0.8388992209201347,1.0,1.0,1.0,1.0,1.0,1.0,1.0,1.0,1.0,1.0,1.0,0.7252239015026496,0.8836782459027483,0.9539817102814453,1.0,1.0,0.6300089442615684,0.7393823646953275,0.7902690676072065,1.0,0.9885920247545024,0.7907691156073691,0.9608372093671184,1.0,0.7428188776771456,0.8845840754698184,0.7883592648381194,0.770929583196041,0.8670605345350637,0.8365442154724855,0.7905682944956334,0.8210324335950806,0.8511060884273715,0.8405561216739129,1.0,0.9615806840745763,0.9485320762793295,0.9255538093557881,0.6617703610915803,0.738708506576018,0.8597473843441393,0.810145093834912,0.7065731007297659,0.9744373733918126,0.8575525948090146,0.8694722969141102,0.9668197121848409,0.8813079068185611,0.8096745090216106,1.0,0.7795971495538633,0.984828381067796,0.5985246083197616,0.7835845824099051,0.773623167915324,0.8181971239967334,1.0,1.0,1.0,0.9638297510806209,0.556984704357046,0.8388237131790224,0.9720714522580661,0.779133079986907,1.0,1.0,0.7286956299398641,0.7044211924699476,0.7233426155499336,0.973141023539259,0.935593229183463,0.9789567688873454,0.9305689473211942,0.9512956512850669,0.9365008943729178,0.7428617880748973,0.8705297723482855,0.9312866563207542,0.9396020294014936,1.0,0.6131807706089081,0.9453886493977407,0.7786069004768256,0.8293185577779703,1.0,1.0,0.981996223193911,1.0,0.9870021513790187,0.7415657747692521,0.7852616243418507,0.631764827888407,0.6990952623320067,0.6670608772527828,0.8753014273263131,0.9779384730282317,0.8809461005131434,0.9802178848628363,0.9784164641360572,1.0,0.7175262028529699,0.8013896721445474,0.9024105902531059,0.7552788396135984,0.8928784170988814,0.8121502094587294,0.6961132180208894,0.9499364861083199,1.0,0.9443703043911674,0.9485655976506701,0.8834558876042465,0.945653791099271,0.9801864954365573,0.9118652580062958,0.8767059426562455,0.8780794932674628,0.8791653591175685,0.652648516065045,0.6344641818621063,0.8562393836298623,0.8562717486143656,0.8086073190385608,0.9834699622245907,0.961861996010806,0.9422870594337627,0.9670543797822351,0.6231464805802875,0.7276892365012226,0.984472866226637,1.0,1.0,1.0
CP119793.1_v1,0.928012139952624,0.9339600021631874,0.9654974966918414,0.9696152553866152,0.9626291005709561,0.9435305660340211,0.9609424843661074,0.9472931641330549,0.9472931641330549,1.0,0.9918932337083277,1.0,1.0,0.8859367295151921,0.0,0.9612443105610895,1.0,0.9748267108365827,1.0,1.0,0.9668454279026809,1.0,1.0,1.0,1.0,1.0,1.0,1.0,1.0,1.0,1.0,1.0,0.9202256239818684,0.9254535257435168,0.9922549529391896,1.0,0.9921757422306132,0.8703508800117894,0.9759978471078559,0.9618335194683659,0.9921757422306132,0.9898595775595577,0.9619465360370405,0.8866666615297495,1.0,0.9268361251368872,0.9836454281177528,0.9593402110810896,0.9326253413090535,0.9610752211931173,0.9597911986637195,0.9654442058927288,0.9625884141262893,0.9748874070269234,0.9668454279026809,1.0,0.9920613267626694,0.976504868229878,0.960115185145155,0.9132574363408956,0.9654142455537003,0.9684794187004704,0.9475661669218893,0.9289881865210089,1.0,0.951728401512768,0.9760609964639008,1.0,1.0,0.9559105023068583,1.0,0.9619354033952129,1.0,0.9267474435349401,0.9747579672008742,0.9617569439214653,0.9748267108365827,1.0,1.0,1.0,1.0,0.8726574336313402,0.9668454279026809,1.0,0.9537395850657746,1.0,1.0,0.928340384090707,0.9288192557081179,0.9394781578836072,1.0,0.8622565477682481,0.9839663807387424,1.0,0.8627026732423595,0.9207297932810506,0.9756308243553473,0.9617569439214653,0.9446064286123166,1.0,1.0,0.9194760335504522,0.9850251855200665,0.9459855630333194,0.9468655559169133,1.0,1.0,0.9921124732998634,1.0,1.0,0.9220911142011967,0.9837753240952922,0.9276912885139528,0.9269671937839442,0.9281148440675202,1.0,1.0,0.7105249204298203,1.0,1.0,0.9799461389440515,0.9654142455537003,0.9187627670804064,0.9609424843661074,0.9455867558649035,0.9919273530950772,0.9391433735573318,0.8863231776620444,0.8918744172260686,1.0,0.8348849470760666,0.9738995311001157,0.3013938145125845,0.9739640731589558,0.9893768934513926,0.9920043080113015,1.0,1.0,0.3622581959790778,0.9317047585386102,0.9267702051436792,0.9817203181316981,0.9613966158668881,0.9662484273602642,1.0,0.9924551800080913,0.9810411224622153,1.0,0.9283415826556973,0.9391195530885255,1.0,1.0,1.0,1.0
CP119808.1_v1,0.8062255888714832,0.9703109211475112,0.9908195375505862,0.8431261041313205,0.8400011784585335,0.7787196498961316,0.9739939735931071,0.9691098862369932,0.9691098862369932,0.9923886472039298,1.0,1.0,1.0,0.8180141817462182,0.9612443105610895,0.0,1.0,0.9190039901395645,1.0,1.0,0.9562864227139282,1.0,1.0,1.0,1.0,1.0,1.0,1.0,1.0,1.0,1.0,1.0,0.8125021545085762,0.9568797222401102,0.9879378233304714,1.0,0.9926228426745781,0.8128259246091143,0.8156353175424342,0.8214457358481151,1.0,1.0,0.8217963516022952,0.9618497292467111,0.992234571236398,0.8592828058813891,0.8918630333782805,0.8522000752007849,0.8138385208485629,0.8597729361311344,0.9414869109797569,0.8369120656515519,0.9641680491559663,0.8322620431538246,0.9578568601878628,1.0,0.9904781052065358,0.9780306353694727,0.978611831816448,0.8148915668971795,0.8383001099596428,0.9743525874412238,0.8658770377321185,0.8120304065800251,0.9751130842907537,0.882243083779935,0.8791210858624987,0.9763972213384978,0.8618208451752464,0.8218588888832072,1.0,0.7677855328713438,0.9908616294392297,0.8115318815164192,0.8426500444551891,0.8159739285384988,0.853306735640287,1.0,1.0,1.0,0.9881126374851023,0.8169845430014948,0.9562864227139282,0.9734682993675345,0.7984554659683853,1.0,1.0,0.8272644352712033,0.8262266695820828,0.8122884078450021,0.9882570072518896,0.9635618763847386,0.9882267064696492,0.9879663391145601,0.9638374063081233,0.9636307883741592,0.8381758758782094,0.8914223831410047,0.9133749847577891,0.9187099554773137,0.9522909170245166,0.8162667015243087,0.9841852858724249,0.8571968893340034,0.8732292320714056,1.0,1.0,1.0,1.0,1.0,0.8204653205525827,0.8385841545415011,0.8057293895128759,0.7974965652187282,0.8070025018145166,0.849051849973714,0.959587870422861,0.9606369640225684,0.982273212697048,0.9810859098414082,1.0,0.8148184485222121,0.8132710464023403,0.9739939735931071,0.8184315846390182,0.8822675746082729,0.8204034376091756,0.8329532441756562,0.9620790966346079,1.0,0.9623757198976421,0.9755123595765909,0.9609412248772096,0.9755685693872799,0.9906784756275677,0.9037424659380788,0.7919198494836046,0.7850515875170994,0.9609784964259545,0.8224251241055263,0.8077649336597923,0.8942694063236448,0.8458116443896347,0.8368620256126407,0.9881107134299413,0.9882267064696492,0.9905069138293021,0.9844125231237434,0.7931718089123961,0.8587983997827721,0.9844410499068285,1.0,1.0,1.0
CP126163.1_v1,1.0,0.9773501994483625,0.9924978061097405,1.0,1.0,0.9911085109448776,0.977130337811692,0.9780861287242597,0.9780861287242597,0.9095390645047229,0.903722445599284,0.8168346249827678,0.6822086108494251,1.0,1.0,1.0,0.0,0.9889487290262309,1.0,0.9099057909793093,1.0,1.0,1.0,1.0,1.0,1.0,1.0,1.0,1.0,0.984191805731239,1.0,1.0,0.9834678143569229,0.9779086283265405,0.9771713485159902,1.0,0.843669322895634,1.0,1.0,1.0,0.8778355114813653,0.8850483946644938,1.0,1.0,0.8922953481513792,1.0,1.0,1.0,1.0,1.0,1.0,0.979764505845593,1.0,1.0,1.0,0.8662116710804064,0.9778907008275393,0.9778654720347845,0.9770061768744175,1.0,1.0,1.0,1.0,0.980380368711162,1.0,1.0,0.9823599279219192,1.0,1.0,1.0,1.0,0.9563904756618236,0.988738314999429,1.0,1.0,1.0,1.0,0.8525107661770045,1.0,1.0,0.9766156934279178,1.0,1.0,1.0,1.0,0.9914041972166914,0.9908062453752251,1.0,1.0,1.0,0.9695428888544613,1.0,0.9776441082770596,0.9685221321584145,1.0,1.0,1.0,0.9889487290262309,1.0,1.0,1.0,1.0,1.0,1.0,1.0,0.9920570429977021,1.0,1.0,1.0,1.0,1.0,1.0,1.0,1.0,1.0,1.0,1.0,1.0,0.9817479411484209,1.0,1.0,1.0,1.0,0.9770617799780771,1.0,1.0,1.0,1.0,1.0,1.0,1.0,1.0,1.0,1.0,0.9788044897184287,0.979334729195473,1.0,1.0,1.0,1.0,1.0,1.0,1.0,1.0,0.9781391783663437,0.9784413002956178,0.9613133716781995,1.0,1.0,1.0,1.0,1.0,1.0,1.0
NC_002608.1_v1,0.8093837173421599,0.9548722028607954,0.90344241104121,0.8820406201074982,0.845049667787544,0.9201271403633497,1.0,1.0,1.0,0.9375438608610389,1.0,1.0,0.979232794386459,0.9027973413673877,0.9748267108365827,0.9190039901395645,0.9889487290262309,0.0,1.0,0.9493017979863898,0.9830727039958149,1.0,0.9924978061097405,1.0,1.0,0.9924978061097405,1.0,1.0,1.0,1.0,1.0,1.0,0.9082532571341131,1.0,1.0,1.0,1.0,0.9078946618868156,0.9457694149703653,0.9050085873901463,0.9730707384050054,1.0,0.905165204928216,0.9748414823262289,1.0,0.8918239296428023,0.9585144695931698,0.9372594438356945,0.9143347061166688,0.9342054153158884,0.9830027353810364,0.9451121790828393,0.9830368856542351,0.91930815049973,0.9830727039958149,0.9493017979863898,1.0,1.0,1.0,0.8992936531447828,0.9462262018179309,0.9831534097525254,0.9460496165568544,0.908133603103871,0.9922076779766107,0.9511982306296534,0.9510019448327333,0.9915671650108209,0.9532342280431231,0.9246383256905597,1.0,0.9078308973820784,1.0,0.9025876921746412,0.9107043490331479,0.8928853427890729,0.8929843650350517,1.0,1.0,1.0,1.0,0.902973292975687,0.9830727039958149,0.9844866390549761,0.9184195245851637,1.0,1.0,0.9167393124549905,0.9108147679571101,0.9163548881452115,1.0,0.9771092730462728,1.0,1.0,0.9155649625629678,0.9770711203872275,0.935996083127441,0.43709765000770484,0.9668627454654085,0.945431403624264,1.0,0.7926668502715604,0.9917842062926902,0.9361474444330548,0.9458625341222836,1.0,1.0,1.0,1.0,1.0,0.8995432337129468,0.9357192100975551,0.9104643075689149,0.8998096980905308,0.9000173676760335,0.9512925090116013,1.0,0.9747308916956042,0.992324427909178,0.991989692631044,1.0,0.9457985483192777,0.9199833634944264,1.0,0.9215812052764408,0.9530319947816475,0.9240863800954191,0.9218720881023772,0.9753992703011835,1.0,0.9753545588588882,0.9915149883192848,0.9747792123876677,0.9915249367540846,1.0,0.9606872953899996,0.9330904453515234,0.9480614073271089,0.9750034638080463,0.907960605714478,0.900291696404435,0.9589477689513087,0.93376767509212,0.89899443075187,1.0,1.0,1.0,0.99196241144735,0.9077310376899097,0.9456546365558911,0.9844733875356699,1.0,1.0,1.0
NC_004852.1_v1,1.0,1.0,1.0,1.0,1.0,1.0,1.0,1.0,1.0,1.0,1.0,1.0,1.0,1.0,1.0,1.0,1.0,1.0,0.0,1.0,1.0,0.696203913051985,0.8863855526990224,0.8973283620290415,0.7490742873455825,0.9467742844142605,0.7727542959623177,0.9448384387934025,1.0,1.0,1.0,1.0,1.0,1.0,1.0,0.9691002637431255,1.0,1.0,1.0,1.0,1.0,1.0,1.0,0.9923886472039298,1.0,1.0,1.0,1.0,1.0,1.0,1.0,1.0,1.0,1.0,1.0,1.0,1.0,1.0,1.0,1.0,1.0,1.0,1.0,1.0,1.0,1.0,1.0,1.0,1.0,1.0,1.0,1.0,1.0,1.0,1.0,1.0,1.0,1.0,0.9114816721066178,0.959863979939461,1.0,1.0,1.0,1.0,1.0,1.0,1.0,1.0,1.0,1.0,1.0,1.0,1.0,1.0,1.0,1.0,1.0,1.0,1.0,1.0,1.0,1.0,1.0,1.0,1.0,1.0,1.0,1.0,1.0,1.0,1.0,1.0,1.0,1.0,1.0,1.0,1.0,1.0,1.0,1.0,1.0,1.0,1.0,1.0,1.0,1.0,1.0,1.0,1.0,1.0,1.0,1.0,1.0,1.0,1.0,1.0,1.0,1.0,0.9920442421000353,1.0,1.0,1.0,1.0,1.0,1.0,1.0,1.0,1.0,1.0,1.0,1.0,0.9917019629535722,1.0,1.0
NC_006393.1_v1,0.987420271570189,0.9775618311212457,0.9772479323324971,0.9834561131532862,0.987420271570189,0.9924589058451243,0.976647691034074,0.9786518157005613,0.9786518157005613,0.894474852497518,0.91798248879659,0.9071708674106447,0.8933178578997863,1.0,1.0,1.0,0.9099057909793093,0.9493017979863898,1.0,0.0,1.0,1.0,1.0,1.0,1.0,1.0,1.0,1.0,1.0,0.9848971582314199,1.0,1.0,1.0,0.9786713253514884,0.9780020077261706,1.0,0.7390867001585862,1.0,1.0,0.9719973547767334,0.7240390947716415,0.7856032412285252,0.9719973547767334,1.0,0.7756322780412815,1.0,0.9747563178199103,1.0,1.0,1.0,1.0,1.0,1.0,1.0,1.0,0.21820603737802569,0.9787030248293905,0.9786760033654244,0.970765977340315,1.0,1.0,1.0,1.0,1.0,1.0,1.0,1.0,1.0,0.9910506616052259,0.9908547636461713,1.0,1.0,0.9889789146540789,0.9913717458182201,1.0,1.0,1.0,0.759514855096967,1.0,1.0,0.9769722186948924,1.0,1.0,0.9800995043748605,1.0,0.9921473007265442,0.9921829349661982,1.0,1.0,1.0,0.9708267427209736,1.0,0.977032685228401,0.9777225957426182,0.9591471315858268,1.0,1.0,0.9746508989931949,1.0,1.0,1.0,0.9872938421387336,1.0,1.0,1.0,1.0,1.0,1.0,0.9899161158861141,1.0,0.9710257945955041,1.0,1.0,1.0,1.0,1.0,1.0,0.991803158527309,1.0,1.0,1.0,1.0,0.9775059878811282,0.976647691034074,0.9862053155703494,1.0,1.0,1.0,1.0,1.0,1.0,1.0,1.0,1.0,0.979354472900503,1.0,1.0,1.0,1.0,1.0,1.0,1.0,1.0,1.0,0.9784808464621682,0.9790428798063381,0.9714849464867911,1.0,1.0,1.0,0.9902699363813381,1.0,1.0,1.0
NC_006394.1_v1,0.8471421204151871,0.9743723869232457,0.9872583751365102,0.9153551969650935,0.8719073464450499,0.9330705526761709,0.9127235874825566,0.9117453751122786,0.9117453751122786,1.0,1.0,1.0,1.0,0.8388992209201347,0.9668454279026809,0.9562864227139282,1.0,0.9830727039958149,1.0,1.0,0.0,1.0,1.0,1.0,1.0,1.0,1.0,1.0,1.0,1.0,1.0,1.0,0.9226787336844465,0.8882293495051111,0.9612473932573105,1.0,0.9924336847944392,0.9212425928914924,0.8407190228157255,0.9655923100433254,1.0,0.9903665986815797,0.965638731932928,0.9876264240189315,1.0,0.913286813324226,0.9712508865269633,0.9138660677915862,0.951312425894501,0.974322099465756,0.5688992127034604,0.8953779259365975,0.5820728760183829,0.9740084353387387,0.27975345623086223,1.0,0.9476362807111245,0.9604137270841835,0.9284052726086083,0.8986757884019758,0.8624821888598501,0.4966094440962092,0.9199688907365079,0.9305528271190082,0.914768948668544,0.938261810693984,0.9639780737871873,0.9552088305015403,0.9607181186771722,0.9626958606369139,1.0,0.9246929841921536,0.9783244813613579,0.8471121753658177,0.9514535342650218,0.9553719423218537,0.9738797286876064,1.0,1.0,1.0,0.9655089902750326,0.8724984094655858,0.30700168982166454,0.9529460501560119,0.9430852377598363,0.9829534712736073,0.9825650639281021,0.9268091928336634,0.9117446334543506,0.9053335776615752,0.9734409494397535,0.9736462733448554,0.9793333084911439,0.9372001757401326,0.9878686746204174,0.9734432071118042,0.8622159731103725,0.9750807835599412,0.9920295012898686,0.9556641047096376,0.9810301668774867,0.8620220048871334,0.9432663226871252,0.8758342641938258,0.8911110732287884,1.0,0.9911022069877596,0.981996223193911,1.0,0.9870021513790187,0.9405905052144167,0.9025528313136792,0.8533441762431477,0.9012385428470663,0.8898393150544684,0.9481990868368031,0.9740043027580374,0.9572996869382898,0.9734021371167673,0.9451749861510046,0.99049261701278,0.8211575795371828,0.9596719035408225,0.9127235874825566,0.9353701552218672,0.9719786377313798,0.9739574942800275,0.9111514958696707,0.9887774787890675,0.9903312798727701,0.9832883871604845,0.9117065405250884,0.967098938463692,0.9015715236916554,0.9905536400101306,0.971547721794486,0.971743261875448,0.9806328573956922,0.9590670349629196,0.88439155791409,0.8738388876650602,0.925276328067384,0.9741706001435504,0.9645499681899902,0.9923496146254884,0.9478303276302653,0.9613280269117226,0.9656661477697048,0.8252963493667804,0.8433988514642982,0.9728692845494833,1.0,1.0,1.0
NC_006422.1_v1,1.0,1.0,1.0,1.0,1.0,1.0,1.0,1.0,1.0,1.0,1.0,1.0,1.0,1.0,1.0,1.0,1.0,1.0,0.696203913051985,1.0,1.0,0.0,0.9218107391751287,0.9358740605184707,0.7083134357808654,0.9221026710153302,0.7295098376821125,0.9424710459013449,1.0,1.0,1.0,1.0,1.0,1.0,1.0,0.9797738513905161,1.0,1.0,1.0,1.0,1.0,1.0,1.0,1.0,1.0,1.0,1.0,1.0,1.0,1.0,1.0,1.0,1.0,1.0,1.0,1.0,1.0,1.0,1.0,1.0,1.0,1.0,1.0,1.0,1.0,1.0,1.0,1.0,1.0,1.0,1.0,1.0,1.0,1.0,1.0,1.0,1.0,1.0,0.9400468649251723,0.9655975251437208,1.0,1.0,1.0,1.0,1.0,1.0,1.0,1.0,1.0,1.0,1.0,1.0,1.0,1.0,1.0,1.0,1.0,1.0,1.0,1.0,1.0,1.0,1.0,1.0,1.0,1.0,1.0,1.0,1.0,1.0,1.0,1.0,1.0,1.0,1.0,1.0,1.0,1.0,1.0,1.0,1.0,1.0,1.0,1.0,1.0,1.0,1.0,1.0,1.0,1.0,1.0,1.0,1.0,1.0,1.0,1.0,1.0,1.0,1.0,1.0,1.0,1.0,1.0,1.0,1.0,1.0,1.0,1.0,1.0,1.0,1.0,0.9917125856933567,1.0,1.0
NC_006423.1_v1,1.0,1.0,1.0,1.0,1.0,1.0,1.0,1.0,1.0,1.0,1.0,1.0,1.0,1.0,1.0,1.0,1.0,0.9924978061097405,0.8863855526990224,1.0,1.0,0.9218107391751287,0.0,0.5395368670451396,0.8298806548625075,0.7837025787277732,0.8303574601407413,0.7687423725641447,1.0,1.0,1.0,1.0,1.0,1.0,1.0,0.8247591613464309,1.0,1.0,1.0,1.0,1.0,1.0,1.0,1.0,1.0,1.0,1.0,1.0,1.0,1.0,1.0,1.0,1.0,1.0,1.0,1.0,1.0,1.0,1.0,1.0,1.0,1.0,1.0,1.0,1.0,1.0,1.0,1.0,1.0,1.0,1.0,1.0,1.0,1.0,1.0,1.0,1.0,1.0,0.8298925958958145,0.9472739152858644,1.0,1.0,1.0,1.0,1.0,1.0,1.0,1.0,1.0,1.0,1.0,1.0,1.0,1.0,1.0,1.0,1.0,1.0,1.0,1.0,1.0,1.0,1.0,1.0,1.0,1.0,1.0,1.0,1.0,1.0,1.0,1.0,1.0,1.0,1.0,1.0,1.0,1.0,1.0,1.0,1.0,1.0,1.0,1.0,1.0,1.0,1.0,1.0,1.0,1.0,1.0,1.0,1.0,1.0,1.0,1.0,1.0,1.0,1.0,1.0,1.0,1.0,1.0,1.0,1.0,1.0,1.0,1.0,1.0,1.0,1.0,1.0,1.0,1.0
NC_006424.1_v1,1.0,1.0,1.0,1.0,1.0,1.0,1.0,1.0,1.0,1.0,1.0,1.0,1.0,1.0,1.0,1.0,1.0,1.0,0.8973283620290415,1.0,1.0,0.9358740605184707,0.5395368670451396,0.0,0.8656315080738965,0.8433431258419177,0.8517279178608562,0.7816463301001662,1.0,1.0,1.0,1.0,1.0,1.0,1.0,0.8216284710733417,1.0,1.0,1.0,1.0,1.0,1.0,1.0,1.0,1.0,1.0,1.0,1.0,1.0,1.0,1.0,1.0,1.0,1.0,1.0,1.0,1.0,1.0,1.0,1.0,1.0,1.0,1.0,1.0,1.0,1.0,1.0,1.0,1.0,1.0,1.0,1.0,1.0,1.0,1.0,1.0,1.0,1.0,0.8490990486037179,0.9469646897097832,1.0,1.0,1.0,1.0,1.0,1.0,1.0,1.0,1.0,1.0,1.0,1.0,1.0,1.0,1.0,1.0,1.0,1.0,1.0,1.0,1.0,1.0,1.0,1.0,1.0,1.0,1.0,1.0,1.0,1.0,1.0,1.0,1.0,1.0,1.0,1.0,1.0,1.0,1.0,1.0,1.0,1.0,1.0,1.0,1.0,1.0,1.0,1.0,1.0,1.0,1.0,1.0,1.0,1.0,1.0,1.0,1.0,1.0,1.0,1.0,1.0,1.0,1.0,1.0,1.0,1.0,1.0,1.0,1.0,1.0,1.0,1.0,1.0,1.0
NC_006425.1_v1,1.0,1.0,1.0,1.0,1.0,1.0,1.0,1.0,1.0,1.0,1.0,1.0,1.0,1.0,1.0,1.0,1.0,1.0,0.7490742873455825,1.0,1.0,0.7083134357808654,0.8298806548625075,0.8656315080738965,0.0,0.8208361601131123,0.5999136892962513,0.9440654146104127,1.0,1.0,1.0,1.0,1.0,1.0,1.0,0.9644444223193872,1.0,1.0,1.0,1.0,1.0,1.0,1.0,1.0,1.0,1.0,1.0,1.0,1.0,1.0,1.0,1.0,1.0,1.0,1.0,1.0,1.0,1.0,1.0,1.0,1.0,1.0,1.0,1.0,1.0,1.0,1.0,1.0,1.0,1.0,1.0,1.0,1.0,1.0,1.0,1.0,1.0,1.0,0.9178706612737574,0.9491791979498246,1.0,1.0,1.0,1.0,1.0,1.0,1.0,1.0,1.0,1.0,1.0,1.0,1.0,1.0,1.0,1.0,1.0,1.0,1.0,1.0,1.0,1.0,1.0,1.0,1.0,1.0,1.0,1.0,1.0,1.0,1.0,1.0,1.0,1.0,1.0,1.0,1.0,1.0,1.0,1.0,1.0,1.0,1.0,1.0,1.0,1.0,0.9926015521772465,1.0,1.0,1.0,1.0,1.0,1.0,1.0,1.0,1.0,1.0,1.0,1.0,1.0,1.0,1.0,1.0,1.0,1.0,1.0,1.0,1.0,1.0,1.0,1.0,0.9916886775011542,1.0,1.0
NC_010597.1_v1,1.0,1.0,1.0,1.0,1.0,1.0,1.0,1.0,1.0,1.0,1.0,1.0,1.0,1.0,1.0,1.0,1.0,0.9924978061097405,0.9467742844142605,1.0,1.0,0.9221026710153302,0.7837025787277732,0.8433431258419177,0.8208361601131123,0.0,0.7383691274787579,0.9185866726853203,1.0,1.0,1.0,1.0,1.0,1.0,1.0,0.9242140696354259,1.0,1.0,1.0,1.0,1.0,1.0,1.0,1.0,1.0,1.0,1.0,1.0,1.0,1.0,1.0,1.0,1.0,1.0,1.0,1.0,1.0,1.0,1.0,1.0,1.0,1.0,1.0,1.0,1.0,1.0,1.0,1.0,1.0,1.0,1.0,1.0,1.0,1.0,1.0,1.0,1.0,1.0,0.9193885671635106,0.765595641606989,1.0,1.0,1.0,1.0,1.0,1.0,1.0,1.0,1.0,1.0,1.0,1.0,1.0,1.0,1.0,1.0,1.0,1.0,1.0,1.0,1.0,1.0,1.0,1.0,1.0,1.0,1.0,1.0,1.0,1.0,1.0,1.0,1.0,1.0,1.0,1.0,1.0,1.0,1.0,1.0,1.0,1.0,1.0,1.0,1.0,1.0,1.0,1.0,1.0,1.0,1.0,1.0,1.0,1.0,1.0,1.0,1.0,1.0,1.0,1.0,1.0,1.0,1.0,1.0,1.0,1.0,1.0,1.0,1.0,1.0,1.0,1.0,1.0,1.0
NC_010598.1_v1,1.0,1.0,1.0,1.0,1.0,1.0,1.0,1.0,1.0,1.0,1.0,1.0,1.0,1.0,1.0,1.0,1.0,1.0,0.7727542959623177,1.0,1.0,0.7295098376821125,0.8303574601407413,0.8517279178608562,0.5999136892962513,0.7383691274787579,0.0,0.9472009028042513,1.0,1.0,1.0,1.0,1.0,1.0,1.0,0.9635963438560229,1.0,1.0,1.0,1.0,1.0,1.0,1.0,1.0,1.0,1.0,1.0,1.0,1.0,1.0,1.0,1.0,1.0,1.0,1.0,1.0,1.0,1.0,1.0,1.0,1.0,1.0,1.0,1.0,1.0,1.0,1.0,0.9915050915646658,1.0,1.0,1.0,1.0,1.0,1.0,1.0,1.0,1.0,1.0,0.9281684718003723,0.9571374514927845,1.0,1.0,1.0,1.0,1.0,1.0,1.0,1.0,1.0,1.0,1.0,1.0,1.0,1.0,1.0,1.0,1.0,1.0,1.0,1.0,1.0,1.0,1.0,1.0,1.0,1.0,1.0,1.0,1.0,1.0,1.0,1.0,1.0,1.0,1.0,1.0,1.0,1.0,1.0,1.0,1.0,1.0,1.0,1.0,1.0,1.0,1.0,1.0,1.0,1.0,1.0,1.0,1.0,1.0,1.0,1.0,1.0,1.0,1.0,1.0,1.0,1.0,1.0,1.0,1.0,1.0,1.0,1.0,1.0,1.0,1.0,0.9918490149831004,1.0,1.0
NC_012624.1_v1,1.0,1.0,1.0,1.0,1.0,1.0,1.0,1.0,1.0,1.0,1.0,1.0,1.0,1.0,1.0,1.0,1.0,1.0,0.9448384387934025,1.0,1.0,0.9424710459013449,0.7687423725641447,0.7816463301001662,0.9440654146104127,0.9185866726853203,0.9472009028042513,0.0,1.0,1.0,1.0,1.0,1.0,1.0,1.0,0.8006730347580561,1.0,1.0,1.0,1.0,1.0,1.0,1.0,1.0,1.0,1.0,1.0,1.0,1.0,1.0,1.0,1.0,1.0,1.0,1.0,1.0,1.0,1.0,1.0,1.0,1.0,1.0,1.0,1.0,1.0,1.0,0.9925483259339174,0.9925764454586951,1.0,1.0,1.0,1.0,1.0,1.0,1.0,1.0,1.0,1.0,0.74395971263354,0.8843300027054792,1.0,1.0,1.0,1.0,1.0,1.0,1.0,1.0,1.0,1.0,1.0,1.0,1.0,1.0,1.0,1.0,1.0,1.0,1.0,1.0,1.0,1.0,1.0,1.0,1.0,1.0,1.0,1.0,1.0,1.0,1.0,1.0,1.0,1.0,1.0,1.0,1.0,1.0,1.0,1.0,1.0,1.0,1.0,1.0,1.0,1.0,1.0,1.0,1.0,1.0,1.0,1.0,1.0,1.0,1.0,1.0,1.0,1.0,1.0,1.0,1.0,1.0,1.0,1.0,1.0,1.0,1.0,1.0,1.0,1.0,1.0,1.0,1.0,1.0
NC_014299.1_v1_v1,1.0,0.9925581307682149,1.0,0.9920080795641264,1.0,1.0,1.0,1.0,1.0,0.9920308485682172,0.992063967119622,1.0,0.9872462703865589,1.0,1.0,1.0,1.0,1.0,1.0,1.0,1.0,1.0,1.0,1.0,1.0,1.0,1.0,1.0,0.0,0.9663892403844461,0.9916931338095548,0.9663858699372904,1.0,1.0,1.0,1.0,1.0,0.9926228426745781,1.0,1.0,1.0,1.0,1.0,1.0,1.0,1.0,1.0,1.0,1.0,1.0,1.0,1.0,1.0,1.0,1.0,1.0,1.0,1.0,1.0,1.0,1.0,1.0,1.0,1.0,1.0,1.0,1.0,1.0,0.9846644496023473,1.0,0.9917455357401548,1.0,1.0,1.0,1.0,1.0,1.0,1.0,1.0,1.0,1.0,1.0,1.0,1.0,1.0,0.9831932973310467,0.9833207128221202,1.0,1.0,1.0,1.0,1.0,1.0,1.0,1.0,1.0,1.0,1.0,1.0,1.0,0.9756791368842105,1.0,1.0,1.0,1.0,1.0,1.0,1.0,1.0,0.9298196540776333,1.0,1.0,1.0,1.0,1.0,1.0,1.0,1.0,1.0,1.0,1.0,1.0,1.0,1.0,1.0,1.0,1.0,1.0,1.0,1.0,1.0,1.0,1.0,1.0,1.0,1.0,1.0,1.0,1.0,1.0,1.0,1.0,1.0,1.0,1.0,1.0,1.0,0.9925656554084896,1.0,1.0,1.0,1.0,1.0,1.0
NC_014299.1_v2,1.0,1.0,1.0,1.0,1.0,1.0,1.0,1.0,1.0,0.9220411169443841,0.9839215801881832,0.9496277384253657,0.9842429649359922,1.0,1.0,1.0,0.984191805731239,1.0,1.0,0.9848971582314199,1.0,1.0,1.0,1.0,1.0,1.0,1.0,1.0,0.9663892403844461,0.0,1.0,1.0,1.0,1.0,0.9602871394772077,1.0,0.9847035320548996,1.0,1.0,1.0,0.9850907844079402,0.9850907844079402,1.0,1.0,0.9850907844079402,1.0,1.0,1.0,1.0,1.0,1.0,1.0,1.0,1.0,1.0,0.9848971582314199,0.9602871394772077,1.0,0.9924862286500333,1.0,1.0,1.0,1.0,1.0,1.0,1.0,1.0,1.0,1.0,1.0,1.0,1.0,1.0,1.0,1.0,1.0,1.0,0.9426574537443401,1.0,1.0,1.0,1.0,1.0,1.0,1.0,0.9828935482309059,0.9667622582041434,1.0,1.0,1.0,0.9657500604346974,0.9496126360636259,1.0,1.0,1.0,0.9653402183610628,1.0,1.0,1.0,1.0,0.9656514550815283,1.0,1.0,1.0,1.0,0.9921411726086572,1.0,1.0,0.9710881281946508,0.9842754469707562,0.9686066170011501,1.0,1.0,1.0,1.0,1.0,0.984570651345523,1.0,1.0,1.0,1.0,1.0,1.0,1.0,1.0,1.0,1.0,0.9634645923480085,1.0,1.0,1.0,0.9193503109880413,1.0,0.9169441009691226,1.0,1.0,1.0,1.0,1.0,1.0,1.0,1.0,0.9849956122194811,1.0,1.0,1.0,0.9600645251012617,0.9839408820126871,1.0,1.0,1.0,1.0,1.0,1.0
NC_014299.1_v3_v1,1.0,1.0,0.9913843418097263,1.0,1.0,1.0,1.0,1.0,1.0,1.0,1.0,1.0,1.0,1.0,1.0,1.0,1.0,1.0,1.0,1.0,1.0,1.0,1.0,1.0,1.0,1.0,1.0,1.0,0.9916931338095548,1.0,0.0,0.9922884978250343,1.0,1.0,1.0,1.0,1.0,1.0,1.0,1.0,1.0,1.0,1.0,1.0,1.0,0.9922462310393464,1.0,1.0,1.0,1.0,1.0,1.0,1.0,1.0,1.0,1.0,1.0,1.0,1.0,1.0,1.0,1.0,1.0,1.0,1.0,1.0,1.0,1.0,1.0,0.9853993761267693,1.0,1.0,1.0,0.9922462310393464,1.0,1.0,1.0,1.0,1.0,1.0,0.9910068939271048,1.0,1.0,1.0,1.0,1.0,0.990856481061449,1.0,0.9917150204469576,1.0,1.0,1.0,1.0,1.0,1.0,1.0,1.0,1.0,1.0,1.0,1.0,1.0,1.0,1.0,1.0,1.0,1.0,1.0,0.992479596901269,1.0,1.0,1.0,0.9922462310393464,1.0,0.9924677672953651,1.0,1.0,1.0,1.0,1.0,1.0,1.0,1.0,1.0,1.0,1.0,1.0,1.0,1.0,1.0,1.0,1.0,1.0,1.0,1.0,1.0,1.0,1.0,1.0,1.0,0.9922462310393464,1.0,1.0,1.0,1.0,1.0,1.0,0.9913955003368378,0.991803158527309,1.0,1.0,1.0,1.0,1.0
NC_014300.1_v1,1.0,1.0,1.0,1.0,1.0,1.0,1.0,1.0,1.0,0.9924336847944392,1.0,0.9922910657578264,1.0,1.0,1.0,1.0,1.0,1.0,1.0,1.0,1.0,1.0,1.0,1.0,1.0,1.0,1.0,1.0,0.9663858699372904,1.0,0.9922884978250343,0.0,1.0,0.9566782011029367,1.0,1.0,1.0,1.0,0.9556917185596434,1.0,1.0,1.0,1.0,0.915764737058623,1.0,1.0,1.0,1.0,1.0,1.0,0.9706189917980032,0.9626872945461882,0.9404436370730094,1.0,1.0,1.0,1.0,1.0,1.0,0.978727382401365,0.9823255605745103,0.9563976222691001,1.0,1.0,1.0,0.989524436597901,0.9782359561733682,1.0,1.0,1.0,0.9922089427586304,1.0,1.0,1.0,1.0,1.0,1.0,1.0,1.0,1.0,1.0,1.0,1.0,1.0,1.0,1.0,1.0,1.0,1.0,1.0,1.0,1.0,1.0,1.0,1.0,1.0,0.9629699442521431,1.0,1.0,1.0,0.9558971569078506,1.0,1.0,1.0,1.0,1.0,1.0,0.9893005830334344,1.0,0.9894535168797762,1.0,0.9277432610333635,1.0,1.0,1.0,1.0,0.992234571236398,1.0,1.0,1.0,1.0,0.9192739313760984,1.0,1.0,1.0,1.0,1.0,1.0,1.0,1.0,1.0,0.9913758350382115,1.0,0.9913758350382115,1.0,1.0,1.0,1.0,1.0,1.0,1.0,1.0,1.0,1.0,1.0,1.0,1.0,1.0,0.9784059482336763,1.0,1.0,1.0,1.0,1.0
NC_015667.1_v1,0.7419802729861804,0.9578129108929725,1.0,0.8412503213235569,0.7899324889795944,0.8111102345747772,0.9213034229202213,0.9394532066141543,0.9394532066141543,1.0,1.0,1.0,0.9811909946603699,0.7252239015026496,0.9202256239818684,0.8125021545085762,0.9834678143569229,0.9082532571341131,1.0,1.0,0.9226787336844465,1.0,1.0,1.0,1.0,1.0,1.0,1.0,1.0,1.0,1.0,1.0,0.0,0.890006068673479,0.9794242550787554,1.0,1.0,0.7294625344095907,0.8207303780642095,0.8177342501568953,1.0,0.9253409214909634,0.8180299441218594,0.9499642072486192,1.0,0.6991952178217797,0.8877246609111837,0.8244494886458451,0.8055216574546701,0.8678456695177943,0.9242130317437145,0.8017880051389024,0.9253357465757583,0.8493827176697908,0.9243065787281189,1.0,0.9796751787973073,0.8999286751937471,0.9328588212447981,0.6816290389993559,0.8181961911275244,0.942839263945994,0.786677857372243,0.6538347651843261,0.9919216411241548,0.8679623524869156,0.8812831288891283,0.9667042061141149,0.896035507439861,0.8186371163266868,1.0,0.8297265250681112,0.9925447775176954,0.668260477778746,0.8389725355630284,0.787123862169794,0.7883750345063677,1.0,1.0,1.0,0.9722715800477799,0.7486962358548155,0.9226679050811633,0.9705563384058312,0.8128108561091859,1.0,1.0,0.6958156591823924,0.659091325763988,0.7300793780580019,0.9836899582941354,0.9468963711601143,0.9725002085637094,0.9441067108160093,0.9640343497985705,0.9475937493994284,0.8239470637927875,0.8736251668800791,0.9510188328583189,0.939476526359503,1.0,0.6584432104256733,0.9658419158585168,0.7994348849788377,0.8731233574424543,1.0,1.0,1.0,1.0,1.0,0.7623942645781719,0.839794267162955,0.6797469608674034,0.6856425804835602,0.6781808704270818,0.9014376275349278,0.9758808640705361,0.9271163784394352,0.9924511488803146,0.9919837759025985,1.0,0.8016167223930428,0.7820645447376031,0.9213034229202213,0.7698739716116518,0.8954916570904593,0.8275644371189332,0.7500775674952121,0.9615298443335878,1.0,0.9465810654929383,0.96531040421647,0.927368612495453,0.9653846613757899,0.9913063802562369,0.9212608949144969,0.883904394909738,0.8910384379777273,0.9273445469267861,0.6802489590056827,0.6751875009395316,0.8145621847105744,0.8566240094894424,0.7819200535369488,0.9846478096480916,0.980929797390066,0.9811807211086178,0.9753981497252192,0.6459833115917963,0.8261981130932277,0.9844009608263175,1.0,1.0,1.0
NC_019963.1_v1_v1,0.9249442360514921,0.8023162416169921,0.9749695704490133,0.9207589738531708,0.8904460670455572,0.9508169991396962,0.8026359676085173,0.7652675033324589,0.7740993113981047,0.9708134741234417,0.9713742259922699,0.9776449548293464,0.9776569340804667,0.8836782459027483,0.9254535257435168,0.9568797222401102,0.9779086283265405,1.0,1.0,0.9786713253514884,0.8882293495051111,1.0,1.0,1.0,1.0,1.0,1.0,1.0,1.0,1.0,1.0,0.9566782011029367,0.890006068673479,0.0,0.846902486366286,0.9925350193730851,0.9634919504548785,0.9292912202818258,0.7815057623597691,0.9912176698506883,0.9709349795857055,0.9484724827008354,0.9912176698506883,0.9643356824101713,0.9699525888004983,0.9002917342098359,0.9677185185927438,0.8875805613506925,0.9684081202908016,1.0,0.8328629018126694,0.9060309332118827,0.8682049547770582,0.9924276797823712,0.8882293495051111,0.9786713253514884,0.8500929633885946,0.8099848900290585,0.8074896649809641,0.870963367143931,0.8931101072900731,0.8655616968754661,0.921664857994028,0.8971087694026543,0.9708205349121478,0.9612389154823062,0.9698011040851721,0.9714301231835357,0.9576566797914025,0.9532079223731232,1.0,0.9373113364478789,0.8896757676135372,0.8502951082082719,0.983316360757625,0.9633245726383695,0.956657665557725,0.9786639815991323,1.0,1.0,0.8498122739368413,0.925777209189299,0.8891794575788687,0.973053841233467,0.9598473748988946,1.0,1.0,0.8993936754102841,0.8855399732881049,0.9152805629198656,0.8373004210575795,0.9722632131984701,0.8269863579398187,0.7991456513159418,0.9867525794380753,0.9648396586571651,0.8913037932792152,1.0,0.9896625820917656,0.9796249940535968,0.8927378835234558,0.8507746061150516,0.9500668552803165,0.8572100563790808,0.9260975679178195,1.0,1.0,0.9815571066864455,1.0,0.9866508581730462,0.9353901854948107,0.9265903691284622,0.893943055505117,0.8522293349459387,0.9153218289768499,0.9677256016130228,0.8998597988047411,0.9249092973353453,0.9732510596455447,0.9705302003714216,1.0,0.7772339020478901,0.9695280305664706,0.8026359676085173,0.932197505475617,0.9770609944151136,0.9847389880903581,0.922826452897031,0.9879906741214063,0.9915792011100224,0.982647420739038,0.9810674723506874,0.9266199323776647,0.969380886488633,0.8797895980220125,0.9791656301762305,0.9755271575539921,0.9829536411528114,0.9248274483758565,0.8920158562786318,0.892058931467707,0.9214590021529279,1.0,0.9539323102017129,0.8580098608521167,0.8244669108332598,0.8403854596100164,0.9720380190982865,0.7951280541029608,0.8702539839889235,1.0,1.0,1.0,1.0
NC_019963.1_v2,1.0,0.8701939677914502,0.9634704670143308,0.9484902705085198,0.9645676903792889,0.9820489171748069,0.8098059221663411,0.8622713360073345,0.8701696170290334,0.9313628418604825,0.9782137644502936,0.9783147053025035,0.9709677728436323,0.9539817102814453,0.9922549529391896,0.9879378233304714,0.9771713485159902,1.0,1.0,0.9780020077261706,0.9612473932573105,1.0,1.0,1.0,1.0,1.0,1.0,1.0,1.0,0.9602871394772077,1.0,1.0,0.9794242550787554,0.846902486366286,0.0,1.0,0.9596038223941141,0.9055773142097867,0.9484833766856453,1.0,0.9777671205388203,0.9891344194431771,1.0,1.0,0.9778221668961907,0.9852947030058037,0.9864582135117065,0.9490582333906953,0.9749876381625201,1.0,0.9620746679165441,0.9028552066161477,0.9614321952118593,1.0,0.9691629705618208,0.9780020077261706,0.6229653307563987,0.7643728560306355,0.8407662897882588,0.9924991167655565,0.9585343633312695,0.9786893829963016,0.9836449814011875,0.9368255295269483,0.9782860029317949,0.9689511709052346,0.9548966287574696,0.9721191745479046,0.9857397415475103,1.0,1.0,0.9618522536065917,0.8697331359952776,0.9427765075724963,0.9089954594203156,1.0,0.9790239864000054,0.9780070262165445,1.0,1.0,0.8189475198851396,0.9710397078846097,0.9620717640113201,0.9724523258828314,0.9346194905666207,1.0,1.0,0.9860299678555134,0.9579987570110702,0.9338448914722431,0.8347032778749599,0.9655800214532745,0.8281547289382697,0.796188936812852,0.9884979805141273,0.973417514800026,0.949925989154878,1.0,0.9712164668331918,1.0,1.0,0.9678817640253744,0.9724969060451116,0.9645377730646945,0.9668462106998631,1.0,1.0,1.0,1.0,1.0,0.9822625725508983,0.9583195793994819,0.9708435279975914,0.9228554973824619,0.9586716643129376,0.9744315075993234,0.9198142158081543,0.9922549529391896,0.9767970163619112,0.9312266237705306,1.0,0.9489017038915813,0.9637120281269141,0.8098059221663411,0.9685888406512302,0.9854065579388073,1.0,0.969409996247405,0.9718389228246207,0.991870714913073,0.9895274855578019,0.9325139220416705,0.9920613267626694,0.9111265654837146,0.8730272892185864,0.9858435283739994,0.976547980691228,0.9360863973411544,0.9925244805769059,0.9854580951946281,0.9853763991002159,0.9746523869556241,1.0,0.9790239864000054,0.8513186562142449,0.8361282784631315,0.788182257778355,0.9651123706064759,0.983357927919082,0.9560038785746908,1.0,1.0,1.0,1.0
NC_021914.1_v1,1.0,1.0,1.0,1.0,1.0,1.0,1.0,1.0,1.0,1.0,1.0,1.0,1.0,1.0,1.0,1.0,1.0,1.0,0.9691002637431255,1.0,1.0,0.9797738513905161,0.8247591613464309,0.8216284710733417,0.9644444223193872,0.9242140696354259,0.9635963438560229,0.8006730347580561,1.0,1.0,1.0,1.0,1.0,0.9925350193730851,1.0,0.0,1.0,1.0,0.9922585386091253,1.0,1.0,1.0,1.0,1.0,1.0,1.0,1.0,1.0,1.0,1.0,0.9922585386091253,1.0,1.0,1.0,1.0,1.0,1.0,1.0,1.0,1.0,1.0,1.0,1.0,1.0,1.0,1.0,1.0,1.0,1.0,1.0,1.0,1.0,1.0,1.0,1.0,1.0,1.0,1.0,0.8852307922739412,0.9466763721723055,1.0,1.0,1.0,1.0,1.0,1.0,1.0,1.0,1.0,1.0,1.0,1.0,1.0,1.0,1.0,1.0,1.0,1.0,1.0,1.0,0.9922585386091253,1.0,1.0,1.0,1.0,1.0,1.0,0.9925891570246904,1.0,1.0,1.0,1.0,1.0,1.0,1.0,1.0,1.0,1.0,1.0,1.0,1.0,0.9922585386091253,1.0,1.0,1.0,1.0,1.0,1.0,1.0,1.0,1.0,1.0,1.0,1.0,1.0,1.0,1.0,1.0,1.0,1.0,1.0,1.0,1.0,1.0,1.0,1.0,1.0,1.0,0.9922585386091253,1.0,1.0,1.0,1.0,1.0
NC_023011.1_v1,1.0,0.9780024020947101,1.0,1.0,1.0,0.991477147786918,0.9768022132480836,0.9784011651345154,0.9784011651345154,0.9134342974002996,0.9105518310436637,0.9191270305727639,0.8575516054448005,1.0,0.9921757422306132,0.9926228426745781,0.843669322895634,1.0,1.0,0.7390867001585862,0.9924336847944392,1.0,1.0,1.0,1.0,1.0,1.0,1.0,1.0,0.9847035320548996,1.0,1.0,1.0,0.9634919504548785,0.9596038223941141,1.0,0.0,0.9812756488768409,0.9924336847944392,1.0,0.6994797558381067,0.7190236367736487,1.0,1.0,0.7719365108123644,1.0,1.0,0.992085808233264,1.0,1.0,0.9924336847944392,0.9812163946011347,1.0,1.0,0.9924336847944392,0.7149831168180991,0.9787517198687995,0.9787249336465697,0.9781485872419398,1.0,1.0,1.0,1.0,0.9811571403254286,1.0,0.9903899099975347,0.9728548161680932,1.0,1.0,0.9749570215629978,1.0,0.9221875722818863,0.9890854891620319,0.9817027851486378,0.9813814600834592,1.0,0.9813349031525472,0.7661067055190529,1.0,1.0,0.9769042492181169,0.9813941574282534,0.9924336847944392,1.0,0.9813349031525472,0.9836022505471254,0.9848965653070589,1.0,1.0,0.9893631685075314,0.936455515547074,0.9876545530472532,0.9774365635993391,0.9358787058055794,1.0,1.0,1.0,1.0,0.9812923761604135,0.9833300912056169,0.9811630277694892,1.0,1.0,0.9915104141889987,1.0,1.0,1.0,1.0,1.0,1.0,1.0,1.0,0.9871727312530726,0.9812163946011347,0.9815571066864455,1.0,0.9921634592513834,0.9924551800080913,0.9738812672147514,0.9821891061457885,1.0,0.9924336847944392,0.9924624696892429,0.9768022132480836,1.0,1.0,1.0,0.9796879953757951,1.0,1.0,1.0,1.0,1.0,1.0,0.9712124231574617,0.9493236019047134,1.0,1.0,0.9924551800080913,1.0,1.0,1.0,1.0,0.9813349031525472,0.9414902487970146,0.9700177580953988,0.952150337802884,0.9415861367716033,0.9924336847944392,1.0,1.0,1.0,1.0,1.0
NZ_AP017570.1_v1,0.658414068896941,0.8403626566877279,0.973063331212795,0.8207661379354922,0.7659729730092175,0.8104452681693856,0.9544371867585248,0.9278798533078492,0.9278798533078492,1.0,1.0,1.0,0.992491746179296,0.6300089442615684,0.8703508800117894,0.8128259246091143,1.0,0.9078946618868156,1.0,1.0,0.9212425928914924,1.0,1.0,1.0,1.0,1.0,1.0,1.0,0.9926228426745781,1.0,1.0,1.0,0.7294625344095907,0.9292912202818258,0.9055773142097867,1.0,0.9812756488768409,0.0,0.8080833213580717,0.793746593738253,1.0,0.9893525564375355,0.7940423783219446,0.9612883693245561,1.0,0.7448557231475486,0.8838846499386115,0.8037742052205388,0.7777870566289218,0.8667934658164724,0.9209559999309568,0.6273208748518768,0.9423721257591037,0.8428823254667692,0.9229274855967179,1.0,0.991998321419516,0.9637621221771272,0.9457826481145335,0.6617012753846934,0.7972763447608353,0.9342428157761129,0.7890642271128888,0.5265265794370069,0.9840571314595781,0.8477190363293758,0.8351244227924142,0.9840512544582156,0.8381701733005176,0.767559360504982,1.0,0.7362153784298727,0.9925993485429685,0.6886405211058866,0.7250176282673122,0.7125174555600149,0.7621465189261931,1.0,1.0,1.0,1.0,0.5942189000813876,0.9212324164994777,0.9842775435189763,0.7094661171751375,1.0,1.0,0.7402199541041887,0.722649702922908,0.7529209028781225,1.0,0.9626634720287387,1.0,0.9849628403221052,0.9630535609427809,0.9632513364281468,0.820874086538456,0.865545192401162,0.9096101236708697,0.9324819525226891,0.9894612038208259,0.6951207671326887,0.9843932888642937,0.836335532082369,0.8455868274422383,1.0,1.0,1.0,1.0,1.0,0.7402544922160533,0.8203736874968116,0.6673152288441717,0.5605595686658578,0.6568130311537863,0.8812114868943968,0.9702404161537512,0.8434407235676397,0.9923828299581656,0.95565462734619,0.990294537397366,0.7778031618410672,0.7923209757329738,0.9544371867585248,0.7389511625549717,0.8947324348699567,0.7526593769989456,0.7300813200736622,0.9611511405238341,1.0,0.9616162592350291,0.9002383373143871,0.8678431452737371,0.9083263730279035,0.9804348845720934,0.9124146629933118,0.868450503054788,0.8326303266639726,0.8712394279325388,0.6993084669193432,0.6845731153253726,0.8720659921423909,0.8546568112369985,0.7301184890543831,0.9841899312927358,1.0,0.9808495341773835,0.9844845685627649,0.6405150833769764,0.8135714103906013,0.9843427804964066,1.0,1.0,1.0
NZ_AP017571.1_v1,0.766989517302878,0.9066483448323341,0.9736479378030191,0.6888009684336496,0.70490089593365,0.8078930023366631,0.8950378306405598,0.8805601551671083,0.8805601551671083,0.9923886472039298,1.0,1.0,1.0,0.7393823646953275,0.9759978471078559,0.8156353175424342,1.0,0.9457694149703653,1.0,1.0,0.8407190228157255,1.0,1.0,1.0,1.0,1.0,1.0,1.0,1.0,1.0,1.0,0.9556917185596434,0.8207303780642095,0.7815057623597691,0.9484833766856453,0.9922585386091253,0.9924336847944392,0.8080833213580717,0.0,0.8429909680867709,1.0,0.9898595775595577,0.84336360307432,0.95124599326912,0.991172632260179,0.8541829958563458,0.8695224878695216,0.7534137574348783,0.8210184210524072,0.9121568523129335,0.7615630522771678,0.5699616501257101,0.788233419811423,0.8755806705901887,0.82985934560047,1.0,0.9373996347947992,0.9302058895743037,0.9276837960167295,0.7454069421624901,0.5014439739577958,0.8575317880960959,0.7967983526886669,0.8097025973738718,0.9505081207182011,0.8512934519588751,0.859077769591252,0.9429197830425287,0.8467008107324566,0.8502925715630221,1.0,0.8061864953162848,0.9661052073173051,0.7433740038110062,0.8184089328060046,0.8324228193016787,0.8626228072567215,1.0,1.0,1.0,0.9523509322970543,0.7698510969894853,0.8215963161118084,0.9528695846103237,0.8164300078705616,0.9825310324743297,1.0,0.8139324120457715,0.7947497129282683,0.7866891568345364,0.9495413740405467,0.9733982470475865,0.9568320646227211,0.9134796838769997,0.9806046879207921,0.9656023406823048,0.4932911224117772,0.9299067128109995,0.9805713521382201,0.9069696384659623,0.8596079907419449,0.7387206480622094,0.9450418894795499,0.6653603526164205,0.7582037442706595,1.0,0.9906184775186756,0.981996223193911,1.0,0.9870021513790187,0.8232379850236727,0.5232174905373541,0.7527958850833437,0.7830459682438397,0.7953153151234797,0.8515084177985468,0.9408826544414073,0.9837753240952922,0.9666928698064781,0.9210693099427644,0.9907874116012984,0.38107992704705507,0.8385897630296713,0.8950378306405598,0.8016852934605407,0.8715648211525909,0.8214821077226244,0.7819090378555225,0.9859365228244467,0.9830639445278246,0.9807266875962793,0.982635059381706,0.9840288346563033,0.9716432554660148,0.9684706427303543,0.8950699110488848,0.8503213342558819,0.8546049042239409,0.976251357668867,0.786145428818847,0.7794678116787284,0.8549694045589163,0.9001706465789931,0.8578798176631383,0.9754031214412507,0.9392487221486404,0.9554509945597099,0.9756505094416701,0.6819002073466798,0.698039571579693,0.9801343747414119,1.0,1.0,1.0
NZ_CP008875.1_v1,0.7848318584544156,0.9914685935692401,0.9903889147520912,0.8409983167724571,0.8536683866066648,0.8263379039952611,1.0,0.9919704410063436,0.9919704410063436,1.0,1.0,1.0,1.0,0.7902690676072065,0.9618335194683659,0.8214457358481151,1.0,0.9050085873901463,1.0,0.9719973547767334,0.9655923100433254,1.0,1.0,1.0,1.0,1.0,1.0,1.0,1.0,1.0,1.0,1.0,0.8177342501568953,0.9912176698506883,1.0,1.0,1.0,0.793746593738253,0.8429909680867709,0.0,0.9906397358666691,1.0,0.20491142272543084,0.9617249354222018,1.0,0.8419297504216615,0.8737269431122228,0.8552412196361836,0.8142591444007563,0.8665464458488977,0.9589779736633776,0.8508878721787477,0.9490074370783699,0.8477401570489229,0.9673026418081079,0.9719973547767334,1.0,1.0,0.9909667461321365,0.7922980386419254,0.84309279906528,0.973945358814271,0.8513729545286117,0.7937197028780295,0.969496296747975,0.8842164903887064,0.8963967409201153,0.9918394966465673,0.8911664329305956,0.8078167416549435,1.0,0.8243373600196738,1.0,0.7965410552774072,0.8128212956270443,0.7950351112459959,0.8221476977300505,1.0,1.0,1.0,1.0,0.7903917495867493,0.9655923100433254,0.9580791261273632,0.8088008553002014,1.0,1.0,0.8068662274204095,0.789051803443236,0.8050104542794156,0.9771735398786816,0.9632919167744801,0.9924135616157009,0.9922213647248953,0.9442698457264762,0.9637831101271561,0.8451338046087121,0.8900731184758608,0.9502092595709434,0.9396299458796871,1.0,0.7849733666276406,0.9835611542103115,0.8424495368348034,0.8778801863297558,1.0,1.0,1.0,0.9825832162805027,1.0,0.7895678593039271,0.844423828948529,0.7791095566848528,0.7844187695762956,0.7881057722862594,0.8848002284013953,1.0,0.9605792050026013,0.9922125190003871,0.9922911275573489,1.0,0.8429680386353198,0.8293402328360184,1.0,0.8169431163918562,0.8917137519107354,0.8264752526526358,0.8188123040851466,0.9617916409659514,1.0,0.9620849541864752,0.9831112186540988,0.9614779217340296,0.983185790114951,0.9913063802562369,0.9117745233262465,0.8743039171908206,0.8748334445937107,0.9616238800139622,0.7929783097811235,0.7867559019074377,0.9016496414324822,0.8668748448928806,0.8130038861657448,0.9916287576449114,1.0,1.0,0.9840132831169461,0.7969138147859538,0.8531134607753543,0.9752118867289119,1.0,1.0,1.0
NZ_CP010532.1_v1,1.0,0.9774026604006402,1.0,1.0,1.0,1.0,0.9766813992587241,0.9782563821193454,0.9782563821193454,0.911735730468477,0.9017723840547303,0.9091168282566064,0.8625987657786871,1.0,0.9921757422306132,1.0,0.8778355114813653,0.9730707384050054,1.0,0.7240390947716415,1.0,1.0,1.0,1.0,1.0,1.0,1.0,1.0,1.0,0.9850907844079402,1.0,1.0,1.0,0.9709349795857055,0.9777671205388203,1.0,0.6994797558381067,1.0,1.0,0.9906397358666691,0.0,0.7535280575789979,0.9906397358666691,1.0,0.6783767325705432,0.9915845760880373,1.0,0.992085808233264,0.9924336847944392,1.0,1.0,1.0,1.0,1.0,1.0,0.6973120522412936,0.9790203594062507,0.9784671996252645,0.9782869196060759,1.0,1.0,1.0,1.0,1.0,1.0,0.9906725597034897,0.9914467741154529,1.0,1.0,0.9748750200753102,1.0,0.9916991376964374,0.9890878186594735,1.0,1.0,1.0,1.0,0.6368661270154259,1.0,1.0,0.9770379687601813,1.0,1.0,1.0,1.0,0.9836078337459201,0.9847183483116224,1.0,1.0,1.0,0.978614110351902,0.9876545530472532,0.9772870489830543,0.9778934963740445,0.9916945910905847,1.0,1.0,0.9738722028627748,1.0,0.9831903723168778,0.9887781336981017,1.0,1.0,0.9915104141889987,1.0,1.0,1.0,1.0,1.0,1.0,1.0,1.0,1.0,0.991803158527309,1.0,1.0,0.9921634592513834,0.9924551800080913,1.0,1.0,1.0,1.0,0.9924624696892429,0.9766813992587241,0.9885244219382328,1.0,1.0,0.9795490658593089,1.0,1.0,0.9921310321862167,1.0,1.0,1.0,0.9711200216167895,0.9804646480400545,1.0,1.0,0.9924551800080913,1.0,1.0,1.0,1.0,1.0,0.9701120151227871,0.9697209874537692,0.9790012765730141,1.0,1.0,1.0,1.0,1.0,1.0,1.0
NZ_CP010533.1_v1,0.9893525564375355,0.9784605578501826,1.0,0.9888695521055039,0.9812590969312144,1.0,0.979377028034565,0.9781918156295225,0.9781918156295225,0.9344073702018506,0.9297609885895081,0.9288905550214341,0.8488715021993177,0.9885920247545024,0.9898595775595577,1.0,0.8850483946644938,1.0,1.0,0.7856032412285252,0.9903665986815797,1.0,1.0,1.0,1.0,1.0,1.0,1.0,1.0,0.9850907844079402,1.0,1.0,0.9253409214909634,0.9484724827008354,0.9891344194431771,1.0,0.7190236367736487,0.9893525564375355,0.9898595775595577,1.0,0.7535280575789979,0.0,1.0,1.0,0.8151453161439082,0.9480454710644638,0.9924641941299455,0.9896060669985466,0.9813564846923586,1.0,0.9898595775595577,0.9898595775595577,0.9903873404547534,1.0,0.9903665986815797,0.7588135642202183,0.9739601846926331,0.9314006864242843,0.979238789721565,0.9485691742005383,0.9898595775595577,0.9910579911207008,0.981861688549796,0.9541850075583996,1.0,0.9923154611193523,1.0,1.0,1.0,0.981935880086756,1.0,1.0,0.9891583110121208,0.9495368587825059,1.0,1.0,0.9814285653088055,0.7518075937404674,1.0,1.0,0.9641047636154308,0.9888455353155133,0.9903665986815797,1.0,1.0,0.9693457309271313,0.9846570999596785,0.948746664834359,0.9493885950213071,0.9890990458765244,0.9890733307118976,0.9891299253554688,0.970447168786659,0.9891323604957032,1.0,1.0,0.9898595775595577,1.0,1.0,0.9922138219277445,0.9900478427698959,0.948627534834566,1.0,0.9659043059444117,0.9898595775595577,1.0,1.0,1.0,1.0,1.0,0.9896060669985466,0.9898595775595577,0.9495670151489011,0.9494934637394152,0.9486991142870868,0.9750086741422699,1.0,0.9896060669985466,0.9925764454586951,1.0,1.0,0.9898595775595577,0.973101719980387,0.979377028034565,0.9899178849885901,1.0,1.0,0.9772500731342382,1.0,1.0,0.9925443622774992,1.0,0.9893525564375355,1.0,0.9892799315259291,0.9801384225854027,1.0,1.0,0.9896060669985466,0.9483065869423052,0.9483065869423052,0.9607274860029015,1.0,0.9814285653088055,0.989124261847069,0.9892089454016436,0.9710860120443059,1.0,0.9493086262143985,0.9901130881205686,1.0,1.0,1.0,1.0
NZ_CP011565.1_v1,0.7852154663396003,0.9840378120472679,0.9903889147520912,0.8414199466970439,0.8539382410943064,0.8268635876610865,1.0,0.9919704410063436,0.9919704410063436,1.0,1.0,1.0,1.0,0.7907691156073691,0.9619465360370405,0.8217963516022952,1.0,0.905165204928216,1.0,0.9719973547767334,0.965638731932928,1.0,1.0,1.0,1.0,1.0,1.0,1.0,1.0,1.0,1.0,1.0,0.8180299441218594,0.9912176698506883,1.0,1.0,1.0,0.7940423783219446,0.84336360307432,0.20491142272543084,0.9906397358666691,1.0,0.0,0.9618392748240824,1.0,0.842225535005353,0.8741742382529755,0.8556183034193814,0.814818523730137,0.8667463879398053,0.9664870002894471,0.8509961664039296,0.9491111469030443,0.8479899385415208,0.9673495442629718,0.9719973547767334,1.0,1.0,0.9909667461321365,0.7928581639879843,0.8434654340528291,0.9739588443771611,0.8514812487537936,0.794015487461721,0.9695472551229314,0.884457199354737,0.896627257948812,0.9917190344326567,0.8916103549305053,0.8080787725532559,1.0,0.824863178871063,1.0,0.797039844162136,0.813284798087374,0.7952472545901701,0.8222632181884957,1.0,1.0,1.0,1.0,0.7908904470544974,0.965638731932928,0.9580956298350264,0.8093265235091693,1.0,1.0,0.8071288857652149,0.7895154414359247,0.8053898100686291,0.9771735398786816,0.9633865582889954,0.9924135616157009,0.9922213647248953,0.944364273814044,0.9638776599376904,0.8455064395962613,0.8903263588996595,0.9503143924173032,0.9395979633093045,1.0,0.785631926615733,0.9835611542103115,0.8428126935751288,0.878252821317305,1.0,1.0,1.0,0.9825832162805027,1.0,0.7897879113583497,0.8447964639360781,0.7796698009256566,0.7848014464724185,0.7884884491823824,0.8848607201043565,1.0,0.9606922325076888,0.9922558630504776,0.9922436797580871,1.0,0.8433406736228689,0.8297678895532612,1.0,0.8172050146050964,0.8919352007343643,0.8268241315282573,0.8189870018571879,0.9619047013680028,1.0,0.9621979707551498,0.9831519989599331,0.9615910816234023,0.9832265704207853,0.9913063802562369,0.9118740356541669,0.8744593671871853,0.8750133988011985,0.9617368965826367,0.7933619176663081,0.7871395097926224,0.9015482142021257,0.8670938195195859,0.8130816871733859,0.9916287576449114,1.0,1.0,0.9840132831169461,0.7974514733803149,0.8534860957629036,0.9751813706575484,1.0,1.0,1.0
NZ_CP019068.1_v1,0.9610824555082115,1.0,1.0,0.9875481102468995,1.0,0.9616601890816076,0.9913821727114911,0.9869216000706428,0.9869216000706428,1.0,1.0,1.0,1.0,0.9608372093671184,0.8866666615297495,0.9618497292467111,1.0,0.9748414823262289,0.9923886472039298,1.0,0.9876264240189315,1.0,1.0,1.0,1.0,1.0,1.0,1.0,1.0,1.0,1.0,0.915764737058623,0.9499642072486192,0.9643356824101713,1.0,1.0,1.0,0.9612883693245561,0.95124599326912,0.9617249354222018,1.0,1.0,0.9618392748240824,0.0,1.0,0.9609436385631283,1.0,1.0,0.9626197148289021,0.9618632010068581,0.9594849457871443,0.987156541386739,0.9432903176743905,0.9753410791429897,0.9876264240189315,1.0,0.9887228168273806,1.0,1.0,0.96093737116352,0.9874727517115478,0.9650300084202352,1.0,0.9522658370474603,0.9885244219382328,0.9834903454453472,0.992522829566874,1.0,0.9923226381403215,0.9516874196131925,1.0,0.9615752463791559,0.9886326821086268,0.9610445310598751,0.97523483634811,0.9613360565139409,0.9748414823262289,1.0,1.0,1.0,1.0,0.9610259592007235,0.9876264240189315,1.0,0.9617518410945007,1.0,1.0,0.961525510627026,0.9610472495229511,0.9619697940047035,1.0,0.9232511086823342,1.0,1.0,0.9238569320098661,0.923118437780696,0.9872348551587712,0.9613360565139409,0.9628825615356613,0.9878603740214578,0.9425646030513317,0.9612563100315414,1.0,0.9873973562357378,0.9876675919836856,1.0,1.0,1.0,1.0,1.0,0.9612890089709037,0.9795472871163916,0.9488923671956433,0.9605421040193575,0.9609416768844234,1.0,1.0,0.884381953760809,1.0,0.9880160102519518,0.9820648655747898,0.9511355769847928,0.9616799143406276,0.9913821727114911,0.9618009338948927,0.9925251319815263,0.9624723840511739,0.9617950250548617,0.902716384634876,0.9911745663898328,0.9044421497336507,1.0,0.8862716345305374,0.9809354361253144,0.9916770532738831,0.992618110694254,0.9698435227093952,0.9787441394475763,0.8859532607054269,0.9656483684689989,0.9613574044765836,0.9882232127033929,0.9618990474401731,0.9662005055105098,1.0,0.9882121613107017,1.0,1.0,0.9412872347595402,1.0,1.0,1.0,1.0,1.0
NZ_CP019156.1_v1,1.0,0.9774925475459273,1.0,1.0,1.0,0.9779127026184975,0.9773590987579756,0.9787066473200435,0.9787066473200435,0.9294654970902132,0.9264471720590497,0.9287016776720234,0.8918527093637331,1.0,1.0,0.992234571236398,0.8922953481513792,1.0,1.0,0.7756322780412815,1.0,1.0,1.0,1.0,1.0,1.0,1.0,1.0,1.0,0.9850907844079402,1.0,1.0,1.0,0.9699525888004983,0.9778221668961907,1.0,0.7719365108123644,1.0,0.991172632260179,1.0,0.6783767325705432,0.8151453161439082,1.0,1.0,0.0,1.0,1.0,1.0,1.0,1.0,0.991172632260179,1.0,1.0,1.0,1.0,0.7452445346883507,0.9787982328092355,0.9787372209732136,0.9783132002339725,1.0,1.0,1.0,1.0,1.0,1.0,1.0,1.0,1.0,1.0,0.9762709535262416,1.0,0.9752659150815581,0.9890757527562888,1.0,1.0,1.0,1.0,0.6862535659483742,1.0,1.0,0.9771899634283215,1.0,1.0,1.0,1.0,0.9835744835808539,0.9763951449884641,1.0,1.0,1.0,0.9688513447142099,1.0,0.977319019707173,0.9680021324514783,1.0,1.0,1.0,1.0,1.0,0.9914941866757886,0.991172632260179,1.0,1.0,1.0,1.0,1.0,1.0,1.0,1.0,1.0,1.0,1.0,1.0,1.0,1.0,1.0,1.0,1.0,1.0,1.0,1.0,0.991172632260179,1.0,0.9773590987579756,0.9696781022298172,0.9903498178406618,0.9908433410246521,1.0,1.0,1.0,1.0,1.0,1.0,1.0,0.9797278089608459,0.9814282011878522,1.0,0.9919788051302953,1.0,1.0,1.0,1.0,1.0,1.0,0.9788298798141751,0.9686478798737862,0.9598460209081603,0.991138021033105,0.991172632260179,1.0,1.0,1.0,1.0,1.0
NZ_CP019286.1_v1,0.7136344440797182,0.9545431420244217,0.9883561424113099,0.854758009473513,0.8139248074358811,0.8262884205581205,0.9399202578622531,0.9228085798856253,0.9228085798856253,1.0,1.0,1.0,1.0,0.7428188776771456,0.9268361251368872,0.8592828058813891,1.0,0.8918239296428023,1.0,1.0,0.913286813324226,1.0,1.0,1.0,1.0,1.0,1.0,1.0,1.0,1.0,0.9922462310393464,1.0,0.6991952178217797,0.9002917342098359,0.9852947030058037,1.0,1.0,0.7448557231475486,0.8541829958563458,0.8419297504216615,0.9915845760880373,0.9480454710644638,0.842225535005353,0.9609436385631283,1.0,0.0,0.9162618292635224,0.8538003011305585,0.8130493733843916,0.7094567855975509,0.9155003272513381,0.8313424628940344,0.9166259991874927,0.8960006418176277,0.914871864359643,1.0,0.9748961314662924,0.9360723935570485,0.9199472768573398,0.7118667690239009,0.8329594997980105,0.9157454728882589,0.8456902455438493,0.7075268660267136,0.9738257334113325,0.9057547471201959,0.9159703677733975,0.9917405872183572,0.9298747323786986,0.8510756021420282,1.0,0.8460340092319422,1.0,0.6631453147661526,0.8637583021969846,0.8165834828401719,0.8443178318116266,1.0,1.0,1.0,0.9889005363599223,0.7574997860568834,0.9140805367412468,0.9480341008671939,0.849480775604812,1.0,1.0,0.7298664912779117,0.7207644841493077,0.8081581283751293,0.988663351454719,0.9507848801732982,0.9579143779742775,0.9815285343896586,0.9312256348039308,0.9514366552973696,0.855911464294203,0.8524443940733006,0.9495173688067245,0.961772805232481,1.0,0.6854555216339068,0.9840124567370911,0.8389625770983407,0.8889444501452795,1.0,1.0,1.0,1.0,1.0,0.7766954490711107,0.8067997378155738,0.6544397665231936,0.6736196932403036,0.6691566376385853,0.9201324505246489,0.9893393680268471,0.9263490353221593,0.9823674624144235,0.9778422414278767,1.0,0.8325674919545798,0.8349624807025975,0.9399202578622531,0.8186068227407238,0.9426334609895504,0.862712470763902,0.8015678723437168,0.9508193818133532,1.0,0.9457874888878051,0.9645282315272874,0.9263063679151453,0.9542269325617391,0.9913063802562369,0.9481779759724043,0.9179381846163713,0.9214975204804384,0.9268187002538134,0.6639092044003021,0.6491496172177608,0.8478116590761946,0.8920745350433053,0.8360310434658592,0.9846478096480916,0.9780937758268996,0.9857031834778647,0.9842690146577573,0.6642428858891698,0.8561743172936893,0.9842421758565242,1.0,1.0,1.0
NZ_CP024045.1_v1,0.8823164576957797,0.9678363401170819,0.9777940878436489,0.8687897918015621,0.8191699755549999,0.8304032619305557,0.9770263867765402,0.9595171904028152,0.9595171904028152,1.0,1.0,1.0,1.0,0.8845840754698184,0.9836454281177528,0.8918630333782805,1.0,0.9585144695931698,1.0,0.9747563178199103,0.9712508865269633,1.0,1.0,1.0,1.0,1.0,1.0,1.0,1.0,1.0,1.0,1.0,0.8877246609111837,0.9677185185927438,0.9864582135117065,1.0,1.0,0.8838846499386115,0.8695224878695216,0.8737269431122228,1.0,0.9924641941299455,0.8741742382529755,1.0,1.0,0.9162618292635224,0.0,0.8671632608644011,0.8916130750060007,0.897685314542279,0.9714867913292478,0.8719360590930647,0.9711352508388239,0.9088315581560232,0.9798362315513125,0.9747563178199103,0.9891765463426899,0.9766754870744463,0.9681306704943042,0.8784723843764558,0.8690114505852551,0.9714801295693082,0.8771788849663367,0.8844213200661746,0.9805595079629682,0.8955693962547059,0.8900406662294363,0.970707202637845,0.8722927093389321,0.8706680381996085,1.0,0.9045482660055287,0.9579254487925323,0.8807357291094884,0.8931584841211103,0.8842063662043775,0.8883528202113092,1.0,1.0,1.0,0.9510759660641322,0.8837335111834093,0.9712151795850432,0.9577748226672984,0.8878787407265195,0.9907539628188047,1.0,0.8780006218261522,0.8776043432521702,0.8856374404348245,0.9869003748427089,0.9905864398712065,0.9786144831023122,0.978677489558612,0.9744765504480356,1.0,0.8698873056959451,0.9500195611578355,0.9914699098903865,0.9245567933956881,0.9855460276321252,0.8761057620499776,0.9840483036046161,0.8794362743650125,0.9054406510966052,1.0,0.9904362046188199,1.0,0.9896737299596705,1.0,0.8634847762383255,0.8701481231817454,0.8773913945439222,0.8829282657269795,0.8747886416205166,0.8773603863724978,0.9777846800908845,0.9908831048926193,0.9711011627841024,0.9680007944339823,1.0,0.8692509148347598,0.8901794157940284,0.9770263867765402,0.8881601451758916,0.8948394960823143,0.8802324880790534,0.8794085370394868,1.0,1.0,0.963916215581698,0.9827587765527893,0.9834437975375481,0.982801486896016,0.9619146336180799,0.8496784180782629,0.856418569205353,0.8606061096421944,0.9835809406693723,0.8761063164960441,0.8766272512929348,0.7888596847596021,0.8872215464411358,0.8923450855890701,0.9683542372793152,0.9711191699360279,0.9700645492730842,0.9840773831488976,0.8789602514274524,0.8798878463587787,0.9700530440481769,1.0,1.0,1.0
NZ_CP026312.1_v1,0.8012042795059754,0.9478991438026985,0.9652812174340258,0.754674881767347,0.7264484441555923,0.8306297595134796,0.920890263158347,0.9060629156403175,0.9060629156403175,0.9914081300226011,0.991803158527309,1.0,1.0,0.7883592648381194,0.9593402110810896,0.8522000752007849,1.0,0.9372594438356945,1.0,1.0,0.9138660677915862,1.0,1.0,1.0,1.0,1.0,1.0,1.0,1.0,1.0,1.0,1.0,0.8244494886458451,0.8875805613506925,0.9490582333906953,1.0,0.992085808233264,0.8037742052205388,0.7534137574348783,0.8552412196361836,0.992085808233264,0.9896060669985466,0.8556183034193814,1.0,1.0,0.8538003011305585,0.8671632608644011,0.0,0.8325984431418387,0.9107859152114468,0.9063783380280734,0.7630952033404582,0.9159658819887484,0.8638874374023183,0.9155419329513013,1.0,0.9680014965133377,0.9561679890020308,0.9349083130686819,0.7773530618659792,0.7436682486457113,0.9156744528833232,0.792181973427471,0.8042293515195472,0.9622641989235863,0.8338274490555417,0.8465539204910819,0.9697858503365202,0.8599082689135202,0.8662380092244647,1.0,0.8465506194342405,0.9869464396811553,0.7956921743666134,0.8539416908977255,0.8437419705451219,0.8567554881752881,1.0,1.0,1.0,0.9692238294723358,0.8031241817204733,0.9146651510991539,0.9647828215568771,0.8190585136408696,1.0,1.0,0.8069993713126636,0.8000395043174597,0.8151962450945316,0.9637756567577428,0.987903690253893,0.9417246713064182,0.9628029484587579,0.9804516230011248,0.98822201419458,0.7410954835611993,0.9373888676484212,0.99077035650175,0.9402067430715568,1.0,0.7699632041438051,0.9640143291184792,0.7436090746808723,0.8057455526876507,1.0,0.9904918574416542,0.9824353397013766,1.0,0.9870021513790187,0.7954621567074583,0.7683327307065208,0.8039956935447702,0.7990593018341267,0.8226753897522023,0.8557556446527218,0.9666379962648841,0.9595805555257373,0.9594470139626933,0.943250868682956,1.0,0.734960198041588,0.839620857439412,0.920890263158347,0.8465238484514823,0.8728203715900729,0.8655067366199142,0.8243141805482037,0.9695049045736864,1.0,0.9885332595031628,0.9643744091046415,0.9593091288003155,0.9537199314925798,0.9775392195981861,0.8948216996656789,0.8515538396933025,0.8420223375569078,0.9583141783015704,0.8064092722161502,0.8076748252907663,0.8590211071156019,0.9003397141486408,0.8622703519146108,0.9747412342332298,0.9623903612200065,0.9736564394170812,0.9842271095609665,0.7952923405041474,0.7597652413730396,0.97974189356253,1.0,1.0,1.0
NZ_CP026313.1_v1,0.7816244912634518,0.9602821280161378,0.9770051923973841,0.8266411498782402,0.8323512229760467,0.8052140289545912,0.9628729511894994,0.9581802010474111,0.9581802010474111,1.0,1.0,1.0,1.0,0.770929583196041,0.9326253413090535,0.8138385208485629,1.0,0.9143347061166688,1.0,1.0,0.951312425894501,1.0,1.0,1.0,1.0,1.0,1.0,1.0,1.0,1.0,1.0,1.0,0.8055216574546701,0.9684081202908016,0.9749876381625201,1.0,1.0,0.7777870566289218,0.8210184210524072,0.8142591444007563,0.9924336847944392,0.9813564846923586,0.814818523730137,0.9626197148289021,1.0,0.8130493733843916,0.8916130750060007,0.8325984431418387,0.0,0.8682326660792707,0.9522968311339602,0.8303024025703042,0.9526831871793141,0.8526084740946326,0.952813988614282,1.0,0.982482335447995,0.9597005238664106,0.9798162042796325,0.7610735910940598,0.80643148557525,0.9530730894173981,0.8712583570296198,0.7930943874936403,0.9731455179538556,0.8847472565201686,0.8886824536555614,0.9841599100036763,0.8681365179499836,0.829689630200836,1.0,0.8080037465221557,1.0,0.763907283573134,0.8397405827408148,0.8065889144940377,0.8481565661704499,1.0,1.0,1.0,0.9735747086505323,0.7672637509883978,0.9520862217556267,0.9846330310349553,0.8079389750433522,1.0,1.0,0.7769143395708338,0.7730552208202967,0.8010006747280346,0.9887931708389767,0.9522702343070828,0.982482335447995,0.9887790810907824,0.9533743889881342,0.9454426878398909,0.8238945633725234,0.872680710244639,0.951736127988187,0.9389100208788224,1.0,0.7585175600238893,0.9838108582358795,0.8479937941771893,0.8591368448688737,1.0,1.0,1.0,1.0,1.0,0.8144060817850964,0.8239248258407958,0.7570571373577543,0.756605852761583,0.7746121890300448,0.8741592813517907,0.9897657933057732,0.9367188791662049,0.9821889132868671,0.9692693868224223,0.9895828328330771,0.8208195717897808,0.8148457084602522,0.9628729511894994,0.7933570808432153,0.8920625504554968,0.8011374017700337,0.7913158770280585,0.9480613243554722,1.0,0.951443603669881,0.9761064376857341,0.9325084116099789,0.9645672654801961,1.0,0.9129127218172414,0.8751952721678039,0.8741473677380414,0.9322785949076798,0.7643735807443731,0.7583779603955909,0.8762453012774198,0.8550506592440782,0.8384130819791529,1.0,0.9859834010816986,0.9863112747406062,0.9841495938124284,0.7825349237185735,0.8515144353735569,0.984631294099264,1.0,1.0,1.0
NZ_CP031308.1_v1,0.8670830396251907,1.0,0.9926084200796116,0.9119634393763947,0.9112503777573157,0.8594217217970905,1.0,1.0,1.0,1.0,1.0,1.0,1.0,0.8670605345350637,0.9610752211931173,0.8597729361311344,1.0,0.9342054153158884,1.0,1.0,0.974322099465756,1.0,1.0,1.0,1.0,1.0,1.0,1.0,1.0,1.0,1.0,1.0,0.8678456695177943,1.0,1.0,1.0,1.0,0.8667934658164724,0.9121568523129335,0.8665464458488977,1.0,1.0,0.8667463879398053,0.9618632010068581,1.0,0.7094567855975509,0.897685314542279,0.9107859152114468,0.8682326660792707,0.0,0.9745607635115812,0.9111060076537983,0.9743409467390781,0.8804986150187121,0.9830543108104005,1.0,1.0,1.0,0.9923055455853127,0.868810067656102,0.9125368981514829,0.9742363309257578,0.9111285164806718,0.8671828651445652,0.9912033896390634,0.9122519421357755,0.9159037113159478,0.9847576290111959,0.911865521314745,0.8719424690768167,1.0,0.8712570419366231,0.9924950996905881,0.8699560424261671,0.8862182472667918,0.8669225188505012,0.8849992907604477,1.0,1.0,1.0,1.0,0.8671408899192703,0.9743460306623478,0.9712148900500427,0.8582777074803996,1.0,1.0,0.868079373371168,0.866903435143082,0.8595005390143136,1.0,0.9641444969558096,1.0,1.0,0.9644194027458501,0.9643605501004938,0.9124780221418233,0.9160632867334747,0.9537411420257675,0.928157998668091,1.0,0.8669645165278547,0.9842371996179324,0.8941067944650265,0.9266117499488452,1.0,1.0,1.0,1.0,1.0,0.8780150657310044,0.8431173286780029,0.8673089888603214,0.8664978194849262,0.8660228391787059,0.9223773607287404,1.0,0.9606576524924691,0.9920147617718487,0.9844517556225392,1.0,0.912204516159859,0.862350909643794,1.0,0.8700167847894182,0.9137456565864651,0.8611919226554858,0.8702818191220071,0.9614088225815409,1.0,0.9619482257493955,0.9754671994295323,0.9609194339801918,0.9754779393459387,0.9922303554770259,0.9022710445361053,0.9130030478556476,0.9163585064627201,0.9609073491499799,0.8531471561105068,0.8466521452440836,0.899579604643178,0.790923143113008,0.8757155857627954,0.9922181884752934,1.0,0.9921794069883506,0.9843365496714316,0.8677509971382829,0.9127796853846736,0.984000689128504,1.0,1.0,1.0
NZ_CP031314.1_v1,0.8670328333868002,0.9860569191443918,0.9871772182902459,0.8840038947165413,0.8638668825396336,0.9435262765635342,0.9163765457982168,0.9185828635293072,0.9185828635293072,0.9923886472039298,1.0,1.0,1.0,0.8365442154724855,0.9597911986637195,0.9414869109797569,1.0,0.9830027353810364,1.0,1.0,0.5688992127034604,1.0,1.0,1.0,1.0,1.0,1.0,1.0,1.0,1.0,1.0,0.9706189917980032,0.9242130317437145,0.8328629018126694,0.9620746679165441,0.9922585386091253,0.9924336847944392,0.9209559999309568,0.7615630522771678,0.9589779736633776,1.0,0.9898595775595577,0.9664870002894471,0.9594849457871443,0.991172632260179,0.9155003272513381,0.9714867913292478,0.9063783380280734,0.9522968311339602,0.9745607635115812,0.0,0.8310663393578737,0.4593578141437368,0.9669223046118215,0.5579916442490453,1.0,0.9490363655921648,0.962333703059787,0.9392339195955388,0.8914291976317235,0.8048408289691227,0.6008528276371541,0.9394945921002551,0.9220282847755157,0.9159907709376851,0.9386610085081353,0.956994505798326,0.9557971858699104,0.9523985855449781,0.9541977727600284,1.0,0.9205315596898994,0.9865941979785345,0.8399274251587447,0.9520902021946954,0.9547741901291718,0.9652901048173086,0.9925891570246904,1.0,1.0,0.9734236013461948,0.8724540206806295,0.5595422416805835,0.9605969893959027,0.9425848080309382,0.982822795443258,0.9824973326200777,0.9269157516303427,0.9128453766622897,0.9084775346935066,0.9730083806050784,0.9732981679298705,0.9791835443493524,0.9381434811073798,0.9877872563292793,0.9653786686380824,0.8051990931539368,0.9830027353810364,0.9921005373406323,0.9516207851184181,0.9362301628141569,0.8597940136620252,0.9438941864135796,0.8513524399570734,0.8999502209879822,1.0,0.9910369634690153,0.9806788736715143,1.0,0.9859482717611013,0.9434067693511375,0.8386827581429896,0.8528976616126189,0.894851302325406,0.889586470864106,0.9491750133950678,0.9652640432960393,0.9583670278072014,0.9730679779989043,0.9329418228725339,0.9908052821741119,0.7082971424229871,0.9598139883838045,0.9163765457982168,0.9194033507396717,0.9720959505222574,0.9742696415664958,0.8936977913439718,0.9888599973273832,0.9904664428409933,0.9833433052138261,0.9054399523507284,0.9595505655860037,0.8945188522675271,0.9909637229548046,0.9719120296823724,0.9599415353356039,0.9684863058406099,0.9589034465223701,0.8872028084306011,0.8761496622896061,0.9253664201886266,0.9745337359372798,0.9631132012790096,1.0,0.9557594911951949,0.9695723308968291,0.9748774689282812,0.771338677129998,0.8591931272163948,0.9728464645585118,1.0,1.0,1.0
NZ_CP034344.1_v1,0.7860391721216033,0.9395620548739299,0.9738118746324729,0.6923284277594828,0.7596370567256314,0.7943078940360717,0.9154113041020441,0.8693285868378158,0.8693285868378158,1.0,1.0,1.0,1.0,0.7905682944956334,0.9654442058927288,0.8369120656515519,0.979764505845593,0.9451121790828393,1.0,1.0,0.8953779259365975,1.0,1.0,1.0,1.0,1.0,1.0,1.0,1.0,1.0,1.0,0.9626872945461882,0.8017880051389024,0.9060309332118827,0.9028552066161477,1.0,0.9812163946011347,0.6273208748518768,0.5699616501257101,0.8508878721787477,1.0,0.9898595775595577,0.8509961664039296,0.987156541386739,1.0,0.8313424628940344,0.8719360590930647,0.7630952033404582,0.8303024025703042,0.9111060076537983,0.8310663393578737,0.0,0.8537199332599879,0.8707537764186566,0.8846441925979134,1.0,0.955281991087608,0.955334661630866,0.9381884815681454,0.8052377390495618,0.5099825146673869,0.925947960865023,0.7625080323802724,0.6099954469931848,0.9501551362522949,0.8250915589930717,0.7969297524002135,0.969852458550652,0.8183185123635274,0.8281089912952218,1.0,0.7969260312220485,0.9661085671125171,0.7759887139402761,0.7872270819246338,0.7851237477983886,0.7988022651049018,1.0,1.0,1.0,0.9699230629456186,0.7784749467438251,0.8837583217868178,0.965519936832306,0.7564729502455391,0.982610356746646,1.0,0.791608558786551,0.7820216155152461,0.7953001593826027,0.9720291761260428,0.9885773047864436,0.9650024057160689,0.9643160611071055,0.9808886635983789,0.9883015951797518,0.5420609685351954,0.9294167594025079,0.968816643601328,0.9200002544879153,0.9894612038208259,0.7840028623794822,0.9841568715735339,0.7238103453990704,0.7550583015392696,0.99220930833001,0.9906328663568371,1.0,1.0,1.0,0.8067138153230855,0.52914046482669,0.7382326737692921,0.62460424811466,0.7780134172158156,0.8585273041567774,0.9536698262600635,0.9653039399159359,0.9668192992379334,0.8857416850723854,0.9907874116012984,0.4643719040962605,0.8474893078761818,0.9154113041020441,0.7937385807816358,0.8746751093926146,0.8307318548264566,0.7845078850668621,0.9857720377112823,0.9905480171768033,0.9888284983154454,0.9254654875926236,0.965504126570786,0.9142455471725639,0.9775303096212232,0.895080921545825,0.8457283609498925,0.8114291072909202,0.9648527376330355,0.7810827795410411,0.7745998412263557,0.8352712820461748,0.8988397833663783,0.78092194942014,0.9764343646108558,0.957959875728574,0.9736653698685713,0.9843344940625506,0.7644237460988242,0.7787916965163728,0.9801444990857096,1.0,1.0,1.0
NZ_CP034344.1_v2,0.8625450326316014,0.972551088450387,0.98782647306036,0.8848571824842462,0.8673219213226491,0.936137440250696,0.9170042664923581,0.9195830838645989,0.9195830838645989,1.0,1.0,1.0,1.0,0.8210324335950806,0.9625884141262893,0.9641680491559663,1.0,0.9830368856542351,1.0,1.0,0.5820728760183829,1.0,1.0,1.0,1.0,1.0,1.0,1.0,1.0,1.0,1.0,0.9404436370730094,0.9253357465757583,0.8682049547770582,0.9614321952118593,1.0,1.0,0.9423721257591037,0.788233419811423,0.9490074370783699,1.0,0.9903873404547534,0.9491111469030443,0.9432903176743905,1.0,0.9166259991874927,0.9711352508388239,0.9159658819887484,0.9526831871793141,0.9743409467390781,0.4593578141437368,0.8537199332599879,0.0,0.9739386969378021,0.577921282804348,1.0,0.9488039848130406,0.9629916619141123,0.9343762689393681,0.8927443029649791,0.8012189258301827,0.5773056401816969,0.9410835569073023,0.9429026601004986,0.9146373795554035,0.9394035862244015,0.963725428506745,0.9556295571440396,0.9720898335373239,0.9738418244463841,1.0,0.9436274336872543,0.9789033433687497,0.84195387689961,0.9440478086932823,0.9664568429088054,0.9664342804735788,0.9925891570246904,1.0,1.0,0.9652134956052957,0.874768738726316,0.5769620234030931,0.9606778028319212,0.9514473711123866,0.9825077712902369,0.9823526824764419,0.9291693069747489,0.9138751246942791,0.9087782027576647,0.9657692575840534,0.9655962694867036,0.9792897744681265,0.9377575167586085,0.9877047377909636,0.9729922437598786,0.8003562410300458,0.9830368856542351,0.9922743029098021,0.9720225333699294,0.9567935095494265,0.8638008208638637,0.9439681887584874,0.852252265008219,0.9017586859921145,1.0,0.9911508645306526,0.9815571066864455,1.0,0.9862995649670737,0.9442505989699528,0.8417020276086105,0.8540103563145025,0.9149149957116436,0.8908758637793084,0.9489951117120968,0.9861991954796531,0.9607595705795297,0.9729446860015867,0.9330090231538402,0.9905641010953907,0.743519526776123,0.9611544307554729,0.9170042664923581,0.9387466326399629,0.9718911590991199,0.9741030171054926,0.896082528079394,0.9891900714806459,0.9905421059930489,0.9840005823602513,0.9053744492641395,0.9623101169111682,0.8942541117650883,0.9908728421638442,0.9718607696163145,0.9595271537048508,0.968547204051794,0.9607572412620399,0.8899297392648036,0.8793170464057807,0.925154368775646,0.9743505276838773,0.9758703815308961,1.0,0.9560650311979897,0.9622193371401507,0.9736963731003022,0.8254637269632061,0.8614448035335847,0.9731736433150082,1.0,1.0,1.0
NZ_CP035121.1_v1,0.8485341868168533,1.0,1.0,0.8726965188511162,0.8752640195203342,0.8405494860842289,1.0,0.9924884250169874,0.9924884250169874,1.0,1.0,1.0,1.0,0.8511060884273715,0.9748874070269234,0.8322620431538246,1.0,0.91930815049973,1.0,1.0,0.9740084353387387,1.0,1.0,1.0,1.0,1.0,1.0,1.0,1.0,1.0,1.0,1.0,0.8493827176697908,0.9924276797823712,1.0,1.0,1.0,0.8428823254667692,0.8755806705901887,0.8477401570489229,1.0,1.0,0.8479899385415208,0.9753410791429897,1.0,0.8960006418176277,0.9088315581560232,0.8638874374023183,0.8526084740946326,0.8804986150187121,0.9669223046118215,0.8707537764186566,0.9739386969378021,0.0,0.9755681752869496,1.0,1.0,1.0,1.0,0.8478212340632274,0.8762515910514971,0.9743511440179772,0.870040608674376,0.8429475128777035,0.9839463224765241,0.8888401369993478,0.8915745105124104,0.9843128973819503,0.8930475829621479,0.8655911521924713,1.0,0.8491902207077164,1.0,0.854803051501614,0.8491677799178676,0.8462472737156024,0.8461626644110867,1.0,1.0,1.0,1.0,0.8513122371616929,0.9740084353387387,0.9842058200878602,0.8389131801539348,1.0,1.0,0.849762851540456,0.8458743162236728,0.8417117793171653,1.0,0.9769676591680183,1.0,1.0,0.9770622057477609,0.9771419236656312,0.8760804665547295,0.91930815049973,0.9666326818844528,0.9403569015718825,1.0,0.8506276055589924,0.9844099952683185,0.8752771437505363,0.8919685467064307,1.0,1.0,1.0,1.0,1.0,0.866055867558161,0.8761242683208939,0.848940197481758,0.8488867986094227,0.8501949157659862,0.8858323868289838,1.0,0.9750763849870323,0.9924303950921759,0.9918569083074579,1.0,0.8756780569187762,0.8434527100324989,1.0,0.863240225652641,0.8942308965563234,0.859214671999148,0.8627041228566897,0.9752629432831836,1.0,0.9750786063995578,0.9753630590740064,0.9747827873007711,0.9754195037087182,1.0,0.9124863321254112,0.8458130294908823,0.8634741649187353,0.9748316507231818,0.856060813884883,0.8504900828193122,0.9101389038568491,0.8811061878100513,0.8543541478200678,1.0,1.0,1.0,0.9845489584638742,0.8463996461665992,0.876355154342921,0.9843169812987523,1.0,1.0,1.0
NZ_CP039134.1_v1,0.8487171789069191,0.9743723869232457,0.9872583751365102,0.912550110441855,0.8734405504491711,0.9346608355303366,0.9127235874825566,0.9080626482401484,0.9080626482401484,1.0,1.0,1.0,1.0,0.8405561216739129,0.9668454279026809,0.9578568601878628,1.0,0.9830727039958149,1.0,1.0,0.27975345623086223,1.0,1.0,1.0,1.0,1.0,1.0,1.0,1.0,1.0,1.0,1.0,0.9243065787281189,0.8882293495051111,0.9691629705618208,1.0,0.9924336847944392,0.9229274855967179,0.82985934560047,0.9673026418081079,1.0,0.9903665986815797,0.9673495442629718,0.9876264240189315,1.0,0.914871864359643,0.9798362315513125,0.9155419329513013,0.952813988614282,0.9830543108104005,0.5579916442490453,0.8846441925979134,0.577921282804348,0.9755681752869496,0.0,1.0,0.9554440740615437,0.968236161442298,0.9358557129538191,0.9002797896140176,0.8517728866056045,0.5014384528768597,0.9216917440026934,0.9322662133240105,0.9169385071542397,0.9469861716673925,0.9723249406445698,0.9552088305015403,0.9695624417451849,0.9647194145864275,1.0,0.9262297151600439,0.9857216309830545,0.8487701875274717,0.9529292664289786,0.9571357042227013,0.9756434905884539,1.0,1.0,1.0,0.9729302741532437,0.8741963628477749,0.32201182615290225,0.9529460501560119,0.9521491831238532,0.9829534712736073,0.9825650639281021,0.9285142622440249,0.9134607491248129,0.9069659543600144,0.9734409494397535,0.9736462733448554,0.9867714340589245,0.9446289771394535,0.9878686746204174,0.9734432071118042,0.8515333181201727,0.9750807835599412,0.9920295012898686,0.9633661939237811,0.9810301668774867,0.8636989215429276,0.9522464800684691,0.8651855487300248,0.8925506957727886,1.0,0.9911022069877596,0.981996223193911,1.0,0.9870021513790187,0.9422617806771036,0.8916664512976974,0.8551528593155678,0.9028729506156714,0.891517202549448,0.9496191698546442,0.9740043027580374,0.9572996869382898,0.9734021371167673,0.9337375329332963,0.99049261701278,0.8103129491382097,0.9684897178523537,0.9127235874825566,0.9283788963367051,0.980837850232167,0.9832048584372454,0.9130720361901559,0.9887774787890675,0.9903312798727701,0.9832883871604845,0.9150481100453143,0.967098938463692,0.9049130932118813,0.9905536400101306,0.9801645667145379,0.9807003500277308,0.9806328573956922,0.9590670349629196,0.8861095271982949,0.8751882621662905,0.9333653163628027,0.982837412290898,0.9636865595686614,0.9923496146254884,0.9554673848072602,0.9688788119136595,0.9675707494888327,0.8269737514421672,0.8452741808138284,0.9728692845494833,1.0,1.0,1.0
NZ_CP039135.1_v1,0.987420271570189,0.9775618311212457,0.9772479323324971,0.9834561131532862,0.987420271570189,0.9924589058451243,0.976647691034074,0.9786518157005613,0.9786518157005613,0.894474852497518,0.91798248879659,0.9071708674106447,0.8520359761180449,1.0,1.0,1.0,0.8662116710804064,0.9493017979863898,1.0,0.21820603737802569,1.0,1.0,1.0,1.0,1.0,1.0,1.0,1.0,1.0,0.9848971582314199,1.0,1.0,1.0,0.9786713253514884,0.9780020077261706,1.0,0.7149831168180991,1.0,1.0,0.9719973547767334,0.6973120522412936,0.7588135642202183,0.9719973547767334,1.0,0.7452445346883507,1.0,0.9747563178199103,1.0,1.0,1.0,1.0,1.0,1.0,1.0,1.0,0.0,0.9787030248293905,0.9786760033654244,0.970765977340315,1.0,1.0,1.0,1.0,1.0,1.0,1.0,1.0,1.0,0.9910506616052259,0.9908547636461713,0.9924589058451243,1.0,0.9889789146540789,0.9913717458182201,1.0,1.0,1.0,0.7199423064345414,1.0,1.0,0.9769722186948924,1.0,1.0,0.9800995043748605,1.0,0.9921473007265442,0.9921829349661982,1.0,1.0,1.0,0.9708267427209736,1.0,0.977032685228401,0.9777225957426182,0.9591471315858268,1.0,1.0,0.9746508989931949,1.0,1.0,1.0,0.9872938421387336,1.0,1.0,1.0,1.0,1.0,1.0,0.9899161158861141,1.0,0.9710257945955041,1.0,1.0,1.0,1.0,1.0,1.0,0.991803158527309,1.0,1.0,1.0,1.0,0.9775059878811282,0.976647691034074,0.9862053155703494,1.0,1.0,1.0,1.0,1.0,1.0,1.0,1.0,1.0,0.979354472900503,1.0,1.0,1.0,1.0,1.0,1.0,1.0,1.0,1.0,0.9784808464621682,0.9790428798063381,0.9714849464867911,1.0,1.0,1.0,0.9902699363813381,1.0,1.0,1.0
NZ_CP040331.1_v1,1.0,0.8736272347082571,0.9656173672403806,0.9382774917141408,0.9766584659791298,0.9821308855895338,0.8025605838818697,0.8519570968764457,0.8603247058798177,0.9309377768739666,0.9806458813678638,0.9792945481714468,0.9792435420012641,0.9615806840745763,0.9920613267626694,0.9904781052065358,0.9778907008275393,1.0,1.0,0.9787030248293905,0.9476362807111245,1.0,1.0,1.0,1.0,1.0,1.0,1.0,1.0,0.9602871394772077,1.0,1.0,0.9796751787973073,0.8500929633885946,0.6229653307563987,1.0,0.9787517198687995,0.991998321419516,0.9373996347947992,1.0,0.9790203594062507,0.9739601846926331,1.0,0.9887228168273806,0.9787982328092355,0.9748961314662924,0.9891765463426899,0.9680014965133377,0.982482335447995,1.0,0.9490363655921648,0.955281991087608,0.9488039848130406,1.0,0.9554440740615437,0.9787030248293905,0.0,0.77169450043177,0.8320021512037461,1.0,0.9552480035773117,0.9790424423076352,0.9869218933806504,1.0,0.9696846378393463,0.9788231285031511,0.9886263205159553,0.9726786379838656,0.9882902264675844,0.9925007620568997,1.0,1.0,0.8643780584009192,0.970724722221319,0.992445790898768,1.0,1.0,0.9789836878217041,1.0,1.0,0.8220610149881091,0.991998321419516,0.9484505364865574,0.9753255474084837,1.0,0.9833469233371279,1.0,0.9857848795722769,0.965358922541863,0.9449661863741249,0.8404460492985952,0.9662105477204046,0.8227931869008223,0.8076269402041366,0.9892565670018129,0.9740541626814001,0.9396885178293758,1.0,0.9923277563815613,0.9891054638654108,1.0,0.9680451562141987,0.9646370908368453,0.9617224585052614,0.9576103665769253,1.0,1.0,1.0,1.0,1.0,0.9859482717611013,0.9551175059744437,0.9646408469134911,0.9859482717611013,1.0,0.9772030046564564,0.9228411226463193,0.9920613267626694,0.9795591411356638,0.9570391429156307,0.9914467741154529,0.9382071217165965,0.963342245804838,0.8025605838818697,0.9614562850207962,0.9880717605434721,1.0,0.9700426443463068,0.9869234335034329,0.9830066172975699,0.982151491957533,0.9738406106666155,0.9918677005861491,0.9525112299383168,0.8663789166834145,0.9886088011886869,0.9875686278772104,0.9876139978484615,0.9923277563815613,0.9854580951946281,0.9853763991002159,0.9646756133754504,1.0,1.0,0.8573565626268618,0.8229523626941169,0.7914170678504462,0.9726248354511979,0.983109538783546,0.959295007235304,1.0,1.0,1.0,1.0
NZ_CP040331.1_v2,0.9646276478678937,0.8495040664066211,0.9887750260087353,0.9384598227484481,0.9327654425435498,0.9924722884434471,0.8004306055694546,0.8450154772411204,0.8528323326852759,0.9784773228660734,0.9798799671658759,0.9789434044019228,0.9789532228351583,0.9485320762793295,0.976504868229878,0.9780306353694727,0.9778654720347845,1.0,1.0,0.9786760033654244,0.9604137270841835,1.0,1.0,1.0,1.0,1.0,1.0,1.0,1.0,1.0,1.0,1.0,0.8999286751937471,0.8099848900290585,0.7643728560306355,1.0,0.9787249336465697,0.9637621221771272,0.9302058895743037,1.0,0.9784671996252645,0.9314006864242843,1.0,1.0,0.9787372209732136,0.9360723935570485,0.9766754870744463,0.9561679890020308,0.9597005238664106,1.0,0.962333703059787,0.955334661630866,0.9629916619141123,1.0,0.968236161442298,0.9786760033654244,0.77169450043177,0.0,0.8114949192097146,0.929701588687661,0.9373900991189809,0.9801058536548316,0.9599608308267005,0.9388250830624993,0.9895692940380483,0.9675878051993689,0.9700693704186102,0.9728803913226258,0.9521987322193807,0.9786753560067915,1.0,0.9912499974463299,0.8765502630155693,0.9200849612292609,1.0,0.9902815891521389,0.9804556947746571,0.9785300813288919,1.0,1.0,0.8015694658600234,0.9724616424121219,0.9604137270841835,0.9723920342692465,0.9871831206063378,1.0,1.0,0.9383898883992072,0.9204015195084951,0.9402026359389836,0.8464748548871768,0.985195500605446,0.8261027190506469,0.8139548150102923,1.0,0.9854464243239978,0.9314134029653343,0.9902815891521389,1.0,1.0,1.0,0.909500749172047,0.9723627907978639,0.9400111536049489,0.9686684806407837,1.0,1.0,1.0,1.0,1.0,0.9439919149445305,0.9550329374048774,0.9276562227239836,0.9288536847259181,0.9277350459057815,0.9708645928559432,0.9068210290776525,0.9845358557783254,0.9856363759240229,0.9850948943975361,1.0,0.9308547191386246,0.9555848491114334,0.8004306055694546,0.964376834874771,0.9847964907579129,0.9784810192823369,0.9577494512566909,1.0,0.992149607762216,0.9923037289989238,0.992445790898768,0.9840288346563033,0.992445790898768,0.8836735835768164,0.9868625965437694,0.9831048632233477,0.9831627232808019,0.9772653999129112,0.9276085990838079,0.9276085990838079,0.9412820987884775,0.9739338162157825,0.9804556947746571,0.8527418912026342,0.8504570817749996,0.844142733527196,0.9724525268297834,0.9192415976242118,0.9543054669970537,1.0,1.0,1.0,1.0
NZ_CP045489.1_v1,0.9341192919163569,0.8330214483864193,0.9891113991453873,0.9352753691884996,0.9119321335240402,0.9807263457263754,0.6975201579629149,0.8075574163028815,0.8156999740572102,0.9780245252373398,0.9792221739515873,0.9783145399054706,0.9782610292992739,0.9255538093557881,0.960115185145155,0.978611831816448,0.9770061768744175,1.0,1.0,0.970765977340315,0.9284052726086083,1.0,1.0,1.0,1.0,1.0,1.0,1.0,1.0,0.9924862286500333,1.0,1.0,0.9328588212447981,0.8074896649809641,0.8407662897882588,1.0,0.9781485872419398,0.9457826481145335,0.9276837960167295,0.9909667461321365,0.9782869196060759,0.979238789721565,0.9909667461321365,1.0,0.9783132002339725,0.9199472768573398,0.9681306704943042,0.9349083130686819,0.9798162042796325,0.9923055455853127,0.9392339195955388,0.9381884815681454,0.9343762689393681,1.0,0.9358557129538191,0.970765977340315,0.8320021512037461,0.8114949192097146,0.0,0.947030714295235,0.92189438480367,0.9450122374937382,0.9418725450235097,0.9470433501388867,0.981370256482355,0.9555901894584279,0.9535850065966682,0.9737360616256978,0.9586552680585971,0.9824727113190332,1.0,0.9901637902327709,0.8697501220863194,0.9126595497338469,0.9833347803291711,0.972782300685156,0.984923836867217,0.9783062188087223,1.0,1.0,0.8359816310298707,0.9382216428864479,0.9284052726086083,0.9693525272891684,0.9865148737062182,1.0,1.0,0.9459146472942475,0.9260907885797812,0.9328106948124729,0.8215201790977548,0.9796860885242008,0.8255037450094085,0.775438315116551,1.0,0.9799533768330928,0.9284597267191479,0.9894832977331512,1.0,1.0,1.0,0.9288152223805949,0.9740517584986531,0.9576919634872743,0.9505894602463519,1.0,1.0,1.0,1.0,1.0,0.898058952582359,0.9488921798744708,0.9336849044815616,0.9339470933118688,0.9341589133810815,0.9852911181887278,0.8577013009726877,0.9660713867297461,0.9857782911775662,0.9855689410692061,1.0,0.9079536312965772,0.9714746080973766,0.7056283849331983,0.9675641928487152,0.9845739997284775,0.9730228091745219,0.9252466705700122,1.0,0.9917578721103328,0.9926028503783033,0.9818806662182622,0.9666158425624105,0.9818806662182622,0.8636534877083897,0.9792589850767719,0.9836447097547244,0.9836447097547244,0.9591519750969552,0.9323118232018429,0.9323118232018429,0.9361556880647193,0.9885661892833165,0.992340656328797,0.8466887088618603,0.8382773262771599,0.8448607168419192,0.9706251252745371,0.9215502576542911,0.9302215464161603,1.0,1.0,1.0,1.0
NZ_CP053943.1_v1,0.6570542054653512,0.9140535243666176,0.9923849802602349,0.8083278606784761,0.6967273265169074,0.7953132982999599,0.9488003389397206,0.9370038781923649,0.9370038781923649,1.0,1.0,1.0,1.0,0.6617703610915803,0.9132574363408956,0.8148915668971795,1.0,0.8992936531447828,1.0,1.0,0.8986757884019758,1.0,1.0,1.0,1.0,1.0,1.0,1.0,1.0,1.0,1.0,0.978727382401365,0.6816290389993559,0.870963367143931,0.9924991167655565,1.0,1.0,0.6617012753846934,0.7454069421624901,0.7922980386419254,1.0,0.9485691742005383,0.7928581639879843,0.96093737116352,1.0,0.7118667690239009,0.8784723843764558,0.7773530618659792,0.7610735910940598,0.868810067656102,0.8914291976317235,0.8052377390495618,0.8927443029649791,0.8478212340632274,0.9002797896140176,1.0,1.0,0.929701588687661,0.947030714295235,0.0,0.6428297452421204,0.9000694611179755,0.7998840943530051,0.6695265128678096,0.9842963226178757,0.8586092217751785,0.8485864005137631,0.9839602029086907,0.8796360649640917,0.8037056531113681,1.0,0.7690169061132126,0.992519263242552,0.6167249166543135,0.7806316298094669,0.7814296801697059,0.8046656998736919,1.0,1.0,1.0,0.9925443622774992,0.6288200397346795,0.89127620810596,0.984301526250029,0.7751936300371468,1.0,1.0,0.7081541322776514,0.6891055111288049,0.7838526654666479,1.0,0.9626379286944065,0.9722529364620417,0.9839007264650024,0.9632679634857622,0.9631638469906996,0.680396111054792,0.8694526322400691,0.9497724552316087,0.9398475097327209,1.0,0.5973546922440709,0.9657059218614384,0.6983022094299689,0.8340926438367986,1.0,1.0,0.9837526892237733,1.0,0.9884073242029086,0.7288188390067023,0.7541435300976727,0.6326069187281829,0.6736586598577838,0.6361371316605303,0.8825344463807052,0.9913293526618356,0.8824955808330949,0.9923660114616716,0.9918242844073933,0.9904956868813584,0.7314223139925555,0.7914096331378292,0.9488003389397206,0.7789716832550684,0.8924948185699986,0.7793856119728829,0.7529581752998233,0.961113910251441,1.0,0.9614652239686489,0.9496505930474053,0.9126842238270614,0.9571332974528556,0.9904226378582243,0.9119671420472586,0.8627875912639883,0.8654170783771111,0.9126416894265982,0.6326345220634587,0.6087707280130774,0.8331188185297734,0.8580440531150283,0.7960919241353017,0.99098347438004,1.0,1.0,0.9841425629139481,0.5855933002691769,0.6620312821567532,0.9843866564613305,1.0,1.0,1.0
NZ_CP054586.1_v1,0.745012329692124,0.9224671971830928,0.9739758114619267,0.6731899210461123,0.704597686262763,0.7883267802849159,0.9079166922180939,0.8602188716594665,0.8602188716594665,1.0,1.0,1.0,1.0,0.738708506576018,0.9654142455537003,0.8383001099596428,1.0,0.9462262018179309,1.0,1.0,0.8624821888598501,1.0,1.0,1.0,1.0,1.0,1.0,1.0,1.0,1.0,1.0,0.9823255605745103,0.8181961911275244,0.8931101072900731,0.9585343633312695,1.0,1.0,0.7972763447608353,0.5014439739577958,0.84309279906528,1.0,0.9898595775595577,0.8434654340528291,0.9874727517115478,1.0,0.8329594997980105,0.8690114505852551,0.7436682486457113,0.80643148557525,0.9125368981514829,0.8048408289691227,0.5099825146673869,0.8012189258301827,0.8762515910514971,0.8517728866056045,1.0,0.9552480035773117,0.9373900991189809,0.92189438480367,0.6428297452421204,0.0,0.8812248272792021,0.7766517646189278,0.7989768909179262,0.950186347764181,0.8383200757838132,0.8508348329482055,0.9699465305367604,0.848075438232144,0.8614432120254261,1.0,0.8379728932150114,0.9657631408149437,0.7435190329910439,0.8182075623327192,0.842902850744456,0.8627922448595609,1.0,0.9921934843117229,1.0,0.9586007689122261,0.7479602088963733,0.8432605441223477,0.9655672054239997,0.8176727646273825,0.9826131445006252,1.0,0.7941906036256278,0.7919671002615919,0.817627164644499,0.9646339340289523,0.98865662905876,0.9574586453972674,0.9566415933786772,0.9810691170739558,0.9883811761649236,0.42827187848594406,0.9301960035551744,0.990849659453156,0.9271019779631531,1.0,0.7354065545389379,0.9622781763759103,0.6441413476790171,0.7376977249747696,1.0,0.9905332253413992,0.9815571066864455,1.0,0.9866508581730462,0.8048306190060304,0.5037710684195591,0.7318195484560792,0.7800151658796333,0.7734312818147395,0.8519689276497636,0.973625362932148,0.9652760304963751,0.9667231528304142,0.9136680634740213,0.990716545536693,0.4237469867042547,0.8528288965914301,0.9079166922180939,0.8271115180205594,0.8722406433679173,0.8082785648465083,0.7736615518568263,0.9859365228244467,0.9906248625656098,0.9889607054359727,0.9648271596419027,0.9654741662317574,0.9536715042686658,0.968211795104901,0.894307572173015,0.8394205985262221,0.8431137266549227,0.9648248282134747,0.7647123694320836,0.7579646938178394,0.8344039518753004,0.9003714718554336,0.8685544330685576,0.975129893392161,0.9579407846488276,0.9736653698685713,0.9840104429049733,0.7550133995802437,0.6112835828976164,0.980151989254105,1.0,1.0,1.0
NZ_CP054586.1_v2,0.8480176940718441,0.9769743271358046,0.98782647306036,0.9344812995640394,0.8770329252099451,0.941566155406919,0.9558584541812608,0.9308029666589931,0.9308029666589931,1.0,1.0,1.0,1.0,0.8597473843441393,0.9684794187004704,0.9743525874412238,1.0,0.9831534097525254,1.0,1.0,0.4966094440962092,1.0,1.0,1.0,1.0,1.0,1.0,1.0,1.0,1.0,1.0,0.9563976222691001,0.942839263945994,0.8655616968754661,0.9786893829963016,1.0,1.0,0.9342428157761129,0.8575317880960959,0.973945358814271,1.0,0.9910579911207008,0.9739588443771611,0.9650300084202352,1.0,0.9157454728882589,0.9714801295693082,0.9156744528833232,0.9530730894173981,0.9742363309257578,0.6008528276371541,0.925947960865023,0.5773056401816969,0.9743511440179772,0.5014384528768597,1.0,0.9790424423076352,0.9801058536548316,0.9450122374937382,0.9000694611179755,0.8812248272792021,0.0,0.9235249798507279,0.9433727457839729,0.9270561806666181,0.94939791984184,0.9644624538253967,0.9735200903691839,0.97232448455872,0.974292864733989,1.0,0.9432367006685193,0.9926028503783033,0.8689804298394972,0.9517798204800537,0.9665636228787696,0.9665936381015787,1.0,1.0,1.0,0.9830335355256656,0.8723347040316631,0.5180705972702195,0.9728618583687756,0.9510775432909219,0.9826740322785514,0.9824819715428774,0.9288700984750209,0.9323034416673424,0.9464204094711949,0.9875805432231956,0.9876636165126725,0.9792520175013321,0.9803646902390338,0.9874588325467829,0.9872129273026021,0.9003880441124125,0.9831534097525254,0.9920821086297829,0.9841379114492999,0.9568086870721629,0.8821855525540812,0.9606350304837152,0.8920397787559624,0.9113255339404238,1.0,0.9911589492854671,0.9815571066864455,1.0,0.9866508581730462,0.9433904944615733,0.9150645090776669,0.8788600604443059,0.8938353841912985,0.8151975179928719,0.9489082617820742,1.0,0.9591973615961837,0.973067349489834,0.9608286849850769,1.0,0.8370051584051001,0.9627674260337055,0.9558584541812608,0.9621534393548983,0.9720723996513714,0.9742771718794432,0.9325444577491695,0.9892725900189615,1.0,0.9914265468920773,0.9030129561713764,0.9687029689224529,0.8928849322429131,1.0,0.9718382243337901,0.9720455201582459,0.9808784390555954,0.9680323182565054,0.8882266508661977,0.8773165514381547,0.939376214892229,0.9743800450345431,0.9757725982228652,1.0,0.9801076652065184,0.9802433388647621,0.9741633739155283,0.8448127942770184,0.8621260534849993,0.9730887867957134,1.0,1.0,1.0
NZ_CP054589.1_v1,0.7764863222960052,0.9438902571549627,0.9704484489250819,0.7822546456958873,0.7952007084809337,0.8565984607167946,0.9128478464141186,0.8228973005653479,0.8228973005653479,1.0,1.0,1.0,1.0,0.810145093834912,0.9475661669218893,0.8658770377321185,1.0,0.9460496165568544,1.0,1.0,0.9199688907365079,1.0,1.0,1.0,1.0,1.0,1.0,1.0,1.0,1.0,1.0,1.0,0.786677857372243,0.921664857994028,0.9836449814011875,1.0,1.0,0.7890642271128888,0.7967983526886669,0.8513729545286117,1.0,0.981861688549796,0.8514812487537936,1.0,1.0,0.8456902455438493,0.8771788849663367,0.792181973427471,0.8712583570296198,0.9111285164806718,0.9394945921002551,0.7625080323802724,0.9410835569073023,0.870040608674376,0.9216917440026934,1.0,0.9869218933806504,0.9599608308267005,0.9418725450235097,0.7998840943530051,0.7766517646189278,0.9235249798507279,0.0,0.7632143448363455,0.9638630415673447,0.829117785955432,0.8640012970592017,0.9694452778819365,0.8742861728174846,0.854545663766177,1.0,0.881184128383419,0.9862293063258792,0.8105244496255728,0.8491545871327836,0.8447567680520653,0.840402308871809,1.0,1.0,1.0,0.9842249465997269,0.8195639211779739,0.9199590933849687,0.96526080903347,0.8438436692680251,1.0,1.0,0.8141458768847604,0.7948841453508853,0.8294923638905387,0.9832575152898229,0.9917609067671406,0.939972736797698,0.974667975231597,0.992087207489234,0.9916826167409459,0.7838039339216576,0.9460496165568544,0.9905280942982239,0.9405125723999732,0.9791655800657435,0.7993056668637647,0.9840526502572665,0.7258995007088421,0.6631145441262077,1.0,0.9905208899380157,0.9848079397674558,1.0,1.0,0.8149859829837743,0.8069990651484238,0.7944609950545132,0.7981329938027888,0.8014911695996725,0.8695874089183251,0.9833585055682345,0.9480309200061285,0.9765103304541317,0.9738007953685631,1.0,0.7767976765845763,0.8190170589831854,0.9128478464141186,0.864960096835431,0.8577490220610048,0.8760962164083201,0.8311419593377698,0.9827179596953893,1.0,1.0,0.9451041592099183,0.9473725770389355,0.9448505195311412,0.9778644449146572,0.8513640616475933,0.848664239417205,0.862519033485436,0.9471719414802591,0.7965316003011189,0.7978887516538324,0.8483514507676465,0.9103232670464282,0.8468327739245188,0.9749924851000317,0.9840276500275135,0.9864949064980836,0.9842680060697119,0.7861632954695191,0.6316332980139141,0.9799190232691387,1.0,1.0,1.0
NZ_CP054589.1_v2,0.6468137318090299,0.9567436826764633,0.9925545356623058,0.8221019520499662,0.7670852597095279,0.8031070454935396,0.9391402623492549,0.9193503524925409,0.9193503524925409,1.0,1.0,1.0,1.0,0.7065731007297659,0.9289881865210089,0.8120304065800251,0.980380368711162,0.908133603103871,1.0,1.0,0.9305528271190082,1.0,1.0,1.0,1.0,1.0,1.0,1.0,1.0,1.0,1.0,1.0,0.6538347651843261,0.8971087694026543,0.9368255295269483,1.0,0.9811571403254286,0.5265265794370069,0.8097025973738718,0.7937197028780295,1.0,0.9541850075583996,0.794015487461721,0.9522658370474603,1.0,0.7075268660267136,0.8844213200661746,0.8042293515195472,0.7930943874936403,0.8671828651445652,0.9220282847755157,0.6099954469931848,0.9429026601004986,0.8429475128777035,0.9322662133240105,1.0,1.0,0.9388250830624993,0.9470433501388867,0.6695265128678096,0.7989768909179262,0.9433727457839729,0.7632143448363455,0.0,0.9840249869832146,0.8546132398881143,0.8177924979170479,0.9839294015309994,0.838008169659906,0.7578424578006135,1.0,0.7374925440584976,0.9925993485429685,0.6501758396456054,0.7445989808211624,0.6962147853172667,0.7348053140696515,1.0,1.0,1.0,1.0,0.6820402699334419,0.9307937128998585,0.9842981593174488,0.711027154842689,1.0,1.0,0.7019583084562034,0.6860062681952485,0.7552645415171959,1.0,0.9631307380231392,0.9754402206550913,0.9850100695555728,0.9635046877899793,0.9636006801351763,0.8224236194310304,0.8492425221584139,0.9279980444846846,0.9324084371997596,0.979936704926502,0.6552380494995493,0.9843038345191885,0.8019374840039288,0.8365222148736534,0.9920841232871778,1.0,1.0,0.9925097827921963,1.0,0.7419155234489629,0.8219994341886543,0.632012415009926,0.49931867380315076,0.6396048386282267,0.8889623546222599,0.9694245863206543,0.9283977256143506,0.992240643907963,0.9566703842216613,1.0,0.7795009069419389,0.7817258950144008,0.9391402623492549,0.7286304338930709,0.8948759304251724,0.8206664269882231,0.7645247311887482,0.9615297613874725,1.0,0.9620918070081366,0.8752677772179427,0.9282724434463764,0.8509360721485384,0.9910579911207008,0.8938220542564472,0.8785301577713991,0.844374993542178,0.928602731021717,0.6609121543299299,0.6462601604458511,0.8325786965511197,0.8541844795407871,0.6864320702986297,0.9841899312927358,1.0,1.0,0.9844285537007647,0.621323131747822,0.8041330339442058,0.9845496770224719,1.0,1.0,1.0
NZ_CP054708.1_v1,0.9841696382284307,0.9887651683311369,0.9591407222841996,0.949787797442632,0.9732692798501713,0.9729675888000539,0.9700681401834328,0.9576637709610596,0.9576637709610596,1.0,1.0,1.0,1.0,0.9744373733918126,1.0,0.9751130842907537,1.0,0.9922076779766107,1.0,1.0,0.914768948668544,1.0,1.0,1.0,1.0,1.0,1.0,1.0,1.0,1.0,1.0,1.0,0.9919216411241548,0.9708205349121478,0.9782860029317949,1.0,1.0,0.9840571314595781,0.9505081207182011,0.969496296747975,1.0,1.0,0.9695472551229314,0.9885244219382328,1.0,0.9738257334113325,0.9805595079629682,0.9622641989235863,0.9731455179538556,0.9912033896390634,0.9159907709376851,0.9501551362522949,0.9146373795554035,0.9839463224765241,0.9169385071542397,1.0,0.9696846378393463,0.9895692940380483,0.981370256482355,0.9842963226178757,0.950186347764181,0.9270561806666181,0.9638630415673447,0.9840249869832146,0.0,0.9447929706737479,0.9647991498802462,0.975593751442463,0.9729017477599986,0.983418921839713,1.0,0.9706184889446988,0.9781701434025998,0.9752448083335634,0.9840777500863761,0.9841337891260101,0.9841033106826331,1.0,1.0,1.0,0.9809723644765358,0.9842733149391607,0.9154124894705028,0.9713934299013635,0.9760853072706253,1.0,1.0,0.9733555775281447,0.9748504131357568,0.9734824348774923,0.966234991644574,0.9905232530481846,0.9791824334950924,0.979631559584472,0.9903956200926046,0.9904415569537723,0.9505699884557813,0.9922076779766107,1.0,0.9805770495538411,0.9914714944214776,0.9737311608410566,0.9846747900079689,0.9450581965465642,0.9418554226997988,1.0,1.0,0.9770988420381148,1.0,1.0,0.9731589240158145,0.9505656535893584,0.9613304324554782,0.9737590712930586,0.9841430806926689,0.9620738492205385,0.9889901515673629,1.0,0.9737815041449399,0.9496562724882387,0.9910771525682993,0.9504559291503839,0.9754513026913006,0.9700681401834328,0.9729032151990176,0.9654101394449556,0.9834354281539792,0.967388551570324,0.9812892767599062,0.9903151165368821,0.9915785875280573,0.924679994336985,1.0,0.9131921105522737,0.9794070363067288,0.980070821290419,0.9733310385966408,0.9809559258105961,1.0,0.9741872285778914,0.9742058089795931,0.9515647884092824,0.9739760684104715,0.9922076779766107,0.9889315377896479,0.9662382351338992,0.9626460407373006,0.9844990840863456,0.9839764847450245,0.954406460710799,0.983089922365436,1.0,1.0,1.0
NZ_CP054709.1_v1,0.8660516021870199,0.9662890420872915,0.9728289990732409,0.8334245197896579,0.8199648115557452,0.8800227831254223,0.9475364804654602,0.9278123156952096,0.9278123156952096,0.9898246105856251,0.9892593111737153,0.9916485011410319,1.0,0.8575525948090146,0.951728401512768,0.882243083779935,1.0,0.9511982306296534,1.0,1.0,0.938261810693984,1.0,1.0,1.0,1.0,1.0,1.0,1.0,1.0,1.0,1.0,0.989524436597901,0.8679623524869156,0.9612389154823062,0.9689511709052346,1.0,0.9903899099975347,0.8477190363293758,0.8512934519588751,0.8842164903887064,0.9906725597034897,0.9923154611193523,0.884457199354737,0.9834903454453472,1.0,0.9057547471201959,0.8955693962547059,0.8338274490555417,0.8847472565201686,0.9122519421357755,0.9386610085081353,0.8250915589930717,0.9394035862244015,0.8888401369993478,0.9469861716673925,1.0,0.9788231285031511,0.9675878051993689,0.9555901894584279,0.8586092217751785,0.8383200757838132,0.94939791984184,0.829117785955432,0.8546132398881143,0.9447929706737479,0.0,0.7417978176159105,0.9700962674481395,0.8745557013610965,0.8972399379301572,1.0,0.8813592099722611,0.9781318947280946,0.8706902295478711,0.8824805805138434,0.8811864822173615,0.8884852466485196,1.0,1.0,1.0,0.9861534663907581,0.858925492013558,0.9308770402031076,0.9642955856084982,0.8762051924671056,1.0,1.0,0.8668132503053186,0.8580904398425382,0.8804385233128204,0.985511216833483,1.0,0.9622309128086334,0.9852803198905903,1.0,1.0,0.851211386409785,0.9511982306296534,0.9907991277445096,0.9295013766584879,1.0,0.8671472695686334,0.9917270857526206,0.8250304797671737,0.8324461593239338,1.0,0.9907021626608589,0.9916750828792983,1.0,1.0,0.8445810700734172,0.8517392768218698,0.8581571127791987,0.8561783498789325,0.8669240946652925,0.8820531334923253,0.9766542515482348,0.9757292889050488,0.9776335886653124,0.9569242832007246,0.989055084507563,0.838100324274818,0.8562967933951148,0.9475364804654602,0.8962280742811732,0.8831223672399671,0.8879436964933575,0.8628151402752321,0.9844039530752613,0.9838600892364352,1.0,0.9527672272543977,0.951529743556034,0.9603155844333631,0.9685993782080798,0.8971099571894888,0.8737686403832348,0.8601059768504402,0.9511649865040155,0.8587026712074952,0.8596000379587526,0.8731636800773233,0.9040387935674397,0.8849705221574582,0.9865038052031042,0.9664981130850014,0.9722019533242064,0.9843111168280827,0.8650577703143415,0.8343223735923979,0.9792865237928579,1.0,1.0,1.0
NZ_CP054709.1_v2,0.8695868994397291,0.9681233260728346,0.9885773047864436,0.8697693212488484,0.8187901263862281,0.8900937536976857,0.9721846229627211,0.9609412534939982,0.9609412534939982,0.9903899099975347,0.9901072602915799,1.0,1.0,0.8694722969141102,0.9760609964639008,0.8791210858624987,0.9823599279219192,0.9510019448327333,1.0,1.0,0.9639780737871873,1.0,1.0,1.0,1.0,1.0,1.0,0.9925483259339174,1.0,1.0,1.0,0.9782359561733682,0.8812831288891283,0.9698011040851721,0.9548966287574696,1.0,0.9728548161680932,0.8351244227924142,0.859077769591252,0.8963967409201153,0.9914467741154529,1.0,0.896627257948812,0.992522829566874,1.0,0.9159703677733975,0.8900406662294363,0.8465539204910819,0.8886824536555614,0.9159037113159478,0.956994505798326,0.7969297524002135,0.963725428506745,0.8915745105124104,0.9723249406445698,1.0,0.9886263205159553,0.9700693704186102,0.9535850065966682,0.8485864005137631,0.8508348329482055,0.9644624538253967,0.8640012970592017,0.8177924979170479,0.9647991498802462,0.7417978176159105,0.0,0.9774327697714071,0.8765920123466443,0.8922038404535997,1.0,0.8642867098090001,0.9877876271991144,0.8508511774149351,0.8636966700313258,0.8837398175599384,0.8697613918572972,0.966354489708723,1.0,1.0,0.9784491376280501,0.8472479840762261,0.9561398441289266,0.9655241442499961,0.8541509572175808,1.0,1.0,0.8675917372835951,0.8778957812032667,0.8745915600987002,0.985766425866245,1.0,0.9541191706237429,0.9854192655215193,1.0,1.0,0.8593012533170303,0.9428593870784046,0.9683940001198279,0.9421619267864733,1.0,0.8704288774802985,0.9916704928849766,0.8603982505625917,0.880832779255563,0.9924535067279866,0.9902744403130417,0.9925716124153738,1.0,1.0,0.8766792531889107,0.8463410341020132,0.8539946999039789,0.8375654960928504,0.8474966124969139,0.8861570864081626,0.9682482931034962,0.9849354668791812,0.9769121157978009,0.9462015931409561,1.0,0.8504177670173163,0.876526806052943,0.9721846229627211,0.890755525616789,0.8862376655665966,0.8891378025202887,0.8762874658531692,1.0,1.0,0.9926122236942619,0.9428761669840031,0.9834645671644889,0.9424392836116404,0.987846062643941,0.9022340540026772,0.8791628960505511,0.8730895613387897,0.9760354796920092,0.8703219309585609,0.8712039728760097,0.86352572378412,0.871652056088023,0.8735995671979833,0.9865662875864232,0.9758188192158249,0.987902592585132,0.984212514333949,0.8699338764225424,0.8684523151327369,0.9796555305777617,1.0,1.0,1.0
NZ_CP058531.1_v1,0.991459016328074,0.9803230863093886,0.9909496274583395,0.9618735616344913,0.9315850865416754,0.9843151594896041,0.9579576967379515,0.9893687582403069,0.9893687582403069,1.0,0.97409918535305,1.0,1.0,0.9668197121848409,1.0,0.9763972213384978,1.0,0.9915671650108209,1.0,1.0,0.9552088305015403,1.0,1.0,1.0,1.0,1.0,0.9915050915646658,0.9925764454586951,1.0,1.0,1.0,1.0,0.9667042061141149,0.9714301231835357,0.9721191745479046,1.0,1.0,0.9840512544582156,0.9429197830425287,0.9918394966465673,1.0,1.0,0.9917190344326567,1.0,1.0,0.9917405872183572,0.970707202637845,0.9697858503365202,0.9841599100036763,0.9847576290111959,0.9557971858699104,0.969852458550652,0.9556295571440396,0.9843128973819503,0.9552088305015403,1.0,0.9726786379838656,0.9728803913226258,0.9737360616256978,0.9839602029086907,0.9699465305367604,0.9735200903691839,0.9694452778819365,0.9839294015309994,0.975593751442463,0.9700962674481395,0.9774327697714071,0.0,0.9705043884070483,0.9840716848018516,1.0,0.9844085631127572,0.9896819795879805,0.974970619543312,0.984086376541131,0.9915671650108209,0.9915671650108209,1.0,1.0,1.0,0.9725458028676266,0.9841593685271567,0.9552088305015403,0.9197737859979073,0.9917247948421017,1.0,1.0,0.9918596884685,0.9649895466509231,0.9421230970555832,0.9738354444295627,0.9842299897753664,0.9639572390882457,0.9213574685565231,1.0,0.9847645663931506,0.9438727811127421,0.9915671650108209,0.9920347077214529,1.0,1.0,0.9727068173215861,0.9829959139662263,0.9619220627155788,0.969930118234132,1.0,0.9903023283985065,1.0,1.0,1.0,0.9734169215632842,0.9577419713538421,0.9841731346014082,0.9840208134410102,0.983964539827404,0.9704635630234999,0.9668068660365107,1.0,0.9549368186162541,0.9143931852541757,0.9761014167452063,0.9523314660120373,0.9919905149038277,0.9579576967379515,0.9668517409281066,0.9703841189707058,0.9842445999543306,0.9642622701101705,1.0,1.0,0.975544043498268,0.9758113556091158,1.0,0.9833753838375933,0.989513538004211,0.9704861035757895,0.9630152895518516,0.9703602819994387,1.0,0.9840927824580067,0.9840927824580067,0.9707789053431761,0.9846837465350451,0.9924942647691242,0.9888140847571925,0.9697586899290985,0.9698628698647223,0.991127130364613,0.9663005528336246,0.9550036173580728,0.944041814003026,1.0,1.0,1.0
NZ_CP063206.1_v1,0.8793565888615835,0.9724574662403638,0.9893107570516728,0.8594556687514909,0.8456821810819992,0.8835776749754515,0.9659937471295218,0.9606899285986774,0.9606899285986774,1.0,1.0,1.0,1.0,0.8813079068185611,1.0,0.8618208451752464,1.0,0.9532342280431231,1.0,0.9910506616052259,0.9607181186771722,1.0,1.0,1.0,1.0,1.0,1.0,1.0,0.9846644496023473,1.0,1.0,1.0,0.896035507439861,0.9576566797914025,0.9857397415475103,1.0,1.0,0.8381701733005176,0.8467008107324566,0.8911664329305956,1.0,1.0,0.8916103549305053,0.9923226381403215,1.0,0.9298747323786986,0.8722927093389321,0.8599082689135202,0.8681365179499836,0.911865521314745,0.9523985855449781,0.8183185123635274,0.9720898335373239,0.8930475829621479,0.9695624417451849,0.9910506616052259,0.9882902264675844,0.9521987322193807,0.9586552680585971,0.8796360649640917,0.848075438232144,0.97232448455872,0.8742861728174846,0.838008169659906,0.9729017477599986,0.8745557013610965,0.8765920123466443,0.9705043884070483,0.0,0.8193463390206935,1.0,0.8519239224403149,0.987514744776696,0.8838849698456915,0.8914847458724936,0.841601388319705,0.875155461433992,1.0,1.0,1.0,0.9776615034616427,0.8799099566495263,0.9607181186771722,0.9439141857993707,0.8548167818543304,1.0,1.0,0.8754602441033119,0.8851939804726188,0.886678177575942,0.9848234814496349,1.0,0.9846237236074346,0.9848894674720721,1.0,1.0,0.8589646528046309,0.9420419187653581,0.9914276060295563,0.9333482507869187,0.988758617408881,0.8798619141514292,0.9842865734758436,0.8703734185386304,0.8844186401640862,1.0,0.9906273223468757,1.0,1.0,1.0,0.8701218481188744,0.8594129112938135,0.8794825966638973,0.8355710618379175,0.8799285950518105,0.8791625880878677,0.9225194047672218,1.0,0.9781575921639742,0.9749706556812798,1.0,0.8378736881262419,0.8832511185434064,0.9659937471295218,0.8240654621328657,0.8222865803020726,0.8611539658207252,0.881989843735794,1.0,1.0,1.0,0.983559913672992,0.992608628498614,0.983559913672992,0.987564059733652,0.8988020311663255,0.8641022195265168,0.8622918569433978,1.0,0.8788720456838041,0.8797863854094472,0.884669424624786,0.8988636983994212,0.8573776192488644,0.9854383300104961,0.9860216276509796,0.9874515172878027,0.9921770167472722,0.8636092007640863,0.8712000973573532,0.9783859955458477,1.0,1.0,1.0
NZ_CP063206.1_v2,0.8152890680482091,0.974973821165147,0.9730808569161425,0.8636602368229024,0.8575257747627008,0.8425424823944871,0.9719708092283917,0.9623236543569815,0.9623236543569815,1.0,1.0,1.0,1.0,0.8096745090216106,0.9559105023068583,0.8218588888832072,1.0,0.9246383256905597,1.0,0.9908547636461713,0.9626958606369139,1.0,1.0,1.0,1.0,1.0,1.0,1.0,1.0,1.0,0.9853993761267693,1.0,0.8186371163266868,0.9532079223731232,1.0,1.0,0.9749570215629978,0.767559360504982,0.8502925715630221,0.8078167416549435,0.9748750200753102,0.981935880086756,0.8080787725532559,0.9516874196131925,0.9762709535262416,0.8510756021420282,0.8706680381996085,0.8662380092244647,0.829689630200836,0.8719424690768167,0.9541977727600284,0.8281089912952218,0.9738418244463841,0.8655911521924713,0.9647194145864275,0.9908547636461713,0.9925007620568997,0.9786753560067915,0.9824727113190332,0.8037056531113681,0.8614432120254261,0.974292864733989,0.854545663766177,0.7578424578006135,0.983418921839713,0.8972399379301572,0.8922038404535997,0.9840716848018516,0.8193463390206935,0.0,1.0,0.8006903463026135,1.0,0.8119431719266128,0.8465520676828531,0.7767963909092253,0.8107399156039019,0.9924002794292932,1.0,1.0,1.0,0.8104524412261722,0.9626958606369139,0.9531430556719012,0.7996686174200011,0.9747194302719542,0.9845995970946507,0.812408747105333,0.8108452330860207,0.8246418466912296,0.9838314116650081,0.9362341159193683,0.9809203965014475,0.9834798251729241,0.9558059550410543,0.9655846387245735,0.8622409236875211,0.894354617866963,0.9522413099697726,0.8823277164656738,0.9708036313258438,0.8050094967950064,0.9844468265801775,0.8595599991602194,0.8879137405524815,1.0,1.0,1.0,1.0,1.0,0.812956478698292,0.8624778012274141,0.8058104719512705,0.7607914826010937,0.8050596741663001,0.8950784302856554,0.9469176328687922,0.9551602921180562,0.9924237697046241,0.9918886536143776,1.0,0.8415175961598752,0.8043193228339003,0.9719708092283917,0.6575410010288096,0.8845386251773529,0.7253794149084954,0.721644394899144,0.9631814994465079,1.0,0.9637672190686337,0.9752357597465799,0.9546163189543545,0.9752682010716698,0.9520969069505184,0.8548268539638901,0.8672113084256119,0.8592795600763428,0.9549903870063635,0.811667988421932,0.8058526080193716,0.8935059722879292,0.8611804393178912,0.777131777206383,0.9684652562512388,0.9903128237140926,0.9913209913818567,0.9599499550676346,0.7918779736136972,0.8592610069422174,0.9737117126708655,1.0,1.0,1.0
NZ_CP063208.1_v1,1.0,1.0,1.0,1.0,1.0,1.0,1.0,1.0,1.0,1.0,1.0,1.0,1.0,1.0,1.0,1.0,1.0,1.0,1.0,1.0,1.0,1.0,1.0,1.0,1.0,1.0,1.0,1.0,0.9917455357401548,1.0,1.0,0.9922089427586304,1.0,1.0,1.0,1.0,1.0,1.0,1.0,1.0,1.0,1.0,1.0,1.0,1.0,1.0,1.0,1.0,1.0,1.0,1.0,1.0,1.0,1.0,1.0,0.9924589058451243,1.0,1.0,1.0,1.0,1.0,1.0,1.0,1.0,1.0,1.0,1.0,1.0,1.0,1.0,0.0,1.0,1.0,1.0,1.0,1.0,1.0,1.0,1.0,1.0,1.0,1.0,1.0,0.9924336847944392,1.0,0.9905403398130289,0.9824247327174436,1.0,1.0,1.0,1.0,1.0,1.0,1.0,1.0,1.0,1.0,1.0,1.0,1.0,1.0,1.0,1.0,1.0,1.0,1.0,1.0,0.991945662725374,1.0,0.9919173206648118,1.0,1.0,1.0,1.0,1.0,1.0,1.0,1.0,1.0,1.0,1.0,1.0,1.0,1.0,1.0,1.0,1.0,1.0,1.0,1.0,1.0,1.0,1.0,1.0,1.0,1.0,1.0,1.0,1.0,1.0,1.0,1.0,1.0,1.0,1.0,1.0,1.0,1.0,1.0,1.0,1.0,1.0,1.0,1.0
NZ_CP064790.1_v1,0.7709485376579248,0.9776271055456838,0.9925846370575444,0.861249926491957,0.8186403266118216,0.7764213297941108,0.982612898151417,0.9886124417124361,0.9886124417124361,1.0,1.0,1.0,0.962615419774147,0.7795971495538633,0.9619354033952129,0.7677855328713438,0.9563904756618236,0.9078308973820784,1.0,1.0,0.9246929841921536,1.0,1.0,1.0,1.0,1.0,1.0,1.0,1.0,1.0,1.0,1.0,0.8297265250681112,0.9373113364478789,0.9618522536065917,1.0,0.9221875722818863,0.7362153784298727,0.8061864953162848,0.8243373600196738,0.9916991376964374,1.0,0.824863178871063,0.9615752463791559,0.9752659150815581,0.8460340092319422,0.9045482660055287,0.8465506194342405,0.8080037465221557,0.8712570419366231,0.9205315596898994,0.7969260312220485,0.9436274336872543,0.8491902207077164,0.9262297151600439,1.0,1.0,0.9912499974463299,0.9901637902327709,0.7690169061132126,0.8379728932150114,0.9432367006685193,0.881184128383419,0.7374925440584976,0.9706184889446988,0.8813592099722611,0.8642867098090001,0.9844085631127572,0.8519239224403149,0.8006903463026135,1.0,0.0,1.0,0.7442860422199209,0.8059571016310803,0.7812127523572121,0.8303683923866647,1.0,1.0,1.0,1.0,0.7625110643716241,0.9246929841921536,0.984414234395364,0.7462967776471502,1.0,1.0,0.8177605002923712,0.8050144999737618,0.8182197664291904,0.968488025497264,0.9629542827040576,0.9925716124153738,0.9908962739388412,0.9635490434416957,0.9635256870169949,0.8339535381825341,0.8681579475609771,0.9287883063502965,0.9243679459692405,0.961709040549001,0.7820012110535314,0.9551899323683541,0.8519173932227723,0.8880069674489328,1.0,1.0,0.9815571066864455,1.0,0.9866508581730462,0.821335040975111,0.8575703991932992,0.778707525824156,0.724725276522959,0.7758107872264842,0.8652463370815218,0.9698253350245615,0.9605763791079344,0.9750418076270017,0.9560804182855006,1.0,0.8060646306259849,0.8228951387347134,0.982612898151417,0.7901249361236555,0.8966611970206374,0.8340047831232469,0.8149639024356644,0.9538578229774042,1.0,0.9621667610323889,0.9657619261476671,0.9614421695570324,0.9657943247305631,1.0,0.8954485344643934,0.8476768036156866,0.8421531982843737,0.9615420315245891,0.8119454857410127,0.7959049615019944,0.9070671724342494,0.8597764184138896,0.7906136328388951,1.0,1.0,0.9837403718512278,0.984321606293526,0.7463074094942217,0.8485938130070448,0.9847096027740763,1.0,1.0,1.0
NZ_CP069189.1_v1,0.9851673383729319,0.8907202201436426,0.9894756603313598,0.9734587316700408,0.9429282017269873,1.0,0.8482729828336066,0.8778677796904535,0.8856808225657609,0.9889641483297364,0.9783722672338607,0.988702237017799,0.9886488576605013,0.984828381067796,1.0,0.9908616294392297,0.988738314999429,1.0,1.0,0.9889789146540789,0.9783244813613579,1.0,1.0,1.0,1.0,1.0,1.0,1.0,1.0,1.0,1.0,1.0,0.9925447775176954,0.8896757676135372,0.8697331359952776,1.0,0.9890854891620319,0.9925993485429685,0.9661052073173051,1.0,0.9890878186594735,0.9891583110121208,1.0,0.9886326821086268,0.9890757527562888,1.0,0.9579254487925323,0.9869464396811553,1.0,0.9924950996905881,0.9865941979785345,0.9661085671125171,0.9789033433687497,1.0,0.9857216309830545,0.9889789146540789,0.8643780584009192,0.8765502630155693,0.8697501220863194,0.992519263242552,0.9657631408149437,0.9926028503783033,0.9862293063258792,0.9925993485429685,0.9781701434025998,0.9781318947280946,0.9877876271991144,0.9896819795879805,0.987514744776696,1.0,1.0,1.0,0.0,0.9771600825186952,0.992487304351014,1.0,1.0,0.9890854891620319,1.0,1.0,0.852956802484464,0.9844855261253693,0.9782012278843235,0.9881744444371515,1.0,1.0,1.0,1.0,0.9923671012206302,0.9924698872595376,0.8640817818422268,1.0,0.8179515497596517,0.8676151478745324,1.0,1.0,0.9575249133491555,1.0,1.0,0.9891054638654108,0.9824742814396673,1.0,0.9813228486635881,0.9662806376358115,0.9665759656828786,1.0,1.0,1.0,1.0,1.0,0.9794835040459404,0.9660668445647028,0.9862769008892691,0.9926228426745781,0.9926228426745781,0.9705533017838307,0.9409262640220726,1.0,0.9876772316115251,0.9748846693918625,0.991803158527309,0.9657773336583975,0.984647412355079,0.8482729828336066,1.0,0.9875678195035579,0.9924698872595376,1.0,1.0,0.9609600268966635,0.9827256646649902,0.9926109248113707,1.0,0.9926109248113707,0.8640344461712604,0.9565725408872103,0.9688160744466093,0.9689356241853512,1.0,0.9850839881874568,0.9924884250169874,0.9081364026904943,1.0,1.0,0.8790995910317772,0.8595744450854319,0.8605798671216206,0.9800258439803209,0.9925838100961368,0.9708060573919901,1.0,1.0,1.0,1.0
NZ_CP069193.1_v1,0.6053751269305985,0.9472622056279255,0.9879256107647787,0.8109804318437897,0.708586902982788,0.7804207600207289,0.9039784048050964,0.9246887751531194,0.9246887751531194,1.0,1.0,1.0,1.0,0.5985246083197616,0.9267474435349401,0.8115318815164192,1.0,0.9025876921746412,1.0,0.9913717458182201,0.8471121753658177,1.0,1.0,1.0,1.0,1.0,1.0,1.0,1.0,1.0,0.9922462310393464,1.0,0.668260477778746,0.8502951082082719,0.9427765075724963,1.0,0.9817027851486378,0.6886405211058866,0.7433740038110062,0.7965410552774072,1.0,0.9495368587825059,0.797039844162136,0.9610445310598751,1.0,0.6631453147661526,0.8807357291094884,0.7956921743666134,0.763907283573134,0.8699560424261671,0.8399274251587447,0.7759887139402761,0.84195387689961,0.854803051501614,0.8487701875274717,0.9913717458182201,0.970724722221319,0.9200849612292609,0.9126595497338469,0.6167249166543135,0.7435190329910439,0.8689804298394972,0.8105244496255728,0.6501758396456054,0.9752448083335634,0.8706902295478711,0.8508511774149351,0.974970619543312,0.8838849698456915,0.8119431719266128,1.0,0.7442860422199209,0.9771600825186952,0.0,0.771543680349919,0.7792757002406477,0.7713910372815886,1.0,1.0,1.0,0.9636379802304392,0.592326185079344,0.846742935688026,0.9720099994544844,0.7385553544592333,1.0,1.0,0.6788170828748076,0.6660126790636998,0.7282641501604571,0.9737635699291594,0.9364675497225761,0.9517724537591044,0.9400969126540563,0.9516197120383718,0.9374898589315743,0.7152695307051773,0.8681401654447178,0.9283066966110791,0.9425096734794474,1.0,0.5675615811897208,0.9451952513211923,0.7463204683851354,0.8383116153888893,1.0,1.0,0.9815571066864455,0.9824611700841687,0.9866508581730462,0.746202136949478,0.7848105130169856,0.5504884434520053,0.5697945070033745,0.560040707146811,0.8715272770291592,0.977466137624166,0.9260297436177729,0.9795845907437478,0.9508117166868911,1.0,0.7228109747534353,0.7956978777504558,0.9039784048050964,0.7547215190437722,0.8787185264355131,0.8230905503652953,0.7379561970732407,0.9498462887862252,1.0,0.9360453393131924,0.9490890558201002,0.925924475112777,0.9468671797022622,0.9908096019851648,0.9153299484274748,0.8727949690536709,0.8731495919766602,0.9259122665070871,0.5825274371748035,0.5595569239059601,0.8136359723741939,0.8580151773373234,0.7742372444505411,0.9833289803130609,0.9623860975447761,0.962702993239081,0.9750712190649254,0.5573293035977749,0.7099855293120445,0.9843123482475522,1.0,1.0,1.0
NZ_CP070334.1_v1,0.7869415107669784,0.9836453496330595,1.0,0.8503585981817465,0.8137108716924183,0.8431759956827038,0.9921124732998634,0.9842611929974623,0.9842611929974623,1.0,1.0,1.0,0.9923487053807327,0.7835845824099051,0.9747579672008742,0.8426500444551891,1.0,0.9107043490331479,1.0,1.0,0.9514535342650218,1.0,1.0,1.0,1.0,1.0,1.0,1.0,1.0,1.0,1.0,1.0,0.8389725355630284,0.983316360757625,0.9089954594203156,1.0,0.9813814600834592,0.7250176282673122,0.8184089328060046,0.8128212956270443,1.0,1.0,0.813284798087374,0.97523483634811,1.0,0.8637583021969846,0.8931584841211103,0.8539416908977255,0.8397405827408148,0.8862182472667918,0.9520902021946954,0.7872270819246338,0.9440478086932823,0.8491677799178676,0.9529292664289786,1.0,0.992445790898768,1.0,0.9833347803291711,0.7806316298094669,0.8182075623327192,0.9517798204800537,0.8491545871327836,0.7445989808211624,0.9840777500863761,0.8824805805138434,0.8636966700313258,0.984086376541131,0.8914847458724936,0.8465520676828531,1.0,0.8059571016310803,0.992487304351014,0.771543680349919,0.0,0.8168123297012367,0.7998097392093338,1.0,1.0,1.0,1.0,0.7621878216645837,0.9439628822115165,0.9842504361225204,0.760863664586773,1.0,1.0,0.8305388237066199,0.8216527760089758,0.8151712468074035,1.0,0.9763597271188634,0.9926190183317449,0.9850873982487114,0.9765740419181136,0.9765724992431292,0.8206655558958502,0.9107043490331479,0.9442680281509596,0.9394935486910598,1.0,0.7894443951793813,0.9835972440169349,0.8167431521793969,0.8659987552065213,1.0,1.0,0.9708370476655033,1.0,1.0,0.8373170944173068,0.8189419797294811,0.7673296779869164,0.740483035188207,0.7451852502765246,0.8825596232477718,1.0,0.9748420441181206,0.9922225318119584,0.9561814240192571,1.0,0.8182251854720718,0.8562660473475008,0.9921124732998634,0.8421170934069109,0.8925884734479015,0.8470283614112737,0.8431704921270453,0.9753246012635344,1.0,0.9753054542915022,0.9354522129385916,0.974633942701876,0.943161114167503,0.9908096019851648,0.9117131822775376,0.8733269062926172,0.8366008959053864,0.974885714574054,0.8029742116378652,0.7886001347871096,0.9011094961797405,0.8855090433876163,0.8094373811156501,0.9835154088781243,0.9922936781744938,0.9925075745913684,0.984028104966615,0.7944519367889099,0.8205770203543831,0.9843084418263284,1.0,1.0,1.0
NZ_CP070335.2_v1,0.7582842736771304,0.9752421931028927,0.9925751602172578,0.8509760406003999,0.8349743461413248,0.8345090554186027,0.9895723725568932,0.9713191982155289,0.9713191982155289,1.0,1.0,1.0,0.9923496146254884,0.773623167915324,0.9617569439214653,0.8159739285384988,1.0,0.8928853427890729,1.0,1.0,0.9553719423218537,1.0,1.0,1.0,1.0,1.0,1.0,1.0,1.0,1.0,1.0,1.0,0.787123862169794,0.9633245726383695,1.0,1.0,1.0,0.7125174555600149,0.8324228193016787,0.7950351112459959,1.0,1.0,0.7952472545901701,0.9613360565139409,1.0,0.8165834828401719,0.8842063662043775,0.8437419705451219,0.8065889144940377,0.8669225188505012,0.9547741901291718,0.7851237477983886,0.9664568429088054,0.8462472737156024,0.9571357042227013,1.0,1.0,0.9902815891521389,0.972782300685156,0.7814296801697059,0.842902850744456,0.9665636228787696,0.8447567680520653,0.6962147853172667,0.9841337891260101,0.8811864822173615,0.8837398175599384,0.9915671650108209,0.841601388319705,0.7767963909092253,1.0,0.7812127523572121,1.0,0.7792757002406477,0.8168123297012367,0.0,0.7352936229340052,1.0,1.0,1.0,0.9873790354807904,0.7707926031363596,0.9476543008121817,0.9844866390549761,0.7832067908559704,1.0,1.0,0.7825051785272645,0.7758707704623229,0.7928967708170416,1.0,0.9643184244526112,0.9924135616157009,0.9922213647248953,0.9646901529651918,0.9644690666067565,0.8449073817897736,0.5322662966934957,0.9508401793583572,0.9324088822844293,0.9894612038208259,0.7642781171208104,0.9839911501142204,0.8576698686853105,0.8943164918427797,1.0,1.0,0.9617206827917275,1.0,1.0,0.8007210380415546,0.8441451939268407,0.7703512148411498,0.7142441277979524,0.7710472610385767,0.8919134901076767,0.9703687309821437,0.9608866200744057,0.992324427909178,0.991989692631044,1.0,0.8233868230980934,0.8239208486952352,0.9895723725568932,0.7602462612954022,0.8967298339213523,0.8229245074498462,0.8083283685086214,0.9619250103460751,1.0,0.962478418120291,0.9831402521234803,0.9612785323150003,0.964635382127222,0.9835773785145557,0.9118741562795848,0.8822105182485078,0.8873257992909959,0.9614012249074981,0.7700280814584,0.7562660183217503,0.8930057435395351,0.855395331018138,0.4152986671890707,0.9836256949304402,1.0,1.0,0.9842421305253969,0.7428371580919187,0.860956125917342,0.9844733875356699,1.0,1.0,1.0
NZ_CP070375.1_v1,0.8080346074388721,0.992340656328797,0.9925751602172578,0.8655468032964669,0.8562830251047606,0.8528554422915577,1.0,0.9923055455853127,0.9923055455853127,1.0,1.0,1.0,1.0,0.8181971239967334,0.9748267108365827,0.853306735640287,1.0,0.8929843650350517,1.0,1.0,0.9738797286876064,1.0,1.0,1.0,1.0,1.0,1.0,1.0,1.0,1.0,1.0,1.0,0.7883750345063677,0.956657665557725,0.9790239864000054,1.0,0.9813349031525472,0.7621465189261931,0.8626228072567215,0.8221476977300505,1.0,0.9814285653088055,0.8222632181884957,0.9748414823262289,1.0,0.8443178318116266,0.8883528202113092,0.8567554881752881,0.8481565661704499,0.8849992907604477,0.9652901048173086,0.7988022651049018,0.9664342804735788,0.8461626644110867,0.9756434905884539,1.0,1.0,0.9804556947746571,0.984923836867217,0.8046656998736919,0.8627922448595609,0.9665936381015787,0.840402308871809,0.7348053140696515,0.9841033106826331,0.8884852466485196,0.8697613918572972,0.9915671650108209,0.875155461433992,0.8107399156039019,1.0,0.8303683923866647,1.0,0.7713910372815886,0.7998097392093338,0.7352936229340052,0.0,0.9919670953567629,1.0,1.0,1.0,0.7972744308632831,0.9661620871779344,0.9846185358484424,0.7882582157508278,1.0,1.0,0.8077695684357207,0.7992836902087578,0.8134588050427282,1.0,0.9771092730462728,0.9891699762925587,1.0,0.9770556738154227,0.9770711203872275,0.8647350553257067,0.8932622240680244,0.9451027850091284,0.940081540731233,1.0,0.7922602379674004,0.9840482715757204,0.8401935968366719,0.8942305480066471,1.0,1.0,1.0,1.0,1.0,0.8404976120538916,0.863866905203426,0.7823266148596443,0.7443382845042219,0.7743386465752424,0.8918338472639856,0.9900127221646735,0.9747308916956042,0.992324427909178,0.9723172730965857,1.0,0.8537540935321707,0.8452780982669764,0.9925829044678667,0.806714982746229,0.8966537036403355,0.8538087982149245,0.8510630511194294,0.9753992703011835,1.0,0.9675891300952862,0.9831069775678697,0.9747792123876677,0.9831168778980734,0.9925193873938549,0.9118082743056279,0.8821269765692858,0.8872426579712589,0.9750034638080463,0.7975148455338492,0.7837527823971996,0.889512233509937,0.8849509629580741,0.624229870473803,1.0,1.0,1.0,0.9842149325888055,0.782185581580422,0.8647250818254473,0.9844757920437444,1.0,1.0,1.0
NZ_CP073372.1_v1,1.0,0.9775618311212457,1.0,1.0,1.0,1.0,0.9773060468982011,0.9784908082021069,0.9784908082021069,0.8993533474640429,0.9120142488732055,0.899745957801593,0.8365073520969913,1.0,1.0,1.0,0.8525107661770045,1.0,1.0,0.759514855096967,1.0,1.0,1.0,1.0,1.0,1.0,1.0,1.0,1.0,0.9426574537443401,1.0,1.0,1.0,0.9786639815991323,0.9780070262165445,1.0,0.7661067055190529,1.0,1.0,1.0,0.6368661270154259,0.7518075937404674,1.0,1.0,0.6862535659483742,1.0,1.0,1.0,1.0,1.0,0.9925891570246904,1.0,0.9925891570246904,1.0,1.0,0.7199423064345414,0.9789836878217041,0.9785300813288919,0.9783062188087223,1.0,1.0,1.0,1.0,1.0,1.0,1.0,0.966354489708723,1.0,1.0,0.9924002794292932,1.0,1.0,0.9890854891620319,1.0,1.0,1.0,0.9919670953567629,0.0,1.0,1.0,0.9769826067736558,1.0,1.0,1.0,1.0,0.992104818936837,0.9922030044528062,1.0,1.0,1.0,0.9606174240294315,0.9810153614166987,0.9616891164330833,0.9776506399073054,1.0,0.9815407999726403,1.0,1.0,1.0,0.9925321617819302,1.0,1.0,1.0,1.0,1.0,1.0,1.0,1.0,1.0,0.9894612038208259,0.9910431864702384,1.0,1.0,1.0,1.0,1.0,0.9909403331091311,1.0,1.0,1.0,1.0,1.0,1.0,0.9773060468982011,0.9918589193536539,0.9915831090918006,0.9918585425913138,0.9780454419182286,1.0,1.0,1.0,0.9539316248397304,1.0,0.9550086708088562,0.979466608524188,0.9924641941299455,0.9911681919343541,0.9911681919343541,1.0,1.0,1.0,1.0,0.9596821711961203,1.0,0.9714001913483982,0.9712564502445971,0.9788918389696936,0.9759247336291625,1.0,1.0,1.0,1.0,1.0,1.0
NZ_CP077714.1_v1,1.0,1.0,1.0,1.0,1.0,1.0,1.0,1.0,1.0,1.0,1.0,1.0,1.0,1.0,1.0,1.0,1.0,1.0,0.9114816721066178,1.0,1.0,0.9400468649251723,0.8298925958958145,0.8490990486037179,0.9178706612737574,0.9193885671635106,0.9281684718003723,0.74395971263354,1.0,1.0,1.0,1.0,1.0,1.0,1.0,0.8852307922739412,1.0,1.0,1.0,1.0,1.0,1.0,1.0,1.0,1.0,1.0,1.0,1.0,1.0,1.0,1.0,1.0,1.0,1.0,1.0,1.0,1.0,1.0,1.0,1.0,0.9921934843117229,1.0,1.0,1.0,1.0,1.0,1.0,1.0,1.0,1.0,1.0,1.0,1.0,1.0,1.0,1.0,1.0,1.0,0.0,0.7901412793904652,1.0,1.0,1.0,1.0,1.0,1.0,1.0,1.0,1.0,1.0,1.0,1.0,1.0,1.0,1.0,1.0,1.0,1.0,1.0,1.0,1.0,1.0,1.0,1.0,1.0,1.0,1.0,1.0,1.0,1.0,1.0,1.0,1.0,1.0,1.0,1.0,1.0,1.0,1.0,1.0,1.0,0.9921934843117229,1.0,1.0,1.0,1.0,1.0,1.0,1.0,1.0,1.0,1.0,1.0,1.0,1.0,1.0,1.0,1.0,1.0,1.0,1.0,1.0,1.0,1.0,1.0,1.0,1.0,1.0,1.0,1.0,1.0,1.0,0.9926228426745781,1.0
NZ_CP077716.1_v1,1.0,1.0,1.0,1.0,1.0,1.0,1.0,1.0,1.0,1.0,1.0,1.0,1.0,1.0,1.0,1.0,1.0,1.0,0.959863979939461,1.0,1.0,0.9655975251437208,0.9472739152858644,0.9469646897097832,0.9491791979498246,0.765595641606989,0.9571374514927845,0.8843300027054792,1.0,1.0,1.0,1.0,1.0,1.0,1.0,0.9466763721723055,1.0,1.0,1.0,1.0,1.0,1.0,1.0,1.0,1.0,1.0,1.0,1.0,1.0,1.0,1.0,1.0,1.0,1.0,1.0,1.0,1.0,1.0,1.0,1.0,1.0,1.0,1.0,1.0,1.0,1.0,1.0,1.0,1.0,1.0,1.0,1.0,1.0,1.0,1.0,1.0,1.0,1.0,0.7901412793904652,0.0,1.0,1.0,1.0,1.0,1.0,1.0,1.0,1.0,1.0,1.0,1.0,1.0,1.0,0.9926228426745781,1.0,1.0,1.0,1.0,1.0,1.0,1.0,1.0,1.0,1.0,1.0,1.0,1.0,1.0,1.0,1.0,1.0,1.0,1.0,1.0,1.0,1.0,1.0,1.0,1.0,1.0,1.0,1.0,1.0,1.0,1.0,1.0,1.0,1.0,1.0,1.0,1.0,1.0,1.0,1.0,1.0,1.0,1.0,1.0,1.0,1.0,1.0,1.0,1.0,1.0,1.0,1.0,1.0,1.0,0.9922925221973204,1.0,1.0,1.0,1.0,1.0
NZ_CP082248.1_v1,1.0,0.8778665192591598,0.9606066836573987,0.9698859067827807,0.9357314701261155,0.9857017502130504,0.8030608717659512,0.8657343894881127,0.873521388887169,0.9775953363057464,0.9788557082930509,0.9778998400655541,0.977878193477158,0.9638297510806209,1.0,0.9881126374851023,0.9766156934279178,1.0,1.0,0.9769722186948924,0.9655089902750326,1.0,1.0,1.0,1.0,1.0,1.0,1.0,1.0,1.0,0.9910068939271048,1.0,0.9722715800477799,0.8498122739368413,0.8189475198851396,1.0,0.9769042492181169,1.0,0.9523509322970543,1.0,0.9770379687601813,0.9641047636154308,1.0,1.0,0.9771899634283215,0.9889005363599223,0.9510759660641322,0.9692238294723358,0.9735747086505323,1.0,0.9734236013461948,0.9699230629456186,0.9652134956052957,1.0,0.9729302741532437,0.9769722186948924,0.8220610149881091,0.8015694658600234,0.8359816310298707,0.9925443622774992,0.9586007689122261,0.9830335355256656,0.9842249465997269,1.0,0.9809723644765358,0.9861534663907581,0.9784491376280501,0.9725458028676266,0.9776615034616427,1.0,1.0,1.0,0.852956802484464,0.9636379802304392,1.0,0.9873790354807904,1.0,0.9769826067736558,1.0,1.0,0.0,0.9923656868636702,0.9648344372361328,0.9728663418005383,1.0,1.0,1.0,0.9889342640118672,0.9507026191399164,0.9485156701790095,0.8288037951670459,0.9762367103847338,0.8319396488622087,0.7942555985749165,0.9914761025084486,0.9764876341032855,0.954214800234402,0.9873790354807904,1.0,1.0,1.0,0.9630052774036809,0.9719986350351427,0.9694823311059164,0.970966025711732,1.0,1.0,0.950742105775048,1.0,1.0,0.9829087135250274,0.9697998021715931,0.9814599344528578,0.9815002328799705,0.9923319870094182,0.9352123818551332,0.9193731301073312,1.0,0.9750222938297864,0.9718764371548083,1.0,0.9530951862633336,1.0,0.8030608717659512,0.972019804296228,0.9853614054640649,0.9892041600115778,0.9688170806599761,0.989892616529915,0.9913045877573207,0.9564685712172127,0.9924884250169874,1.0,0.983958297907174,0.8805203335876189,0.9861819300861747,0.9528372918639243,0.9526798051683295,1.0,0.9813984581418127,0.9813369818307676,0.9621398444710919,1.0,0.9873790354807904,0.8651652368177579,0.8361776864647656,0.8226370599452963,0.9722640617404494,0.9759543291695548,0.9598194054178113,1.0,1.0,1.0,1.0
NZ_CP082287.1_v1,0.62806967493618,0.8733939610816215,0.9806455531777228,0.8172210674461557,0.7139470787550131,0.7945378031211083,0.947996176924855,0.9361829522851016,0.9361829522851016,1.0,1.0,1.0,1.0,0.556984704357046,0.8726574336313402,0.8169845430014948,1.0,0.902973292975687,1.0,1.0,0.8724984094655858,1.0,1.0,1.0,1.0,1.0,1.0,1.0,1.0,1.0,1.0,1.0,0.7486962358548155,0.925777209189299,0.9710397078846097,1.0,0.9813941574282534,0.5942189000813876,0.7698510969894853,0.7903917495867493,1.0,0.9888455353155133,0.7908904470544974,0.9610259592007235,1.0,0.7574997860568834,0.8837335111834093,0.8031241817204733,0.7672637509883978,0.8671408899192703,0.8724540206806295,0.7784749467438251,0.874768738726316,0.8513122371616929,0.8741963628477749,1.0,0.991998321419516,0.9724616424121219,0.9382216428864479,0.6288200397346795,0.7479602088963733,0.8723347040316631,0.8195639211779739,0.6820402699334419,0.9842733149391607,0.858925492013558,0.8472479840762261,0.9841593685271567,0.8799099566495263,0.8104524412261722,1.0,0.7625110643716241,0.9844855261253693,0.592326185079344,0.7621878216645837,0.7707926031363596,0.7972744308632831,1.0,1.0,1.0,0.9923656868636702,0.0,0.8724984094655858,0.9843000777695778,0.7550974459085462,1.0,1.0,0.745577471865762,0.7444422710857753,0.7718509965854896,0.9925674942273349,0.9631861861080371,0.9924093558066399,0.9850873982487114,0.9639682304471462,0.9637910508526303,0.7637510275217992,0.8668476559720459,0.9097645137450728,0.939280804154386,1.0,0.6534767983330811,0.9627405573555138,0.7879187749711656,0.8508195014647134,1.0,1.0,0.981996223193911,1.0,0.9870021513790187,0.7451215040717136,0.7949540937616945,0.6381239289445001,0.6967952261956569,0.6414802793067057,0.885064422859059,0.9903593966770056,0.8406955894160467,0.9922548406270223,0.9720774909689618,0.9904205587608311,0.7475361421338315,0.8021231159036794,0.947996176924855,0.7799967860133404,0.8931242057868563,0.7705220018183013,0.7319013096390501,0.952791970221301,1.0,0.962021792986735,0.9485438649783036,0.870428649451435,0.9565322417016876,0.9801864954365573,0.9117812489036927,0.8676132074550911,0.8682973545962563,0.8724488136466898,0.6742687633297146,0.6560455813005821,0.8682672384795712,0.8542594461612656,0.7873170673600105,0.9836503325154138,0.9923227681293814,0.9732446153228147,0.9764904144933858,0.6239433016885354,0.7643546900049742,0.9845926543201275,1.0,1.0,1.0
NZ_CP082289.1_v1,0.8471421204151871,0.9743723869232457,0.9880473302364167,0.9044366478318344,0.864341031239489,0.9338695581595158,0.9134973833436821,0.9010964757598479,0.9010964757598479,1.0,1.0,1.0,1.0,0.8388237131790224,0.9668454279026809,0.9562864227139282,1.0,0.9830727039958149,1.0,1.0,0.30700168982166454,1.0,1.0,1.0,1.0,1.0,1.0,1.0,1.0,1.0,1.0,1.0,0.9226679050811633,0.8891794575788687,0.9620717640113201,1.0,0.9924336847944392,0.9212324164994777,0.8215963161118084,0.9655923100433254,1.0,0.9903665986815797,0.965638731932928,0.9876264240189315,1.0,0.9140805367412468,0.9712151795850432,0.9146651510991539,0.9520862217556267,0.9743460306623478,0.5595422416805835,0.8837583217868178,0.5769620234030931,0.9740084353387387,0.32201182615290225,1.0,0.9484505364865574,0.9604137270841835,0.9284052726086083,0.89127620810596,0.8432605441223477,0.5180705972702195,0.9199590933849687,0.9307937128998585,0.9154124894705028,0.9308770402031076,0.9561398441289266,0.9552088305015403,0.9607181186771722,0.9626958606369139,1.0,0.9246929841921536,0.9782012278843235,0.846742935688026,0.9439628822115165,0.9476543008121817,0.9661620871779344,1.0,1.0,1.0,0.9648344372361328,0.8724984094655858,0.0,0.9529460501560119,0.9430852377598363,0.9829534712736073,0.9825650639281021,0.9277208567163951,0.9112292631821156,0.9062836857353329,0.9739342998352821,0.9741692411513784,0.9801524147413653,0.937685332352706,0.9887228168273806,0.974185223553834,0.8432863840498458,0.9750807835599412,0.9920295012898686,0.9556641047096376,0.9810301668774867,0.862966714619563,0.9432663226871252,0.8629728904173166,0.8918696966220487,1.0,0.9911022069877596,0.981996223193911,1.0,0.9870021513790187,0.9405905052144167,0.8909535185344908,0.8543114834212822,0.9022004157152111,0.8898393150544684,0.9488685768646473,0.9740043027580374,0.9572996869382898,0.9728830759153303,0.9345366162408639,0.99049261701278,0.8020444954080278,0.9596719035408225,0.9134973833436821,0.9271211578213525,0.9719786377313798,0.9739574942800275,0.9105803498727922,0.9894832977331512,0.9903312798727701,0.9828231610228453,0.9029526321561951,0.967098938463692,0.8936542418480099,0.9905536400101306,0.971547721794486,0.971743261875448,0.9806328573956922,0.9590670349629196,0.8853470643291758,0.8747997924214742,0.9261632070474553,0.9741706001435504,0.9568323266803181,0.9923496146254884,0.9485737785556606,0.9620765353264062,0.9656661477697048,0.8252963493667804,0.844338987092485,0.9728692845494833,1.0,1.0,1.0
NZ_CP083668.1_v1,0.9842090365522358,0.9853250096214727,0.9807859269683478,0.9660968833542962,0.9575028959683314,0.9840426685280671,0.9602335954967512,0.9701424715850661,0.9853816698159844,1.0,1.0,1.0,1.0,0.9720714522580661,1.0,0.9734682993675345,1.0,0.9844866390549761,1.0,0.9800995043748605,0.9529460501560119,1.0,1.0,1.0,1.0,1.0,1.0,1.0,1.0,1.0,1.0,1.0,0.9705563384058312,0.973053841233467,0.9724523258828314,1.0,1.0,0.9842775435189763,0.9528695846103237,0.9580791261273632,1.0,1.0,0.9580956298350264,1.0,1.0,0.9480341008671939,0.9577748226672984,0.9647828215568771,0.9846330310349553,0.9712148900500427,0.9605969893959027,0.965519936832306,0.9606778028319212,0.9842058200878602,0.9529460501560119,0.9800995043748605,0.9753255474084837,0.9723920342692465,0.9693525272891684,0.984301526250029,0.9655672054239997,0.9728618583687756,0.96526080903347,0.9842981593174488,0.9713934299013635,0.9642955856084982,0.9655241442499961,0.9197737859979073,0.9439141857993707,0.9531430556719012,0.9924336847944392,0.984414234395364,0.9881744444371515,0.9720099994544844,0.9842504361225204,0.9844866390549761,0.9846185358484424,1.0,1.0,1.0,0.9728663418005383,0.9843000777695778,0.9529460501560119,0.0,0.9842274391341208,1.0,1.0,0.9844594164311273,0.9711183560484484,0.9551536518716075,0.9574262871463805,0.9836063170546182,0.9854978958560083,0.9376918657329498,0.9921595429391652,0.9836063170546182,0.9531891405019608,0.9844866390549761,0.9924142773511965,0.9920392815326953,1.0,0.9707782786777626,0.9708733867707962,0.9656445698965848,0.965771803646862,1.0,0.9915939809704393,1.0,0.9914776521872384,1.0,0.951379389113404,0.9504387325127925,0.9637421541961215,0.9842055099930345,0.9635547232288576,0.967084868505008,0.930860248091546,1.0,0.9489210290029999,0.9352207087675452,1.0,0.9536300367653482,0.9763236584681911,0.9602335954967512,0.9714392536677198,0.9647196943433464,0.9843793785104449,0.9709465485186498,1.0,1.0,0.9921310321862167,0.9824670025644141,1.0,0.9825977824364134,0.9879906741214063,0.9675797766096004,0.948321274824959,0.9398762607168689,1.0,0.9840936917179472,0.9840936917179472,0.9673466356456455,0.9838790612544883,0.9923417157856987,0.9863385975455151,0.9732862774966075,0.9747496225116749,0.9847951446723908,0.9723660833034361,0.9538629659500389,0.8627092792161928,1.0,1.0,1.0
NZ_CP083669.1_v1,0.773656469769736,0.9792579988725985,0.8940785206786609,0.8379630096619942,0.8031552059440115,0.8043573691980235,0.9866735222508509,0.958392643011191,0.958392643011191,1.0,1.0,1.0,0.9924471960715919,0.779133079986907,0.9537395850657746,0.7984554659683853,1.0,0.9184195245851637,1.0,1.0,0.9430852377598363,1.0,1.0,1.0,1.0,1.0,1.0,1.0,1.0,1.0,1.0,1.0,0.8128108561091859,0.9598473748988946,0.9346194905666207,1.0,0.9813349031525472,0.7094661171751375,0.8164300078705616,0.8088008553002014,1.0,1.0,0.8093265235091693,0.9617518410945007,1.0,0.849480775604812,0.8878787407265195,0.8190585136408696,0.8079389750433522,0.8582777074803996,0.9425848080309382,0.7564729502455391,0.9514473711123866,0.8389131801539348,0.9521491831238532,1.0,1.0,0.9871831206063378,0.9865148737062182,0.7751936300371468,0.8176727646273825,0.9510775432909219,0.8438436692680251,0.711027154842689,0.9760853072706253,0.8762051924671056,0.8541509572175808,0.9917247948421017,0.8548167818543304,0.7996686174200011,1.0,0.7462967776471502,1.0,0.7385553544592333,0.760863664586773,0.7832067908559704,0.7882582157508278,1.0,1.0,1.0,1.0,0.7550974459085462,0.9430852377598363,0.9842274391341208,0.0,1.0,1.0,0.8097337898209916,0.8063368461844063,0.7799316987773866,1.0,0.9642154184333595,1.0,0.9826680983899964,0.9641620019846355,0.964111578732225,0.8204121657004347,0.8884106828917067,0.9289691471927409,0.9391740983861956,0.9839588693760242,0.7771700091141864,0.9627448878549377,0.8106969945249409,0.868782344609747,1.0,1.0,0.9646842536822798,0.9605715764616384,0.9792444264137934,0.8127910944119416,0.8435589122638588,0.7798417217493477,0.6596868362845809,0.7766982322164904,0.8817407478495874,0.9777885308354581,0.9608634287464184,0.9924644243222621,0.9551602394347926,1.0,0.8074471989580663,0.7821384376255573,0.9866735222508509,0.7973873380124037,0.8518856243210667,0.80629507810565,0.8158335289010833,0.9527793988857901,1.0,0.961865875170619,0.9338214846402322,0.9533442964774042,0.9414100252429324,1.0,0.9119874842822817,0.8627473307377979,0.8314521080960224,0.9532892790160942,0.8044040282877205,0.7988358328037307,0.8979459869083457,0.8434222317024005,0.7820838138512725,1.0,0.9925838100961368,1.0,0.9843625684328766,0.7710025009810746,0.8149354549603555,0.9844419282884926,1.0,1.0,1.0
NZ_CP084465.1_v1,1.0,1.0,1.0,1.0,1.0,0.9915611853473034,1.0,1.0,1.0,0.9905696532571469,0.9834489265556523,0.9901874349677883,0.9906603296681358,1.0,1.0,1.0,0.9914041972166914,1.0,1.0,0.9921473007265442,0.9829534712736073,1.0,1.0,1.0,1.0,1.0,1.0,1.0,0.9831932973310467,0.9828935482309059,1.0,1.0,1.0,1.0,1.0,1.0,0.9836022505471254,1.0,0.9825310324743297,1.0,0.9836078337459201,0.9693457309271313,1.0,1.0,0.9835744835808539,1.0,0.9907539628188047,1.0,1.0,1.0,0.982822795443258,0.982610356746646,0.9825077712902369,1.0,0.9829534712736073,0.9921473007265442,0.9833469233371279,1.0,1.0,1.0,0.9826131445006252,0.9826740322785514,1.0,1.0,1.0,1.0,1.0,1.0,1.0,0.9747194302719542,0.9905403398130289,1.0,1.0,1.0,1.0,1.0,1.0,0.992104818936837,1.0,1.0,1.0,1.0,0.9829534712736073,1.0,1.0,0.0,0.8166450358747649,1.0,1.0,1.0,1.0,0.9861109075046071,0.9915874521727646,1.0,0.9907059435270276,1.0,0.9825310324743297,1.0,1.0,0.9734236725669188,0.9816076855511797,1.0,1.0,1.0,1.0,1.0,1.0,1.0,1.0,1.0,1.0,0.9824428943939781,1.0,1.0,1.0,1.0,1.0,1.0,1.0,1.0,1.0,0.9825310324743297,1.0,1.0,0.9910481862864033,0.990886406520495,0.9736000661812146,0.9811017266046292,1.0,1.0,1.0,1.0,1.0,1.0,0.9840310587138632,0.9904265897303686,1.0,0.9914068277308273,1.0,1.0,1.0,1.0,0.9922942135464103,1.0,0.9923484419729173,0.9814867332306113,0.9903459422654973,0.9911517539069628,1.0,1.0,1.0,1.0,1.0,1.0
NZ_CP084467.1_v1,1.0,1.0,1.0,0.9924093558066399,1.0,1.0,1.0,1.0,1.0,0.9904096954769517,0.9828164757767884,0.9826496769202897,0.9903566570909519,1.0,1.0,1.0,0.9908062453752251,1.0,1.0,0.9921829349661982,0.9825650639281021,1.0,1.0,1.0,1.0,1.0,1.0,1.0,0.9833207128221202,0.9667622582041434,0.990856481061449,1.0,1.0,1.0,1.0,1.0,0.9848965653070589,1.0,1.0,1.0,0.9847183483116224,0.9846570999596785,1.0,1.0,0.9763951449884641,1.0,1.0,1.0,1.0,1.0,0.9824973326200777,1.0,0.9823526824764419,1.0,0.9825650639281021,0.9921829349661982,1.0,1.0,1.0,1.0,1.0,0.9824819715428774,1.0,1.0,1.0,1.0,1.0,1.0,1.0,0.9845995970946507,0.9824247327174436,1.0,1.0,1.0,1.0,1.0,1.0,0.9922030044528062,1.0,1.0,1.0,1.0,0.9825650639281021,1.0,1.0,0.8166450358747649,0.0,1.0,1.0,1.0,1.0,0.9887406023726774,1.0,1.0,1.0,1.0,1.0,1.0,1.0,0.9923219459622895,0.991890358968508,1.0,1.0,1.0,1.0,1.0,1.0,1.0,1.0,1.0,1.0,1.0,1.0,1.0,1.0,1.0,1.0,1.0,1.0,1.0,1.0,1.0,1.0,1.0,0.9911366021877716,0.9907174841600652,0.9820959682105389,1.0,1.0,1.0,1.0,1.0,1.0,1.0,0.9922988638431521,1.0,1.0,0.9911321781412702,1.0,1.0,1.0,1.0,1.0,1.0,0.9922988638431521,0.9909905406226889,1.0,0.9912567024291297,1.0,1.0,1.0,1.0,1.0,1.0
NZ_CP084468.1_v1,0.7406187498151693,0.9548292670893803,0.9867276308604441,0.8150989007672513,0.7960148190969419,0.7946705869951222,0.941005187166686,0.9128474500800843,0.9135165799962223,1.0,1.0,1.0,1.0,0.7286956299398641,0.928340384090707,0.8272644352712033,1.0,0.9167393124549905,1.0,1.0,0.9268091928336634,1.0,1.0,1.0,1.0,1.0,1.0,1.0,1.0,1.0,1.0,1.0,0.6958156591823924,0.8993936754102841,0.9860299678555134,1.0,1.0,0.7402199541041887,0.8139324120457715,0.8068662274204095,1.0,0.948746664834359,0.8071288857652149,0.961525510627026,1.0,0.7298664912779117,0.8780006218261522,0.8069993713126636,0.7769143395708338,0.868079373371168,0.9269157516303427,0.791608558786551,0.9291693069747489,0.849762851540456,0.9285142622440249,1.0,0.9857848795722769,0.9383898883992072,0.9459146472942475,0.7081541322776514,0.7941906036256278,0.9288700984750209,0.8141458768847604,0.7019583084562034,0.9733555775281447,0.8668132503053186,0.8675917372835951,0.9918596884685,0.8754602441033119,0.812408747105333,1.0,0.8177605002923712,1.0,0.6788170828748076,0.8305388237066199,0.7825051785272645,0.8077695684357207,1.0,1.0,1.0,0.9889342640118672,0.745577471865762,0.9277208567163951,0.9844594164311273,0.8097337898209916,1.0,1.0,0.0,0.69093766916245,0.7632985857777623,0.9875374553119292,0.9508476906357763,0.9520141953849688,0.9793853914725151,0.9516811330094854,0.9514910704470579,0.8164671147251394,0.8768360325444721,0.9508264680586548,0.9397484825483228,1.0,0.6789202108500155,0.9839871174111944,0.8008084377049328,0.8501124622198694,1.0,1.0,1.0,1.0,1.0,0.7699856380366078,0.815652698729132,0.6824987723979274,0.6778084789360272,0.7014859278550347,0.8795434854572198,0.9894006360266928,0.9188059649706924,0.9805172954838399,0.9773955412395946,1.0,0.7931010198373774,0.791879267714674,0.941005187166686,0.7835484397663697,0.8966651765381182,0.8243089599672875,0.7604124105046545,0.9496097695201874,0.9921934843117229,0.9527890926022624,0.9643008343107098,0.9280703012629599,0.9534644049780173,0.991554769391773,0.911963338898823,0.8837446270915632,0.888786453336955,0.9278849079705694,0.6850870358078273,0.6783916379031008,0.8207761623245343,0.854677684107164,0.7977920863966645,0.9916287576449114,0.9868904820155308,0.9868469287996355,0.9843331305842163,0.6998942212768093,0.8123301008643664,0.9844125666509176,1.0,1.0,1.0
NZ_CP084470.1_v1,0.7375692365113755,0.9584061600969712,0.9782860903002303,0.8109879657999576,0.7868367505437198,0.7897075959518202,0.9085955588446153,0.9246062739224786,0.9246062739224786,1.0,1.0,1.0,1.0,0.7044211924699476,0.9288192557081179,0.8262266695820828,1.0,0.9108147679571101,1.0,1.0,0.9117446334543506,1.0,1.0,1.0,1.0,1.0,1.0,1.0,1.0,1.0,0.9917150204469576,1.0,0.659091325763988,0.8855399732881049,0.9579987570110702,1.0,1.0,0.722649702922908,0.7947497129282683,0.789051803443236,1.0,0.9493885950213071,0.7895154414359247,0.9610472495229511,1.0,0.7207644841493077,0.8776043432521702,0.8000395043174597,0.7730552208202967,0.866903435143082,0.9128453766622897,0.7820216155152461,0.9138751246942791,0.8458743162236728,0.9134607491248129,1.0,0.965358922541863,0.9204015195084951,0.9260907885797812,0.6891055111288049,0.7919671002615919,0.9323034416673424,0.7948841453508853,0.6860062681952485,0.9748504131357568,0.8580904398425382,0.8778957812032667,0.9649895466509231,0.8851939804726188,0.8108452330860207,1.0,0.8050144999737618,0.9923671012206302,0.6660126790636998,0.8216527760089758,0.7758707704623229,0.7992836902087578,1.0,1.0,1.0,0.9507026191399164,0.7444422710857753,0.9112292631821156,0.9711183560484484,0.8063368461844063,1.0,1.0,0.69093766916245,0.0,0.6966187882301428,0.9744057966728356,0.9372835841421424,0.9574710596110553,0.9380584632206984,0.9539141830625432,0.9380804065274277,0.7980335479686551,0.871956167684537,0.9499987912828446,0.9398735072665875,1.0,0.6541611589917478,0.9644999661743183,0.7910683500170292,0.8364903491828218,1.0,1.0,1.0,1.0,1.0,0.7650133039582657,0.8125493823836423,0.6746144626201557,0.6729722215838154,0.6904152352731047,0.879850838891649,0.9765221551627811,0.9282304977735889,0.9818058780064034,0.9762303038283029,1.0,0.7748755904566561,0.7887372591986431,0.9085955588446153,0.7667370895396902,0.8958280296590748,0.8235960946623344,0.7299811097296636,0.949200966293706,1.0,0.9346046750604522,0.9580954499390495,0.9282474087981504,0.9480833956071143,0.9910579911207008,0.9139867845024394,0.8808861167852544,0.8868216568945916,0.9282067404019945,0.6796288558134318,0.6728644523692566,0.8223000366181513,0.8559422947898646,0.7902575509630306,0.9916287576449114,0.9681954066492341,0.9681657015439833,0.9749919318268621,0.6619749177299823,0.801508390738003,0.9844077301857203,1.0,1.0,1.0
NZ_CP084471.1_v1,0.7764990752168737,0.9640264416845342,0.978193537350269,0.8253723664543601,0.7949059073406781,0.7905691294590785,0.8873825580453499,0.9531814605218175,0.9531814605218175,1.0,1.0,1.0,1.0,0.7233426155499336,0.9394781578836072,0.8122884078450021,1.0,0.9163548881452115,1.0,1.0,0.9053335776615752,1.0,1.0,1.0,1.0,1.0,1.0,1.0,1.0,1.0,1.0,1.0,0.7300793780580019,0.9152805629198656,0.9338448914722431,1.0,0.9893631685075314,0.7529209028781225,0.7866891568345364,0.8050104542794156,1.0,0.9890990458765244,0.8053898100686291,0.9619697940047035,1.0,0.8081581283751293,0.8856374404348245,0.8151962450945316,0.8010006747280346,0.8595005390143136,0.9084775346935066,0.7953001593826027,0.9087782027576647,0.8417117793171653,0.9069659543600144,1.0,0.9449661863741249,0.9402026359389836,0.9328106948124729,0.7838526654666479,0.817627164644499,0.9464204094711949,0.8294923638905387,0.7552645415171959,0.9734824348774923,0.8804385233128204,0.8745915600987002,0.9421230970555832,0.886678177575942,0.8246418466912296,1.0,0.8182197664291904,0.9924698872595376,0.7282641501604571,0.8151712468074035,0.7928967708170416,0.8134588050427282,1.0,1.0,1.0,0.9485156701790095,0.7718509965854896,0.9062836857353329,0.9551536518716075,0.7799316987773866,1.0,1.0,0.7632985857777623,0.6966187882301428,0.0,0.9521038941050217,0.915005727009276,0.9776917515811447,0.890761315642585,0.9508372998436722,0.915738915423657,0.7829129696084353,0.8893067579176848,0.9401071002987417,0.9400992423380321,1.0,0.7153446224325597,0.9433087052006353,0.84790248689055,0.8653884183476597,1.0,1.0,1.0,1.0,1.0,0.7900473766917018,0.8183045413242431,0.7361127548069224,0.7421509703001532,0.767774259740521,0.8801943478237955,0.9507110788704572,0.9386789345136134,0.980222258502585,0.9664998226687308,1.0,0.7792803464047918,0.7971708691678754,0.8793480302651876,0.7740252069869038,0.8966037735009391,0.8124758609863398,0.7548420384739278,0.9496874082015506,1.0,0.9378098951228319,0.9760087138749549,0.9465918769716282,0.9716201389446038,0.9908096019851648,0.9144364408117287,0.8810416517094659,0.8869529233598924,0.9466167992945735,0.7606175512373893,0.7552779670793216,0.8887062054401496,0.8448764006623872,0.80709030323222,0.9913671563213149,0.9248642308009734,0.945597664119966,0.9597533356448507,0.7314642909489775,0.8016063133004901,0.9845104745029117,1.0,1.0,1.0
NZ_CP084473.1_v1,0.9925088468660176,0.8642909169424556,0.9591862291148395,0.9717883680340862,0.9728357275934874,0.9886690720818684,0.8126212918569535,0.8597449939683273,0.8597449939683273,0.9788676730446144,0.976126180358038,0.9366180882377549,0.9789949174118591,0.973141023539259,1.0,0.9882570072518896,0.9695428888544613,1.0,1.0,0.9708267427209736,0.9734409494397535,1.0,1.0,1.0,1.0,1.0,1.0,1.0,1.0,0.9657500604346974,1.0,1.0,0.9836899582941354,0.8373004210575795,0.8347032778749599,1.0,0.936455515547074,1.0,0.9495413740405467,0.9771735398786816,0.978614110351902,0.9890733307118976,0.9771735398786816,1.0,0.9688513447142099,0.988663351454719,0.9869003748427089,0.9637756567577428,0.9887931708389767,1.0,0.9730083806050784,0.9720291761260428,0.9657692575840534,1.0,0.9734409494397535,0.9708267427209736,0.8404460492985952,0.8464748548871768,0.8215201790977548,1.0,0.9646339340289523,0.9875805432231956,0.9832575152898229,1.0,0.966234991644574,0.985511216833483,0.985766425866245,0.9738354444295627,0.9848234814496349,0.9838314116650081,1.0,0.968488025497264,0.8640817818422268,0.9737635699291594,1.0,1.0,1.0,0.9606174240294315,1.0,1.0,0.8288037951670459,0.9925674942273349,0.9739342998352821,0.9574262871463805,1.0,1.0,1.0,0.9875374553119292,0.9744057966728356,0.9521038941050217,0.0,0.9059859401899457,0.8284938433475653,0.6989203075082302,0.9775841478093759,0.9053939082517557,0.9575386781351987,1.0,1.0,1.0,1.0,0.9633630579538266,0.973818551976944,0.975251319893348,0.9724357895406118,1.0,1.0,1.0,1.0,0.9895059545477014,0.9701593295377997,0.9718621918332454,0.986533760437722,0.9872865315933773,1.0,0.9756818410572056,0.8913153678251152,1.0,0.9681769529442432,0.9746278326522987,1.0,0.9494409614112874,1.0,0.8126212918569535,0.9766766341016953,0.9848367897930129,0.9925435184022618,0.96822256976467,0.989357543530539,0.9917736734860404,0.9836253832772236,0.9757537032331082,1.0,0.9570667502931511,0.8820152125524275,0.9768555502083832,0.976372641330525,0.975172291635647,1.0,0.9866627664173164,0.9867846841562739,0.9749030672914326,1.0,1.0,0.8625399230063437,0.8335236607522682,0.8325500051301976,0.9541229237584902,0.9855934301389069,0.9571024916428876,1.0,1.0,1.0,1.0
NZ_CP084474.1_v1,0.9632801105086307,1.0,0.9893361479869847,0.9879832712390648,0.9895757559532082,0.9520089474038567,0.9529078990647738,0.9887790810907824,0.9887790810907824,0.9837637121504034,1.0,0.9586734112936153,1.0,0.935593229183463,0.8622565477682481,0.9635618763847386,1.0,0.9771092730462728,1.0,1.0,0.9736462733448554,1.0,1.0,1.0,1.0,1.0,1.0,1.0,1.0,0.9496126360636259,1.0,1.0,0.9468963711601143,0.9722632131984701,0.9655800214532745,1.0,0.9876545530472532,0.9626634720287387,0.9733982470475865,0.9632919167744801,0.9876545530472532,0.9891299253554688,0.9633865582889954,0.9232511086823342,1.0,0.9507848801732982,0.9905864398712065,0.987903690253893,0.9522702343070828,0.9641444969558096,0.9732981679298705,0.9885773047864436,0.9655962694867036,0.9769676591680183,0.9736462733448554,1.0,0.9662105477204046,0.985195500605446,0.9796860885242008,0.9626379286944065,0.98865662905876,0.9876636165126725,0.9917609067671406,0.9631307380231392,0.9905232530481846,1.0,1.0,0.9842299897753664,1.0,0.9362341159193683,1.0,0.9629542827040576,1.0,0.9364675497225761,0.9763597271188634,0.9643184244526112,0.9771092730462728,0.9810153614166987,1.0,1.0,0.9762367103847338,0.9631861861080371,0.9741692411513784,0.9836063170546182,0.9642154184333595,0.9861109075046071,0.9887406023726774,0.9508476906357763,0.9372835841421424,0.915005727009276,0.9059859401899457,0.0,0.9890974050314694,0.9243373860259442,0.7171432810571733,0.751906799084477,0.9743148006239615,0.9643184244526112,0.9647327740764776,0.9791595031231483,0.9798180108976695,0.9335460127643851,0.9845655219078054,0.9834311361983339,0.98865662905876,1.0,1.0,1.0,1.0,0.9889593563837225,0.9462591597198486,0.9883015951797518,0.9493132224416402,0.9493876474883213,0.9631025183799529,0.9899258174158218,0.9596252099808193,0.8997546130240257,0.9902146233581829,0.9879832712390648,0.9915010836921601,0.9736466361831225,0.9642598876581099,0.9529078990647738,0.9398652260805885,1.0,0.9638416620166317,0.8976004374859732,0.9198810092814236,1.0,0.8652442195874459,0.9750730003229677,0.8620323683241616,0.9492957568354503,0.9843216832646062,0.9793934196230519,0.9915317399354981,0.9915262382072857,0.8597529964198583,0.9541627272145025,0.9493109486904356,0.9885457817857185,0.9645567153641486,0.9753432443232783,0.9924568943502844,0.9636311715034903,0.9650063032605449,0.9826704382197191,0.9484064206506001,0.9652912406503915,1.0,1.0,1.0,1.0
NZ_CP084474.1_v2,0.9759025100145046,0.8595968114476331,0.9581105841856736,0.9578264825085616,0.9319825719354726,0.9821308855895338,0.8354145522389191,0.8324068356161795,0.8324068356161795,0.9774607859812213,0.9547153748480413,0.9783747946314808,0.9783866328457695,0.9789567688873454,0.9839663807387424,0.9882267064696492,0.9776441082770596,1.0,1.0,0.977032685228401,0.9793333084911439,1.0,1.0,1.0,1.0,1.0,1.0,1.0,1.0,1.0,1.0,1.0,0.9725002085637094,0.8269863579398187,0.8281547289382697,1.0,0.9774365635993391,1.0,0.9568320646227211,0.9924135616157009,0.9772870489830543,0.970447168786659,0.9924135616157009,1.0,0.977319019707173,0.9579143779742775,0.9786144831023122,0.9417246713064182,0.982482335447995,1.0,0.9791835443493524,0.9650024057160689,0.9792897744681265,1.0,0.9867714340589245,0.977032685228401,0.8227931869008223,0.8261027190506469,0.8255037450094085,0.9722529364620417,0.9574586453972674,0.9792520175013321,0.939972736797698,0.9754402206550913,0.9791824334950924,0.9622309128086334,0.9541191706237429,0.9639572390882457,0.9846237236074346,0.9809203965014475,1.0,0.9925716124153738,0.8179515497596517,0.9517724537591044,0.9926190183317449,0.9924135616157009,0.9891699762925587,0.9616891164330833,1.0,1.0,0.8319396488622087,0.9924093558066399,0.9801524147413653,0.9854978958560083,1.0,0.9915874521727646,1.0,0.9520141953849688,0.9574710596110553,0.9776917515811447,0.8284938433475653,0.9890974050314694,0.0,0.7584520021597783,0.9893705475096073,0.9889382430611259,0.9571275572907234,1.0,1.0,0.9595150948856834,0.9824742814396673,0.9589085064005457,0.981979358656074,0.9263137625504533,0.9377117139870306,1.0,1.0,0.992562125330336,1.0,1.0,0.9376698588411219,0.957187535228393,0.9498612111663695,0.9501540360147424,0.9495347379229926,0.974488242742877,0.927181307780397,1.0,0.9761273503401805,0.9667600414236426,0.9771055474788707,0.9566178186552606,0.9094561609405685,0.8354145522389191,0.9653341932163729,0.9652493678975598,0.9924722884434471,0.9691016962784303,0.9578418427374761,0.9704297441269527,0.9813786271830445,0.9877047377909636,0.9839663807387424,0.9765872322777402,0.8660652484770583,0.9567668361433932,0.9828099414612999,0.9631458633129002,0.9839663807387424,0.9547497587464976,0.9572468741413833,0.908973930312063,0.9850151491827369,0.9891699762925587,0.8490989636891987,0.8509801063737527,0.8539565933904683,0.9808176117178887,0.9649072926204721,0.9429702374206903,1.0,1.0,1.0,1.0
NZ_CP084475.1_v1,0.9849831805359022,0.8542992724428654,0.9603646160431848,0.9639421942611672,0.9374637452839988,0.9886995001056106,0.7545739870947024,0.8406959406897346,0.8485942217114335,0.9774370932474993,0.9550155247936221,0.9784540888993443,0.9782927236279996,0.9305689473211942,1.0,0.9879663391145601,0.9685221321584145,1.0,1.0,0.9777225957426182,0.9372001757401326,1.0,1.0,1.0,1.0,1.0,1.0,1.0,1.0,1.0,1.0,1.0,0.9441067108160093,0.7991456513159418,0.796188936812852,1.0,0.9358787058055794,0.9849628403221052,0.9134796838769997,0.9922213647248953,0.9778934963740445,0.9891323604957032,0.9922213647248953,1.0,0.9680021324514783,0.9815285343896586,0.978677489558612,0.9628029484587579,0.9887790810907824,1.0,0.9381434811073798,0.9643160611071055,0.9377575167586085,1.0,0.9446289771394535,0.9777225957426182,0.8076269402041366,0.8139548150102923,0.775438315116551,0.9839007264650024,0.9566415933786772,0.9803646902390338,0.974667975231597,0.9850100695555728,0.979631559584472,0.9852803198905903,0.9854192655215193,0.9213574685565231,0.9848894674720721,0.9834798251729241,1.0,0.9908962739388412,0.8676151478745324,0.9400969126540563,0.9850873982487114,0.9922213647248953,1.0,0.9776506399073054,1.0,0.9926228426745781,0.7942555985749165,0.9850873982487114,0.937685332352706,0.9376918657329498,0.9826680983899964,1.0,1.0,0.9793853914725151,0.9380584632206984,0.890761315642585,0.6989203075082302,0.9243373860259442,0.7584520021597783,0.0,0.9775005065698585,0.9326578924617167,0.9161100466808519,1.0,1.0,1.0,1.0,0.9279732668534708,0.9432095487644546,0.967509887176908,0.9651493828982531,1.0,1.0,1.0,1.0,1.0,0.9713982552867806,0.9637693346362565,0.9713634362279058,0.9723808879898016,0.9849445768868942,0.975356298496708,0.8878305331851222,1.0,0.9677139645673865,0.9746943675743275,0.9769476884827433,0.9149513148274664,1.0,0.7545739870947024,0.9362213625685931,0.984788187220448,0.984004221980477,0.9243342547364493,0.9894157289721563,0.991921524469153,0.9749710191048615,0.9925399532664274,1.0,0.9823930583111811,0.866605192515717,0.9766835884991659,0.9840851045238174,0.9840851045238174,1.0,0.9716420663484326,0.9718161842427441,0.9750382240467009,1.0,1.0,0.8479384784446733,0.7970277537423286,0.8049420852473541,0.9630883403270694,0.9429910534920664,0.9246180724162243,1.0,1.0,1.0,1.0
NZ_CP084882.1_v1,0.9635580330067289,0.9805539367572562,0.9808387813315805,0.9807592182269063,1.0,0.9522283847057685,0.9889382430611259,0.9889382430611259,0.9889382430611259,0.9862974487429413,1.0,1.0,1.0,0.9512956512850669,0.8627026732423595,0.9638374063081233,1.0,0.9155649625629678,1.0,0.9591471315858268,0.9878686746204174,1.0,1.0,1.0,1.0,1.0,1.0,1.0,1.0,1.0,1.0,1.0,0.9640343497985705,0.9867525794380753,0.9884979805141273,1.0,1.0,0.9630535609427809,0.9806046879207921,0.9442698457264762,0.9916945910905847,1.0,0.944364273814044,0.9238569320098661,1.0,0.9312256348039308,0.9744765504480356,0.9804516230011248,0.9533743889881342,0.9644194027458501,0.9877872563292793,0.9808886635983789,0.9877047377909636,0.9770622057477609,0.9878686746204174,0.9591471315858268,0.9892565670018129,1.0,1.0,0.9632679634857622,0.9810691170739558,0.9874588325467829,0.992087207489234,0.9635046877899793,0.9903956200926046,1.0,1.0,1.0,1.0,0.9558059550410543,1.0,0.9635490434416957,1.0,0.9516197120383718,0.9765740419181136,0.9646901529651918,0.9770556738154227,1.0,1.0,1.0,0.9914761025084486,0.9639682304471462,0.9887228168273806,0.9921595429391652,0.9641620019846355,0.9907059435270276,1.0,0.9516811330094854,0.9539141830625432,0.9508372998436722,0.9775841478093759,0.7171432810571733,0.9893705475096073,0.9775005065698585,0.0,0.8194693644824982,0.9809712195736505,0.9389765952232537,0.9651894216327251,0.9907059435270276,0.9710519651672489,0.9501257114634343,1.0,0.9838346935408878,0.9888869745418325,1.0,1.0,1.0,0.9920340554702017,1.0,0.9478427000311568,0.980681293915864,0.9500836327423626,0.9506518208000544,0.9637147685217978,0.9902431145050873,1.0,0.9082906376241244,0.9828953180177281,0.9886199191204388,0.991574561354764,0.9806046879207921,0.9397434145755963,0.9889382430611259,0.953770337656756,1.0,0.9561198008151481,0.9458998307036529,0.9213793153037481,1.0,0.8738929030565838,1.0,0.8630471126631976,0.9898932148831869,0.9867732785327032,0.9850565274690173,1.0,1.0,0.8604822663516332,0.9547602737018013,0.9501768567662272,0.9886690720818684,0.9646564720536169,0.9755877675967832,0.9919177996667873,0.9743278976470929,0.975628026347175,1.0,0.9634409467758795,0.9789300595728712,0.9917150204469576,1.0,1.0,1.0
NZ_CP084885.1_v1,0.9637403197225777,1.0,0.9890532504203418,0.9881424332094083,0.9893084676443162,0.952031336864875,0.9531588227833255,0.9886995001056106,0.9886995001056106,0.991803158527309,1.0,0.9494546627122202,1.0,0.9365008943729178,0.9207297932810506,0.9636307883741592,1.0,0.9770711203872275,1.0,1.0,0.9734432071118042,1.0,1.0,1.0,1.0,1.0,1.0,1.0,1.0,0.9653402183610628,1.0,1.0,0.9475937493994284,0.9648396586571651,0.973417514800026,1.0,1.0,0.9632513364281468,0.9656023406823048,0.9637831101271561,1.0,1.0,0.9638776599376904,0.923118437780696,1.0,0.9514366552973696,1.0,0.98822201419458,0.9454426878398909,0.9643605501004938,0.9653786686380824,0.9883015951797518,0.9729922437598786,0.9771419236656312,0.9734432071118042,1.0,0.9740541626814001,0.9854464243239978,0.9799533768330928,0.9631638469906996,0.9883811761649236,0.9872129273026021,0.9916826167409459,0.9636006801351763,0.9904415569537723,1.0,1.0,0.9847645663931506,1.0,0.9655846387245735,1.0,0.9635256870169949,1.0,0.9374898589315743,0.9765724992431292,0.9644690666067565,0.9770711203872275,0.9815407999726403,1.0,1.0,0.9764876341032855,0.9637910508526303,0.974185223553834,0.9836063170546182,0.964111578732225,1.0,1.0,0.9514910704470579,0.9380804065274277,0.915738915423657,0.9053939082517557,0.751906799084477,0.9889382430611259,0.9326578924617167,0.8194693644824982,0.0,0.9744441582317939,0.9644690666067565,0.964977572007848,1.0,0.9925764454586951,0.9344287629729248,0.9848271232314019,0.9839065915690275,0.9882564482747024,1.0,1.0,1.0,1.0,0.9895059545477014,0.9462171397950858,0.9881776324913112,0.9496216437904822,0.9505932538609356,0.9635930776174381,0.9898699411988442,0.9579252563362657,0.9133276817879868,0.9824960353764133,0.98822201419458,0.9915171271698373,0.966347508088913,0.964169170515847,0.9531588227833255,0.9403746647411512,1.0,0.9642855451905931,0.9320958865489016,0.921065098356527,0.9909667461321365,0.9153520327520174,0.9746254521930285,0.9205483193182707,0.9633601279853269,1.0,1.0,0.9922181884752934,0.9920625522447993,0.9203414425469933,0.9550896772824939,0.9501524408085048,0.9884279885091423,0.9647713986039373,0.9753464548017623,1.0,0.9724006370574547,0.9738874892405174,0.9760984962457468,0.9412530662059613,0.9649026151487508,1.0,1.0,1.0,1.0
NZ_CP085325.1_v1,0.7691965676643256,0.9065134554524884,0.9738938430471997,0.6916351930590368,0.6984463604232121,0.8050449881980384,0.897354614146474,0.8802741915534441,0.8802741915534441,1.0,1.0,1.0,1.0,0.7428617880748973,0.9756308243553473,0.8381758758782094,1.0,0.935996083127441,1.0,1.0,0.8622159731103725,1.0,1.0,1.0,1.0,1.0,1.0,1.0,1.0,1.0,1.0,0.9629699442521431,0.8239470637927875,0.8913037932792152,0.949925989154878,1.0,1.0,0.820874086538456,0.4932911224117772,0.8451338046087121,1.0,0.9898595775595577,0.8455064395962613,0.9872348551587712,1.0,0.855911464294203,0.8698873056959451,0.7410954835611993,0.8238945633725234,0.9124780221418233,0.8051990931539368,0.5420609685351954,0.8003562410300458,0.8760804665547295,0.8515333181201727,1.0,0.9396885178293758,0.9314134029653343,0.9284597267191479,0.680396111054792,0.42827187848594406,0.9003880441124125,0.7838039339216576,0.8224236194310304,0.9505699884557813,0.851211386409785,0.8593012533170303,0.9438727811127421,0.8589646528046309,0.8622409236875211,1.0,0.8339535381825341,0.9575249133491555,0.7152695307051773,0.8206655558958502,0.8449073817897736,0.8647350553257067,1.0,1.0,1.0,0.954214800234402,0.7637510275217992,0.8432863840498458,0.9531891405019608,0.8204121657004347,0.9825310324743297,1.0,0.8164671147251394,0.7980335479686551,0.7829129696084353,0.9575386781351987,0.9743148006239615,0.9571275572907234,0.9161100466808519,0.9809712195736505,0.9744441582317939,0.0,0.9297731749073572,0.9906211342179049,0.9279138139675183,1.0,0.724951978504525,0.9459598831110352,0.640166541905608,0.7755926566797713,1.0,0.9906204090776718,0.981996223193911,1.0,0.9862995649670737,0.8062103474098737,0.4300660614438234,0.7546370294110827,0.8032529248523853,0.7971050505874522,0.8519108684428931,0.9603219639239227,0.9837753240952922,0.9670264516003526,0.9222537681525169,0.990921521508444,0.4401997137431597,0.839018454392676,0.897354614146474,0.8140894760870684,0.8723059236280534,0.822298706311287,0.7798346876649331,0.9857720377112823,0.9906067251446492,0.9810429133653668,0.982813285257581,0.9840288346563033,0.9716577152562523,0.9683425943091053,0.8947981073663895,0.8395825294263536,0.8429016190223728,0.976251357668867,0.7886417377318463,0.7819639741411029,0.8567604273747541,0.9003072403974758,0.8702169854061903,0.9752887469090736,0.9408657613163499,0.9568054981679697,0.9749336105991535,0.7591727160585074,0.592817832993741,0.9797817901535696,1.0,1.0,1.0
NZ_CP085883.1_v1,0.810015303156347,0.9842754469707562,0.948008785629234,0.9042078352925372,0.8749890134795912,0.9016962776390408,0.9895723725568932,0.9875450590609761,0.9875450590609761,0.9687087157147918,1.0,1.0,0.9778633546318596,0.8705297723482855,0.9617569439214653,0.8914223831410047,0.9889487290262309,0.43709765000770484,1.0,0.9746508989931949,0.9750807835599412,1.0,1.0,1.0,1.0,1.0,1.0,1.0,1.0,1.0,1.0,1.0,0.8736251668800791,1.0,1.0,1.0,1.0,0.865545192401162,0.9299067128109995,0.8900731184758608,0.9738722028627748,1.0,0.8903263588996595,0.9613360565139409,1.0,0.8524443940733006,0.9500195611578355,0.9373888676484212,0.872680710244639,0.9160632867334747,0.9830027353810364,0.9294167594025079,0.9830368856542351,0.91930815049973,0.9750807835599412,0.9746508989931949,1.0,0.9902815891521389,0.9894832977331512,0.8694526322400691,0.9301960035551744,0.9831534097525254,0.9460496165568544,0.8492425221584139,0.9922076779766107,0.9511982306296534,0.9428593870784046,0.9915671650108209,0.9420419187653581,0.894354617866963,1.0,0.8681579475609771,1.0,0.8681401654447178,0.9107043490331479,0.5322662966934957,0.8932622240680244,1.0,1.0,1.0,0.9873790354807904,0.8668476559720459,0.9750807835599412,0.9844866390549761,0.8884106828917067,1.0,1.0,0.8768360325444721,0.871956167684537,0.8893067579176848,1.0,0.9643184244526112,1.0,1.0,0.9389765952232537,0.9644690666067565,0.9297731749073572,0.0,0.9508401793583572,0.9721916801968725,1.0,0.8157511750252685,0.9917842062926902,0.9457248065748305,0.9458625341222836,1.0,1.0,0.9617206827917275,1.0,1.0,0.8736336368754529,0.9297930081692325,0.8676613971902879,0.8571587320224314,0.859641311863095,0.9512925090116013,0.9901922185846993,0.9608866200744057,0.992324427909178,0.991989692631044,1.0,0.9297394303319649,0.8899527366799029,0.9895723725568932,0.8785184801813606,0.9530319947816475,0.8952983167792107,0.8823002322203773,0.9619250103460751,1.0,0.962478418120291,0.9915149883192848,0.9612785323150003,0.9730101183230263,1.0,0.9606872953899996,0.9481340602896385,0.9480614073271089,0.9614012249074981,0.8731747514572554,0.8655058421472124,0.9502869553197862,0.9041466000965707,0.5919441545160551,1.0,1.0,1.0,0.99196241144735,0.8642504356934618,0.9456546365558911,0.9844733875356699,1.0,1.0,1.0
NZ_CP087722.1_v1,0.9500841522927649,0.9820449220107267,0.9921757422306132,0.9906994254181151,0.9907033840270075,0.9509803978960598,1.0,1.0,1.0,1.0,1.0,1.0,1.0,0.9312866563207542,0.9446064286123166,0.9133749847577891,1.0,0.9668627454654085,1.0,1.0,0.9920295012898686,1.0,1.0,1.0,1.0,1.0,1.0,1.0,1.0,1.0,1.0,1.0,0.9510188328583189,0.9896625820917656,0.9712164668331918,1.0,0.9812923761604135,0.9096101236708697,0.9805713521382201,0.9502092595709434,1.0,1.0,0.9503143924173032,0.9628825615356613,1.0,0.9495173688067245,0.9914699098903865,0.99077035650175,0.951736127988187,0.9537411420257675,0.9921005373406323,0.968816643601328,0.9922743029098021,0.9666326818844528,0.9920295012898686,1.0,0.9923277563815613,1.0,1.0,0.9497724552316087,0.990849659453156,0.9920821086297829,0.9905280942982239,0.9279980444846846,1.0,0.9907991277445096,0.9683940001198279,0.9920347077214529,0.9914276060295563,0.9522413099697726,1.0,0.9287883063502965,1.0,0.9283066966110791,0.9442680281509596,0.9508401793583572,0.9451027850091284,1.0,1.0,1.0,1.0,0.9097645137450728,0.9920295012898686,0.9924142773511965,0.9289691471927409,1.0,1.0,0.9508264680586548,0.9499987912828446,0.9401071002987417,1.0,0.9647327740764776,1.0,1.0,0.9651894216327251,0.964977572007848,0.9906211342179049,0.9508401793583572,0.0,1.0,0.9790214473112273,0.9502905378315954,1.0,0.9906298203326296,0.9909555793697926,1.0,1.0,1.0,1.0,1.0,0.9433570798123692,0.9908594432261769,0.9347707358544877,0.9277968853808377,0.9288635520461257,0.9918138593647408,1.0,0.94304768262544,0.9924325843995576,0.9722297200062854,1.0,0.9906898080123177,0.9513397405585204,1.0,0.9431295144710241,0.9912516055701194,0.9511270259513601,0.9430570641152195,0.9625788190565226,1.0,0.9628009944709127,1.0,0.9447063204720922,1.0,0.9921090108210662,0.9914685935692401,0.9912632468135391,0.991282127319674,0.9449376937876129,0.9560852278682219,0.9500834727560143,0.9912199840351809,0.9536035836139298,0.9350809464275491,1.0,1.0,0.9921090108210662,1.0,0.9502023669080444,0.9906016134921556,0.9924119718709931,1.0,1.0,1.0
NZ_CP087722.1_v2,0.9400378400383557,1.0,1.0,0.9282647683029918,0.9404637934602631,0.9408664193472869,0.9898220488058128,0.9879381921367049,0.9879381921367049,1.0,1.0,1.0,1.0,0.9396020294014936,1.0,0.9187099554773137,1.0,0.945431403624264,1.0,1.0,0.9556641047096376,1.0,1.0,1.0,1.0,1.0,1.0,1.0,1.0,1.0,1.0,1.0,0.939476526359503,0.9796249940535968,1.0,1.0,0.9833300912056169,0.9324819525226891,0.9069696384659623,0.9396299458796871,0.9831903723168778,0.9922138219277445,0.9395979633093045,0.9878603740214578,0.9914941866757886,0.961772805232481,0.9245567933956881,0.9402067430715568,0.9389100208788224,0.928157998668091,0.9516207851184181,0.9200002544879153,0.9720225333699294,0.9403569015718825,0.9633661939237811,1.0,0.9891054638654108,1.0,1.0,0.9398475097327209,0.9271019779631531,0.9841379114492999,0.9405125723999732,0.9324084371997596,0.9805770495538411,0.9295013766584879,0.9421619267864733,1.0,0.9333482507869187,0.8823277164656738,1.0,0.9243679459692405,0.9891054638654108,0.9425096734794474,0.9394935486910598,0.9324088822844293,0.940081540731233,0.9925321617819302,1.0,1.0,1.0,0.939280804154386,0.9556641047096376,0.9920392815326953,0.9391740983861956,0.9734236725669188,0.9923219459622895,0.9397484825483228,0.9398735072665875,0.9400992423380321,1.0,0.9791595031231483,0.9595150948856834,1.0,0.9907059435270276,1.0,0.9279138139675183,0.9721916801968725,1.0,0.0,0.9547174388316947,0.9405428492519837,0.9830822566981674,0.9284205313648454,0.9407316859559673,1.0,1.0,0.9925932155367251,1.0,1.0,0.9426196577327809,0.9280256263367767,0.9281479166825268,0.9317639434055907,0.9393759686566113,0.9414123555962752,0.9901637902327709,1.0,0.9925307561060223,0.9885607370586813,0.9908765590564832,0.9068920658337286,0.895379952827338,0.9898220488058128,0.9263755970106357,0.9340019805799389,0.933222332819885,0.9154766066561981,1.0,0.9904370182818606,1.0,0.9763087658041288,1.0,0.9760752921571335,0.9689510134982172,0.9060072331632171,0.9398055542218954,0.9425967843514518,1.0,0.940071101936834,0.9404174363692968,0.9247114475296865,0.9290758546850113,0.9347594360227576,0.988073879612482,0.9719467644863031,0.982872553677503,0.99174583795757,0.9197000651541483,0.9401771300461497,0.9920373539979573,1.0,1.0,1.0
NZ_CP089469.1_v1,1.0,1.0,1.0,1.0,0.9775988649258911,1.0,1.0,1.0,1.0,0.9783887321222542,1.0,0.9925412627357505,1.0,1.0,1.0,0.9522909170245166,1.0,1.0,1.0,1.0,0.9810301668774867,1.0,1.0,1.0,1.0,1.0,1.0,1.0,0.9756791368842105,0.9656514550815283,1.0,0.9558971569078506,1.0,0.8927378835234558,1.0,0.9922585386091253,0.9811630277694892,0.9894612038208259,0.8596079907419449,1.0,0.9887781336981017,0.9900478427698959,1.0,0.9425646030513317,0.991172632260179,1.0,0.9855460276321252,1.0,1.0,1.0,0.9362301628141569,0.9894612038208259,0.9567935095494265,1.0,0.9810301668774867,1.0,1.0,1.0,1.0,1.0,1.0,0.9568086870721629,0.9791655800657435,0.979936704926502,0.9914714944214776,1.0,1.0,1.0,0.988758617408881,0.9708036313258438,1.0,0.961709040549001,0.9824742814396673,1.0,1.0,0.9894612038208259,1.0,1.0,1.0,1.0,1.0,1.0,0.9810301668774867,1.0,0.9839588693760242,0.9816076855511797,0.991890358968508,1.0,1.0,1.0,1.0,0.9798180108976695,0.9824742814396673,1.0,0.9710519651672489,0.9925764454586951,1.0,1.0,0.9790214473112273,0.9547174388316947,0.0,1.0,1.0,1.0,1.0,1.0,1.0,0.9920365205621188,0.9840368234344864,0.9923834658882076,1.0,0.992231564876056,1.0,0.9520901589193197,1.0,1.0,0.9880560309969361,1.0,1.0,1.0,1.0,0.9117168161653608,1.0,1.0,0.988758617408881,0.9924058674591246,1.0,0.9706509854480323,0.9899115797259189,0.9819444801659613,0.9922853256727615,1.0,1.0,0.9722157420119302,0.9792585045703406,0.9574219035544319,1.0,1.0,1.0,1.0,1.0,0.9825028960871406,0.9925741485668196,0.9894612038208259,0.9834867570746932,0.9861564455127887,0.9861790483197693,1.0,0.9216822737651815,1.0,1.0,1.0,1.0,1.0
NZ_CP089469.1_v2,0.6060862809706189,0.9561504334724646,0.9569752896571682,0.7824323490357551,0.6748758511179175,0.7391028441074535,0.9069439757642829,0.9216458524219848,0.9216458524219848,0.984322750499532,1.0,1.0,1.0,0.6131807706089081,0.9194760335504522,0.8162667015243087,1.0,0.7926668502715604,1.0,0.9872938421387336,0.8620220048871334,1.0,1.0,1.0,1.0,1.0,1.0,1.0,1.0,1.0,1.0,1.0,0.6584432104256733,0.8507746061150516,0.9678817640253744,1.0,1.0,0.6951207671326887,0.7387206480622094,0.7849733666276406,1.0,0.948627534834566,0.785631926615733,0.9612563100315414,1.0,0.6854555216339068,0.8761057620499776,0.7699632041438051,0.7585175600238893,0.8669645165278547,0.8597940136620252,0.7840028623794822,0.8638008208638637,0.8506276055589924,0.8636989215429276,0.9872938421387336,0.9680451562141987,0.909500749172047,0.9288152223805949,0.5973546922440709,0.7354065545389379,0.8821855525540812,0.7993056668637647,0.6552380494995493,0.9737311608410566,0.8671472695686334,0.8704288774802985,0.9727068173215861,0.8798619141514292,0.8050094967950064,1.0,0.7820012110535314,1.0,0.5675615811897208,0.7894443951793813,0.7642781171208104,0.7922602379674004,1.0,1.0,1.0,0.9630052774036809,0.6534767983330811,0.862966714619563,0.9707782786777626,0.7771700091141864,1.0,1.0,0.6789202108500155,0.6541611589917478,0.7153446224325597,0.9633630579538266,0.9335460127643851,0.9589085064005457,0.9279732668534708,0.9501257114634343,0.9344287629729248,0.724951978504525,0.8157511750252685,0.9502905378315954,0.9405428492519837,1.0,0.0,0.9435456782480638,0.7237104400305947,0.8360201649971302,1.0,1.0,0.9811179901789798,1.0,0.9862995649670737,0.7272694027662896,0.7732852812162667,0.6040622556626183,0.624747098777231,0.6123441336680547,0.875014331187778,0.9748309629406023,0.926260779758466,0.9801242753834318,0.977952447492868,1.0,0.7167316973578073,0.7906448301074209,0.9069439757642829,0.7467786652823638,0.8924107958591244,0.816705941444725,0.7301751215652201,0.948636981608613,1.0,0.9363357644162675,0.9566856695375187,0.9190795589207129,0.945250145409816,0.9913063802562369,0.9118494792952058,0.8759398185691036,0.87798687691163,0.9187921656389783,0.5978574604945106,0.5756396585328816,0.8081892172024088,0.8547972577686915,0.7837883302906375,0.9913671563213149,0.9679464504466339,0.9608198527280324,0.9744164269936028,0.5828848930724815,0.7346077578280789,0.984524205004903,1.0,1.0,1.0
NZ_CP089470.1_v1,0.9620020421289989,0.9889065303377116,1.0,0.984101599159666,0.9515336509858181,0.984079527126021,0.9573068745333729,0.9894440675668761,0.9894440675668761,1.0,1.0,1.0,1.0,0.9453886493977407,0.9850251855200665,0.9841852858724249,1.0,0.9917842062926902,1.0,1.0,0.9432663226871252,1.0,1.0,1.0,1.0,1.0,1.0,1.0,1.0,1.0,1.0,1.0,0.9658419158585168,0.9500668552803165,0.9724969060451116,1.0,1.0,0.9843932888642937,0.9450418894795499,0.9835611542103115,1.0,1.0,0.9835611542103115,1.0,1.0,0.9840124567370911,0.9840483036046161,0.9640143291184792,0.9838108582358795,0.9842371996179324,0.9438941864135796,0.9841568715735339,0.9439681887584874,0.9844099952683185,0.9522464800684691,1.0,0.9646370908368453,0.9723627907978639,0.9740517584986531,0.9657059218614384,0.9622781763759103,0.9606350304837152,0.9840526502572665,0.9843038345191885,0.9846747900079689,0.9917270857526206,0.9916704928849766,0.9829959139662263,0.9842865734758436,0.9844468265801775,1.0,0.9551899323683541,0.9813228486635881,0.9451952513211923,0.9835972440169349,0.9839911501142204,0.9840482715757204,1.0,1.0,1.0,0.9719986350351427,0.9627405573555138,0.9432663226871252,0.9708733867707962,0.9627448878549377,1.0,1.0,0.9839871174111944,0.9644999661743183,0.9433087052006353,0.973818551976944,0.9845655219078054,0.981979358656074,0.9432095487644546,1.0,0.9848271232314019,0.9459598831110352,0.9917842062926902,1.0,0.9830822566981674,1.0,0.9435456782480638,0.0,0.9620933377337195,0.98368519872718,1.0,1.0,0.9828744562088422,0.9925483259339174,0.9873534445849912,0.9836383612934146,0.9835226167475564,0.9843920435894383,0.98386996253547,0.9839294779882182,0.9842388092483181,0.9745414634792949,1.0,1.0,1.0,1.0,0.9446027729720843,0.9918506489182285,0.9573068745333729,0.9698457009943697,0.9843880501974812,0.984362874764666,0.9676829003866689,1.0,1.0,0.9924914429257793,0.9836411518867463,1.0,0.9838038428259875,0.9893934846485903,0.9918314234979045,0.9842754941550866,0.9917081777454703,0.9850251855200665,0.9840307549737242,0.9840739230426245,0.9839294301627287,0.9843372117546602,0.9917842062926902,0.9893827512438098,0.9716548799102591,0.9717029235347222,0.8427572797078132,0.944704586461417,0.9466628395961478,1.0,1.0,1.0,1.0
NZ_CP089595.1_v1,0.7780269671677482,0.9642654942418363,0.9598610710496691,0.6983374480071489,0.7314263361155455,0.8387990201143444,0.9404606732407579,0.8508061211664956,0.8508061211664956,1.0,0.9921634592513834,1.0,1.0,0.7786069004768256,0.9459855630333194,0.8571968893340034,1.0,0.9361474444330548,1.0,1.0,0.8758342641938258,1.0,1.0,1.0,1.0,1.0,1.0,1.0,1.0,1.0,1.0,1.0,0.7994348849788377,0.8572100563790808,0.9645377730646945,1.0,0.9915104141889987,0.836335532082369,0.6653603526164205,0.8424495368348034,0.9915104141889987,0.9659043059444117,0.8428126935751288,0.9873973562357378,1.0,0.8389625770983407,0.8794362743650125,0.7436090746808723,0.8479937941771893,0.8941067944650265,0.8513524399570734,0.7238103453990704,0.852252265008219,0.8752771437505363,0.8651855487300248,1.0,0.9617224585052614,0.9400111536049489,0.9576919634872743,0.6983022094299689,0.6441413476790171,0.8920397787559624,0.7258995007088421,0.8019374840039288,0.9450581965465642,0.8250304797671737,0.8603982505625917,0.9619220627155788,0.8703734185386304,0.8595599991602194,1.0,0.8519173932227723,0.9662806376358115,0.7463204683851354,0.8167431521793969,0.8576698686853105,0.8401935968366719,1.0,1.0,1.0,0.9694823311059164,0.7879187749711656,0.8629728904173166,0.9656445698965848,0.8106969945249409,1.0,1.0,0.8008084377049328,0.7910683500170292,0.84790248689055,0.975251319893348,0.9834311361983339,0.9263137625504533,0.967509887176908,0.9838346935408878,0.9839065915690275,0.640166541905608,0.9457248065748305,0.9906298203326296,0.9284205313648454,1.0,0.7237104400305947,0.9620933377337195,0.0,0.7280095341532412,1.0,0.9904961340126951,0.966417467127936,1.0,0.9866508581730462,0.8196611477713,0.6792205855627085,0.7374730792194251,0.7857385623302783,0.7744965831758921,0.8563589013753787,0.9837794897617876,0.945222023065018,0.9657834692187367,0.9287199299438501,0.9906355851780013,0.6429134937613538,0.82683923874487,0.9404606732407579,0.8368500113862857,0.8546238685375851,0.8724397168706906,0.8043507388820597,0.9729997355796236,0.9908165016833741,0.9883578348598039,0.963924180802897,0.9461846765913604,0.955878551593901,0.9679614325744396,0.8953494486252525,0.8503988883789328,0.8540669259900142,0.9452330465982173,0.7695190506332417,0.7628431176753088,0.8147376421448854,0.9119502647083074,0.8460137128186425,0.9752322292831033,0.9533713759453173,0.9768429938419736,0.9844284395813842,0.7555751922866921,0.6557997396030407,0.9798553008613916,1.0,1.0,1.0
NZ_CP090373.1_v1,0.8113446184284847,0.9450276552109018,0.9560043443563612,0.7840528138440958,0.8127561927876672,0.8446267511116061,0.8774260164240943,0.7938499708587001,0.7938499708587001,1.0,1.0,1.0,1.0,0.8293185577779703,0.9468655559169133,0.8732292320714056,1.0,0.9458625341222836,1.0,1.0,0.8911110732287884,1.0,1.0,1.0,1.0,1.0,1.0,1.0,1.0,1.0,1.0,1.0,0.8731233574424543,0.9260975679178195,0.9668462106998631,1.0,1.0,0.8455868274422383,0.7582037442706595,0.8778801863297558,1.0,0.9898595775595577,0.878252821317305,0.9876675919836856,1.0,0.8889444501452795,0.9054406510966052,0.8057455526876507,0.8591368448688737,0.9266117499488452,0.8999502209879822,0.7550583015392696,0.9017586859921145,0.8919685467064307,0.8925506957727886,1.0,0.9576103665769253,0.9686684806407837,0.9505894602463519,0.8340926438367986,0.7376977249747696,0.9113255339404238,0.6631145441262077,0.8365222148736534,0.9418554226997988,0.8324461593239338,0.880832779255563,0.969930118234132,0.8844186401640862,0.8879137405524815,1.0,0.8880069674489328,0.9665759656828786,0.8383116153888893,0.8659987552065213,0.8943164918427797,0.8942305480066471,1.0,1.0,1.0,0.970966025711732,0.8508195014647134,0.8918696966220487,0.965771803646862,0.868782344609747,1.0,1.0,0.8501124622198694,0.8364903491828218,0.8653884183476597,0.9724357895406118,0.98865662905876,0.9377117139870306,0.9651493828982531,0.9888869745418325,0.9882564482747024,0.7755926566797713,0.9458625341222836,0.9909555793697926,0.9407316859559673,1.0,0.8360201649971302,0.98368519872718,0.7280095341532412,0.0,1.0,0.9904104208611527,0.9845211131747978,1.0,1.0,0.8482063788115326,0.7804345707797196,0.788074682766233,0.8371351159448869,0.8500197369470195,0.8672092245626521,0.9834900497996863,0.9514711902791163,0.9663906337358042,0.9288110978707574,0.990520174644627,0.7377909362564403,0.8382960153979225,0.8774260164240943,0.8805631540307581,0.8676478386186948,0.8992438888619306,0.8411859242656031,0.9608746964541738,0.990897835737788,0.9887623947551818,0.9363881410942286,0.946448415811977,0.9319878712839662,0.9776291192977464,0.8660615477872822,0.867092638011812,0.8626961741424564,0.9462416274948974,0.835629066623709,0.8368957913033237,0.8345969893618648,0.9264695127846518,0.899967361436978,0.9838731909630314,0.9584631223053741,0.9733031129245872,0.9838923217860942,0.8590188383638958,0.6384470749590498,0.9800859625272806,1.0,1.0,1.0
NZ_CP095006.1_v1,0.9646675066772368,1.0,1.0,1.0,1.0,1.0,1.0,1.0,1.0,1.0,1.0,1.0,1.0,1.0,1.0,1.0,0.9920570429977021,1.0,1.0,1.0,1.0,1.0,1.0,1.0,1.0,1.0,1.0,1.0,1.0,0.9921411726086572,1.0,1.0,1.0,1.0,1.0,1.0,1.0,1.0,1.0,1.0,1.0,1.0,1.0,1.0,1.0,1.0,1.0,1.0,1.0,1.0,1.0,0.99220930833001,1.0,1.0,1.0,1.0,1.0,1.0,1.0,1.0,1.0,1.0,1.0,0.9920841232871778,1.0,1.0,0.9924535067279866,1.0,1.0,1.0,1.0,1.0,1.0,1.0,1.0,1.0,1.0,1.0,1.0,1.0,1.0,1.0,1.0,1.0,1.0,1.0,1.0,1.0,1.0,1.0,1.0,1.0,1.0,1.0,1.0,1.0,1.0,1.0,1.0,1.0,1.0,1.0,1.0,1.0,1.0,0.0,0.9608071553424977,0.9921403703600463,0.9529935823486091,0.9921775024685816,1.0,1.0,1.0,1.0,1.0,1.0,1.0,1.0,0.9915689630566608,1.0,1.0,1.0,1.0,1.0,1.0,1.0,1.0,0.9922012908274113,1.0,1.0,1.0,1.0,1.0,1.0,1.0,1.0,0.9924551800080913,1.0,1.0,1.0,1.0,0.9715616494908424,1.0,1.0,1.0,1.0,1.0,1.0,1.0,1.0,1.0,1.0,1.0,1.0
NZ_CP095006.1_v2,0.9793241106350286,1.0,1.0,0.9905365490635502,0.9905387777019028,1.0,1.0,1.0,1.0,1.0,1.0,1.0,1.0,1.0,1.0,1.0,1.0,1.0,1.0,1.0,0.9911022069877596,1.0,1.0,1.0,1.0,1.0,1.0,1.0,1.0,1.0,1.0,1.0,1.0,1.0,1.0,1.0,1.0,1.0,0.9906184775186756,1.0,1.0,1.0,1.0,1.0,1.0,1.0,0.9904362046188199,0.9904918574416542,1.0,1.0,0.9910369634690153,0.9906328663568371,0.9911508645306526,1.0,0.9911022069877596,1.0,1.0,1.0,1.0,1.0,0.9905332253413992,0.9911589492854671,0.9905208899380157,1.0,1.0,0.9907021626608589,0.9902744403130417,0.9903023283985065,0.9906273223468757,1.0,1.0,1.0,1.0,1.0,1.0,1.0,1.0,1.0,1.0,1.0,1.0,1.0,0.9911022069877596,0.9915939809704393,1.0,1.0,1.0,1.0,1.0,1.0,1.0,1.0,1.0,1.0,1.0,1.0,0.9906204090776718,1.0,1.0,1.0,1.0,1.0,1.0,0.9904961340126951,0.9904104208611527,0.9608071553424977,0.0,1.0,0.9766775967963122,1.0,1.0,0.9904974669652875,1.0,1.0,1.0,0.9908730204878547,1.0,1.0,1.0,0.9910870236170621,1.0,0.9906108906767359,1.0,1.0,1.0,0.9671572207483146,1.0,1.0,1.0,1.0,1.0,1.0,1.0,1.0,1.0,0.9906135284374672,0.9905297206556589,0.990663490728967,1.0,1.0,1.0,0.9755277261503376,1.0,1.0,1.0,0.9926228426745781,1.0,1.0,1.0,0.99051197464931,0.99143476115775,1.0,1.0,1.0
NZ_CP095008.1_v1,0.9815571066864455,1.0,0.9814545210636187,1.0,0.981996223193911,1.0,1.0,0.9848673695888783,0.9848673695888783,1.0,1.0,1.0,1.0,0.981996223193911,0.9921124732998634,1.0,1.0,1.0,1.0,1.0,0.981996223193911,1.0,1.0,1.0,1.0,1.0,1.0,1.0,1.0,1.0,1.0,0.9893005830334344,1.0,0.9815571066864455,1.0,0.9925891570246904,1.0,1.0,0.981996223193911,1.0,1.0,1.0,1.0,1.0,1.0,1.0,1.0,0.9824353397013766,1.0,1.0,0.9806788736715143,1.0,0.9815571066864455,1.0,0.981996223193911,1.0,1.0,1.0,1.0,0.9837526892237733,0.9815571066864455,0.9815571066864455,0.9848079397674558,1.0,0.9770988420381148,0.9916750828792983,0.9925716124153738,1.0,1.0,1.0,0.991945662725374,0.9815571066864455,1.0,0.9815571066864455,0.9708370476655033,0.9617206827917275,1.0,1.0,1.0,1.0,0.950742105775048,0.981996223193911,0.981996223193911,1.0,0.9646842536822798,1.0,1.0,1.0,1.0,1.0,1.0,1.0,0.992562125330336,1.0,1.0,1.0,0.981996223193911,0.9617206827917275,1.0,0.9925932155367251,0.9920365205621188,0.9811179901789798,0.9828744562088422,0.966417467127936,0.9845211131747978,0.9921403703600463,1.0,0.0,0.9902157420449218,0.6870029584593635,1.0,1.0,1.0,0.990129155691337,1.0,1.0,1.0,1.0,1.0,1.0,1.0,0.9815571066864455,0.9849207309027694,1.0,1.0,0.9832399901740673,1.0,1.0,0.9921464817303537,0.9925159273510213,1.0,1.0,0.9921124732998634,1.0,1.0,1.0,1.0,1.0,0.9921124732998634,1.0,1.0,1.0,1.0,0.9776414710367618,1.0,1.0,1.0,1.0,0.9815571066864455,0.9741672081566619,1.0,1.0,1.0,1.0
NZ_CP095009.1_v1,0.9791587035201087,1.0,0.9909121974976688,0.985122732727066,1.0,1.0,1.0,1.0,1.0,1.0,1.0,1.0,1.0,1.0,1.0,1.0,1.0,1.0,1.0,0.9899161158861141,1.0,1.0,1.0,1.0,1.0,1.0,1.0,1.0,1.0,0.9710881281946508,0.992479596901269,1.0,1.0,1.0,1.0,1.0,1.0,1.0,1.0,0.9825832162805027,1.0,1.0,0.9825832162805027,1.0,1.0,1.0,0.9896737299596705,1.0,1.0,1.0,1.0,1.0,1.0,1.0,1.0,0.9899161158861141,1.0,1.0,1.0,1.0,1.0,1.0,1.0,0.9925097827921963,1.0,1.0,1.0,1.0,1.0,1.0,1.0,1.0,1.0,0.9824611700841687,1.0,1.0,1.0,1.0,1.0,1.0,1.0,1.0,1.0,0.9914776521872384,0.9605715764616384,1.0,1.0,1.0,1.0,1.0,1.0,1.0,1.0,1.0,0.9920340554702017,1.0,1.0,1.0,1.0,1.0,0.9840368234344864,1.0,0.9925483259339174,1.0,1.0,0.9529935823486091,0.9766775967963122,0.9902157420449218,0.0,1.0,0.9736210738060674,1.0,1.0,0.9603006886010752,1.0,1.0,1.0,1.0,1.0,1.0,1.0,1.0,0.991947469116617,1.0,1.0,0.9606616516426569,1.0,1.0,1.0,1.0,1.0,1.0,1.0,1.0,1.0,1.0,1.0,1.0,1.0,1.0,1.0,0.9851466631031776,1.0,1.0,1.0,1.0,1.0,1.0,1.0,1.0,0.9909121974976688,1.0,1.0,1.0
NZ_CP095009.1_v2,0.9866508581730462,1.0,1.0,1.0,0.9870021513790187,1.0,1.0,1.0,1.0,1.0,1.0,0.9902595974707634,1.0,0.9870021513790187,1.0,1.0,1.0,1.0,1.0,1.0,0.9870021513790187,1.0,1.0,1.0,1.0,1.0,1.0,1.0,0.9298196540776333,0.9842754469707562,1.0,0.9894535168797762,1.0,0.9866508581730462,1.0,1.0,1.0,1.0,0.9870021513790187,1.0,1.0,1.0,1.0,1.0,1.0,1.0,1.0,0.9870021513790187,1.0,1.0,0.9859482717611013,1.0,0.9862995649670737,1.0,0.9870021513790187,1.0,1.0,1.0,1.0,0.9884073242029086,0.9866508581730462,0.9866508581730462,1.0,1.0,1.0,1.0,1.0,1.0,1.0,1.0,0.9919173206648118,0.9866508581730462,1.0,0.9866508581730462,1.0,1.0,1.0,0.9894612038208259,1.0,1.0,1.0,0.9870021513790187,0.9870021513790187,1.0,0.9792444264137934,1.0,1.0,1.0,1.0,1.0,0.9895059545477014,0.9889593563837225,1.0,1.0,1.0,0.9895059545477014,0.9862995649670737,1.0,1.0,1.0,0.9923834658882076,0.9862995649670737,0.9873534445849912,0.9866508581730462,1.0,0.9921775024685816,1.0,0.6870029584593635,1.0,0.0,0.9913209913818567,1.0,1.0,0.9922422750347747,1.0,1.0,0.9902890922680222,1.0,1.0,1.0,1.0,0.9866508581730462,1.0,1.0,1.0,1.0,1.0,0.9916900986449272,1.0,1.0,1.0,0.9823495248329738,1.0,0.9743098248945931,1.0,1.0,0.9917492319386729,0.9921184216608742,1.0,1.0,1.0,1.0,1.0,1.0,1.0,1.0,0.9921934843117229,0.983763525236296,0.9866508581730462,0.9866508581730462,1.0,1.0,1.0,1.0
NZ_CP095399.1_v1,0.7427727547068248,0.9261418078585126,0.9548279798328017,0.8220608530936931,0.7603349837246599,0.8278902786314268,0.9151247224062642,0.902698902223763,0.902698902223763,1.0,1.0,0.9829676021346683,1.0,0.7415657747692521,0.9220911142011967,0.8204653205525827,1.0,0.8995432337129468,1.0,0.9710257945955041,0.9405905052144167,1.0,1.0,1.0,1.0,1.0,1.0,1.0,1.0,0.9686066170011501,1.0,1.0,0.7623942645781719,0.9353901854948107,0.9822625725508983,1.0,1.0,0.7402544922160533,0.8232379850236727,0.7895678593039271,1.0,0.9896060669985466,0.7897879113583497,0.9612890089709037,1.0,0.7766954490711107,0.8634847762383255,0.7954621567074583,0.8144060817850964,0.8780150657310044,0.9434067693511375,0.8067138153230855,0.9442505989699528,0.866055867558161,0.9422617806771036,0.9710257945955041,0.9859482717611013,0.9439919149445305,0.898058952582359,0.7288188390067023,0.8048306190060304,0.9433904944615733,0.8149859829837743,0.7419155234489629,0.9731589240158145,0.8445810700734172,0.8766792531889107,0.9734169215632842,0.8701218481188744,0.812956478698292,1.0,0.821335040975111,0.9794835040459404,0.746202136949478,0.8373170944173068,0.8007210380415546,0.8404976120538916,0.9910431864702384,1.0,1.0,0.9829087135250274,0.7451215040717136,0.9405905052144167,0.951379389113404,0.8127910944119416,1.0,1.0,0.7699856380366078,0.7650133039582657,0.7900473766917018,0.9701593295377997,0.9462591597198486,0.9376698588411219,0.9713982552867806,0.9478427000311568,0.9462171397950858,0.8062103474098737,0.8736336368754529,0.9433570798123692,0.9426196577327809,1.0,0.7272694027662896,0.9836383612934146,0.8196611477713,0.8482063788115326,1.0,1.0,1.0,0.9736210738060674,0.9913209913818567,0.0,0.813751532894343,0.7415511940741086,0.7615845652403705,0.7372671180322123,0.8879871246209725,0.956125852282589,0.9288358546047503,0.978242643424429,0.9776837275602178,1.0,0.8039289074359242,0.787734836644662,0.8915668709296328,0.8077788638636993,0.882797518000141,0.8264736460611763,0.7632504091826321,0.9617169419945616,1.0,0.9621509259021227,0.9469562707701339,0.9210330960561327,0.9382450564888417,0.9792313715712743,0.9113985985540887,0.8710655336294687,0.8759454504177586,0.9202821228233831,0.7478915772153393,0.741944404747455,0.8800134117569781,0.8564057317335343,0.8312471929094716,0.9691183913182242,0.9846380873099219,0.987648850235468,0.9655012547564472,0.7414160534931737,0.8170321458777857,0.9580866377585622,1.0,1.0,1.0
NZ_CP095484.1_v1,0.7918732046478347,0.9162205729659814,0.9737299062177459,0.6876284558458018,0.7321252790776871,0.8048424441106842,0.9275513622575328,0.880249990421445,0.880249990421445,1.0,1.0,1.0,1.0,0.7852616243418507,0.9837753240952922,0.8385841545415011,1.0,0.9357192100975551,1.0,1.0,0.9025528313136792,1.0,1.0,1.0,1.0,1.0,1.0,1.0,1.0,1.0,1.0,0.9277432610333635,0.839794267162955,0.9265903691284622,0.9583195793994819,1.0,1.0,0.8203736874968116,0.5232174905373541,0.844423828948529,1.0,0.9898595775595577,0.8447964639360781,0.9795472871163916,1.0,0.8067997378155738,0.8701481231817454,0.7683327307065208,0.8239248258407958,0.8431173286780029,0.8386827581429896,0.52914046482669,0.8417020276086105,0.8761242683208939,0.8916664512976974,1.0,0.9551175059744437,0.9550329374048774,0.9488921798744708,0.7541435300976727,0.5037710684195591,0.9150645090776669,0.8069990651484238,0.8219994341886543,0.9505656535893584,0.8517392768218698,0.8463410341020132,0.9577419713538421,0.8594129112938135,0.8624778012274141,1.0,0.8575703991932992,0.9660668445647028,0.7848105130169856,0.8189419797294811,0.8441451939268407,0.863866905203426,1.0,1.0,1.0,0.9697998021715931,0.7949540937616945,0.8909535185344908,0.9504387325127925,0.8435589122638588,0.9824428943939781,1.0,0.815652698729132,0.8125493823836423,0.8183045413242431,0.9718621918332454,0.9883015951797518,0.957187535228393,0.9637693346362565,0.980681293915864,0.9881776324913112,0.4300660614438234,0.9297930081692325,0.9908594432261769,0.9280256263367767,0.992231564876056,0.7732852812162667,0.9835226167475564,0.6792205855627085,0.7804345707797196,1.0,0.9904974669652875,1.0,1.0,1.0,0.813751532894343,0.0,0.7541084720261504,0.8024046157510601,0.795639094576301,0.8523101362750994,0.9737863839124148,0.9840288346563033,0.9668119431662914,0.9209601544187918,0.9907874116012984,0.4681742377202175,0.8422252165430401,0.9275513622575328,0.8284621453725798,0.872745959365827,0.8228669505153063,0.7957470425908624,0.9860187653810288,0.9905480171768033,0.9888646681880425,0.9828658474425298,0.9842823452173143,0.9718917095668144,0.968211795104901,0.8958211230948034,0.8400042523709327,0.843416479675457,0.9840288346563033,0.7631224876317139,0.756514782515096,0.8568671407609387,0.9002337400716803,0.8696533602593779,0.975129893392161,0.957877907313847,0.9735834014538445,0.9838678218457468,0.793927178318665,0.7368733864820136,0.9801281369827671,1.0,1.0,1.0
NZ_CP095485.1_v1,0.610001350776072,0.9471347126479364,0.9864833541278143,0.7808716320434352,0.719550935418094,0.7816167325055846,0.9230764261642723,0.9055806724828992,0.9055806724828992,1.0,1.0,1.0,1.0,0.631764827888407,0.9276912885139528,0.8057293895128759,1.0,0.9104643075689149,1.0,1.0,0.8533441762431477,1.0,1.0,1.0,1.0,1.0,1.0,1.0,1.0,1.0,0.9922462310393464,1.0,0.6797469608674034,0.893943055505117,0.9708435279975914,1.0,0.9871727312530726,0.6673152288441717,0.7527958850833437,0.7791095566848528,1.0,0.9495670151489011,0.7796698009256566,0.9488923671956433,1.0,0.6544397665231936,0.8773913945439222,0.8039956935447702,0.7570571373577543,0.8673089888603214,0.8528976616126189,0.7382326737692921,0.8540103563145025,0.848940197481758,0.8551528593155678,1.0,0.9646408469134911,0.9276562227239836,0.9336849044815616,0.6326069187281829,0.7318195484560792,0.8788600604443059,0.7944609950545132,0.632012415009926,0.9613304324554782,0.8581571127791987,0.8539946999039789,0.9841731346014082,0.8794825966638973,0.8058104719512705,1.0,0.778707525824156,0.9862769008892691,0.5504884434520053,0.7673296779869164,0.7703512148411498,0.7823266148596443,1.0,1.0,1.0,0.9814599344528578,0.6381239289445001,0.8543114834212822,0.9637421541961215,0.7798417217493477,1.0,1.0,0.6824987723979274,0.6746144626201557,0.7361127548069224,0.986533760437722,0.9493132224416402,0.9498612111663695,0.9713634362279058,0.9500836327423626,0.9496216437904822,0.7546370294110827,0.8676613971902879,0.9347707358544877,0.9281479166825268,1.0,0.6040622556626183,0.9843920435894383,0.7374730792194251,0.788074682766233,1.0,1.0,1.0,1.0,1.0,0.7415511940741086,0.7541084720261504,0.0,0.5791053079575044,0.5055519488342445,0.8641228745449262,0.9903593966770056,0.9269988393755199,0.9802117563529265,0.9480435257754787,0.9908500374258334,0.7305118028367781,0.7887418471470053,0.9230764261642723,0.7632847367452176,0.8923159370780949,0.8168312913572351,0.7474977024923755,0.9495056496551119,0.9907880698000409,0.9447171783743681,0.9563848594853538,0.9268570114312206,0.944562829632188,0.9824082938460265,0.9123019574076655,0.8652868583921187,0.8670177571804094,0.9274137420465597,0.5577421194378931,0.5308677370621252,0.7752371521316286,0.8553678418213074,0.7734165934289324,0.991890358968508,0.9660045041240735,0.9867340591955134,0.9844094757844082,0.570196529742327,0.7662281741465413,0.9845079051760942,1.0,1.0,1.0
NZ_CP098517.1_v1,0.6535548759544878,0.9547207718732934,0.9792286363240187,0.8022598824466168,0.7775932549049697,0.7752595287516197,0.9402812280152623,0.9224129587094575,0.9224129587094575,1.0,1.0,1.0,0.9925697696002945,0.6990952623320067,0.9269671937839442,0.7974965652187282,1.0,0.8998096980905308,1.0,1.0,0.9012385428470663,1.0,1.0,1.0,1.0,1.0,1.0,1.0,1.0,1.0,1.0,1.0,0.6856425804835602,0.8522293349459387,0.9228554973824619,1.0,0.9812163946011347,0.5605595686658578,0.7830459682438397,0.7844187695762956,0.991803158527309,0.9494934637394152,0.7848014464724185,0.9605421040193575,1.0,0.6736196932403036,0.8829282657269795,0.7990593018341267,0.756605852761583,0.8664978194849262,0.894851302325406,0.62460424811466,0.9149149957116436,0.8488867986094227,0.9028729506156714,1.0,0.9859482717611013,0.9288536847259181,0.9339470933118688,0.6736586598577838,0.7800151658796333,0.8938353841912985,0.7981329938027888,0.49931867380315076,0.9737590712930586,0.8561783498789325,0.8375654960928504,0.9840208134410102,0.8355710618379175,0.7607914826010937,1.0,0.724725276522959,0.9926228426745781,0.5697945070033745,0.740483035188207,0.7142441277979524,0.7443382845042219,1.0,1.0,1.0,0.9815002328799705,0.6967952261956569,0.9022004157152111,0.9842055099930345,0.6596868362845809,1.0,1.0,0.6778084789360272,0.6729722215838154,0.7421509703001532,0.9872865315933773,0.9493876474883213,0.9501540360147424,0.9723808879898016,0.9506518208000544,0.9505932538609356,0.8032529248523853,0.8571587320224314,0.9277968853808377,0.9317639434055907,0.9520901589193197,0.624747098777231,0.98386996253547,0.7857385623302783,0.8371351159448869,1.0,1.0,0.990129155691337,0.9603006886010752,0.9922422750347747,0.7615845652403705,0.8024046157510601,0.5791053079575044,0.0,0.5945106366769666,0.8660250965115843,0.9701006972650122,0.9259599509592717,0.9725462371143905,0.9421964861301584,1.0,0.7528564062414469,0.790175361132649,0.9402812280152623,0.7261056106492609,0.8520125970473604,0.8171764620167952,0.7490149256054512,0.9487112928523456,1.0,0.944466914599493,0.9169458542739675,0.9260992089111495,0.9054099716209258,0.9910579911207008,0.9120315914928403,0.8673013209041864,0.8297129562457103,0.9259804342199848,0.5933779141267601,0.5712743754477103,0.8103410585010382,0.8544172838018786,0.7122106876274661,0.9840743018675724,0.9794710989626483,0.9795194383713464,0.9840831121980762,0.5964207236439509,0.7997290606117045,0.9843848405919096,1.0,1.0,1.0
NZ_CP098519.1_v1,0.611408044782064,0.957057863315953,0.9925218794915116,0.8096885421971751,0.7286329601293295,0.7985254882741275,0.9553042658433343,0.9357364166288401,0.9357364166288401,1.0,1.0,1.0,0.9924058674591246,0.6670608772527828,0.9281148440675202,0.8070025018145166,1.0,0.9000173676760335,1.0,1.0,0.8898393150544684,1.0,1.0,1.0,1.0,1.0,1.0,1.0,1.0,1.0,0.9924677672953651,1.0,0.6781808704270818,0.9153218289768499,0.9586716643129376,1.0,0.9815571066864455,0.6568130311537863,0.7953153151234797,0.7881057722862594,1.0,0.9486991142870868,0.7884884491823824,0.9609416768844234,1.0,0.6691566376385853,0.8747886416205166,0.8226753897522023,0.7746121890300448,0.8660228391787059,0.889586470864106,0.7780134172158156,0.8908758637793084,0.8501949157659862,0.891517202549448,1.0,1.0,0.9277350459057815,0.9341589133810815,0.6361371316605303,0.7734312818147395,0.8151975179928719,0.8014911695996725,0.6396048386282267,0.9841430806926689,0.8669240946652925,0.8474966124969139,0.983964539827404,0.8799285950518105,0.8050596741663001,1.0,0.7758107872264842,0.9926228426745781,0.560040707146811,0.7451852502765246,0.7710472610385767,0.7743386465752424,1.0,1.0,1.0,0.9923319870094182,0.6414802793067057,0.8898393150544684,0.9635547232288576,0.7766982322164904,1.0,1.0,0.7014859278550347,0.6904152352731047,0.767774259740521,1.0,0.9631025183799529,0.9495347379229926,0.9849445768868942,0.9637147685217978,0.9635930776174381,0.7971050505874522,0.859641311863095,0.9288635520461257,0.9393759686566113,1.0,0.6123441336680547,0.9839294779882182,0.7744965831758921,0.8500197369470195,1.0,1.0,1.0,1.0,1.0,0.7372671180322123,0.795639094576301,0.5055519488342445,0.5945106366769666,0.0,0.8773546520045332,0.9892593111737153,0.9268862124938866,0.9923862574542294,0.971893135427138,1.0,0.7736021457257242,0.789509408378857,0.9478030278901148,0.7778973887318499,0.8924283639477621,0.8162368240222241,0.7608482661052844,0.9610000141644539,1.0,0.9541361996520723,0.9572917836650403,0.9273258556478042,0.9573373808883019,0.9913063802562369,0.9119481767993656,0.8677932723389953,0.8691262813880513,0.9273215043087604,0.5751976179014293,0.5510644742475089,0.8225156535218938,0.8542808639648262,0.7661440249274523,0.9838780484137699,0.992549495741463,0.9849769170299373,0.9840820024805497,0.5762933851548796,0.79756272400636,0.9845250383746074,1.0,1.0,1.0
NZ_CP100410.1_v1,0.8757952407681554,0.9858109847610661,0.9684708041699777,0.8489538725480894,0.8433129253368171,0.847541297606012,0.9758963349579898,0.9666961394669072,0.9666961394669072,1.0,1.0,1.0,1.0,0.8753014273263131,1.0,0.849051849973714,1.0,0.9512925090116013,1.0,1.0,0.9481990868368031,1.0,1.0,1.0,1.0,1.0,1.0,1.0,1.0,1.0,1.0,1.0,0.9014376275349278,0.9677256016130228,0.9744315075993234,1.0,1.0,0.8812114868943968,0.8515084177985468,0.8848002284013953,1.0,0.9750086741422699,0.8848607201043565,1.0,1.0,0.9201324505246489,0.8773603863724978,0.8557556446527218,0.8741592813517907,0.9223773607287404,0.9491750133950678,0.8585273041567774,0.9489951117120968,0.8858323868289838,0.9496191698546442,1.0,0.9772030046564564,0.9708645928559432,0.9852911181887278,0.8825344463807052,0.8519689276497636,0.9489082617820742,0.8695874089183251,0.8889623546222599,0.9620738492205385,0.8820531334923253,0.8861570864081626,0.9704635630234999,0.8791625880878677,0.8950784302856554,1.0,0.8652463370815218,0.9705533017838307,0.8715272770291592,0.8825596232477718,0.8919134901076767,0.8918338472639856,1.0,1.0,1.0,0.9352123818551332,0.885064422859059,0.9488685768646473,0.967084868505008,0.8817407478495874,1.0,1.0,0.8795434854572198,0.879850838891649,0.8801943478237955,0.9756818410572056,0.9899258174158218,0.974488242742877,0.975356298496708,0.9902431145050873,0.9898699411988442,0.8519108684428931,0.9512925090116013,0.9918138593647408,0.9414123555962752,1.0,0.875014331187778,0.9842388092483181,0.8563589013753787,0.8672092245626521,1.0,0.9908730204878547,1.0,1.0,1.0,0.8879871246209725,0.8523101362750994,0.8641228745449262,0.8660250965115843,0.8773546520045332,0.0,0.9866589338789307,1.0,0.9698931787072399,0.9630929365138112,1.0,0.8515281577094866,0.88961205574556,0.9758963349579898,0.8817999710971497,0.8785591574004447,0.8935939106172486,0.885215279353905,0.9863766781098482,1.0,0.9735252330924502,0.9830359739165955,1.0,0.969990222420982,0.9747264371782707,0.8999948177686018,0.8234358123973563,0.8272936426141204,1.0,0.8744886722221141,0.8671537628021646,0.8707215419520943,0.9227241123617322,0.8967891202835575,0.9787609536468482,0.9744108919912192,0.9579651382337075,0.9768530252010074,0.880859608974776,0.8533539825276704,0.9802307377844455,1.0,1.0,1.0
NZ_CP100446.1_v1,0.9904991155657447,0.9249161894644224,0.9888744773245929,0.9737584088058273,0.9528722208680782,0.9868948702203085,0.891730640471517,0.9217023328087758,0.9217023328087758,0.9910825570791604,0.9916230081652719,0.9795078963182727,1.0,0.9779384730282317,1.0,0.959587870422861,1.0,1.0,1.0,1.0,0.9740043027580374,1.0,1.0,1.0,1.0,1.0,1.0,1.0,1.0,0.984570651345523,1.0,0.992234571236398,0.9758808640705361,0.8998597988047411,0.9198142158081543,1.0,0.9921634592513834,0.9702404161537512,0.9408826544414073,1.0,0.9921634592513834,1.0,1.0,1.0,1.0,0.9893393680268471,0.9777846800908845,0.9666379962648841,0.9897657933057732,1.0,0.9652640432960393,0.9536698262600635,0.9861991954796531,1.0,0.9740043027580374,1.0,0.9228411226463193,0.9068210290776525,0.8577013009726877,0.9913293526618356,0.973625362932148,1.0,0.9833585055682345,0.9694245863206543,0.9889901515673629,0.9766542515482348,0.9682482931034962,0.9668068660365107,0.9225194047672218,0.9469176328687922,1.0,0.9698253350245615,0.9409262640220726,0.977466137624166,1.0,0.9703687309821437,0.9900127221646735,0.9909403331091311,1.0,1.0,0.9193731301073312,0.9903593966770056,0.9740043027580374,0.930860248091546,0.9777885308354581,1.0,1.0,0.9894006360266928,0.9765221551627811,0.9507110788704572,0.8913153678251152,0.9596252099808193,0.927181307780397,0.8878305331851222,1.0,0.9579252563362657,0.9603219639239227,0.9901922185846993,1.0,0.9901637902327709,0.9880560309969361,0.9748309629406023,0.9745414634792949,0.9837794897617876,0.9834900497996863,1.0,1.0,1.0,1.0,0.9902890922680222,0.956125852282589,0.9737863839124148,0.9903593966770056,0.9701006972650122,0.9892593111737153,0.9866589338789307,0.0,1.0,0.9853614054640649,0.985655527422791,1.0,0.9386111341093661,0.9872072416322165,0.891730640471517,0.9552850437408632,0.9850015241137996,0.984191805731239,0.9677763491379308,1.0,0.9918548037931136,1.0,0.9832982870150986,1.0,0.974580712654546,0.9413007544507771,0.9865520569588665,0.9598582028257626,0.9600136257732518,1.0,0.9902196777882665,0.9902196777882665,0.9328493241365737,0.9854435401433247,0.9801765123974444,0.9345407527600076,0.9079504312796309,0.9258250384884956,0.9638261121074958,0.9552633484156459,0.9711882596532252,1.0,1.0,1.0,1.0
NZ_CP100450.1_v1,0.9265633821706717,0.9101488854965266,0.9808454761404714,0.9692602194097103,0.9631877627331842,0.9339547865078245,0.9670785138430134,0.963894514228113,0.963894514228113,1.0,0.9916230081652719,1.0,0.992340656328797,0.8809461005131434,0.7105249204298203,0.9606369640225684,1.0,0.9747308916956042,1.0,0.991803158527309,0.9572996869382898,1.0,1.0,1.0,1.0,1.0,1.0,1.0,1.0,1.0,1.0,1.0,0.9271163784394352,0.9249092973353453,0.9922549529391896,1.0,0.9924551800080913,0.8434407235676397,0.9837753240952922,0.9605792050026013,0.9924551800080913,0.9896060669985466,0.9606922325076888,0.884381953760809,1.0,0.9263490353221593,0.9908831048926193,0.9595805555257373,0.9367188791662049,0.9606576524924691,0.9583670278072014,0.9653039399159359,0.9607595705795297,0.9750763849870323,0.9572996869382898,0.991803158527309,0.9920613267626694,0.9845358557783254,0.9660713867297461,0.8824955808330949,0.9652760304963751,0.9591973615961837,0.9480309200061285,0.9283977256143506,1.0,0.9757292889050488,0.9849354668791812,1.0,1.0,0.9551602921180562,1.0,0.9605763791079344,1.0,0.9260297436177729,0.9748420441181206,0.9608866200744057,0.9747308916956042,1.0,1.0,1.0,1.0,0.8406955894160467,0.9572996869382898,1.0,0.9608634287464184,1.0,1.0,0.9188059649706924,0.9282304977735889,0.9386789345136134,1.0,0.8997546130240257,1.0,1.0,0.9082906376241244,0.9133276817879868,0.9837753240952922,0.9608866200744057,0.94304768262544,1.0,1.0,0.926260779758466,1.0,0.945222023065018,0.9514711902791163,1.0,1.0,1.0,1.0,1.0,0.9288358546047503,0.9840288346563033,0.9269988393755199,0.9259599509592717,0.9268862124938866,1.0,1.0,0.0,1.0,1.0,0.9811041955809415,0.9652760304963751,0.9371878452455882,0.9670785138430134,0.9526233999250463,1.0,0.9124645358464117,0.8959787181302733,0.8981884717632743,1.0,0.8881057629615253,0.9737410919193441,0.7106436459451567,0.9734183816251437,0.9893768934513926,1.0,0.9901637902327709,0.9897805612808009,0.704918232649526,0.9308586796687938,0.9255484335320006,0.9815571066864455,0.9611462414575758,0.9653971793388587,1.0,0.9925399532664274,0.9812461555389653,1.0,0.9105769041399834,0.9477850146192616,1.0,1.0,1.0,1.0
NZ_CP100451.1_v1,0.9922146951635635,0.9855888089456876,0.9800690383141663,0.9672772673561185,0.9769809044730696,0.9823839938710508,0.9787349097980778,0.9742058792379784,0.9742058792379784,1.0,0.9926160684254272,1.0,0.9794258415300845,0.9802178848628363,1.0,0.982273212697048,0.9817479411484209,0.992324427909178,1.0,1.0,0.9734021371167673,1.0,1.0,1.0,1.0,1.0,1.0,1.0,1.0,1.0,1.0,1.0,0.9924511488803146,0.9732510596455447,0.9767970163619112,1.0,0.9738812672147514,0.9923828299581656,0.9666928698064781,0.9922125190003871,1.0,0.9925764454586951,0.9922558630504776,1.0,1.0,0.9823674624144235,0.9711011627841024,0.9594470139626933,0.9821889132868671,0.9920147617718487,0.9730679779989043,0.9668192992379334,0.9729446860015867,0.9924303950921759,0.9734021371167673,1.0,0.9795591411356638,0.9856363759240229,0.9857782911775662,0.9923660114616716,0.9667231528304142,0.973067349489834,0.9765103304541317,0.992240643907963,0.9737815041449399,0.9776335886653124,0.9769121157978009,0.9549368186162541,0.9781575921639742,0.9924237697046241,1.0,0.9750418076270017,0.9876772316115251,0.9795845907437478,0.9922225318119584,0.992324427909178,0.992324427909178,1.0,1.0,1.0,0.9750222938297864,0.9922548406270223,0.9728830759153303,0.9489210290029999,0.9924644243222621,1.0,1.0,0.9805172954838399,0.9818058780064034,0.980222258502585,0.9681769529442432,0.9902146233581829,0.9761273503401805,0.9677139645673865,0.9828953180177281,0.9824960353764133,0.9670264516003526,0.992324427909178,0.9924325843995576,0.9925307561060223,1.0,0.9801242753834318,1.0,0.9657834692187367,0.9663906337358042,0.9915689630566608,1.0,1.0,1.0,1.0,0.978242643424429,0.9668119431662914,0.9802117563529265,0.9725462371143905,0.9923862574542294,0.9698931787072399,0.9853614054640649,1.0,0.0,0.9462510933225475,1.0,0.9666759086217526,0.9926157560681176,0.9787349097980778,0.983086112623109,0.9781892699036748,0.9923635451401581,0.9821581878248818,0.9908807518142697,1.0,0.9826942898292519,0.9821098951976166,1.0,0.9734769200262028,0.9878435105021266,0.9530467533704544,0.977294597800162,0.9773673376765388,1.0,0.9804927073990207,0.9804927073990207,0.9616759874209871,0.9921149948876832,1.0,0.9863197542317849,0.9763520547299401,0.9699671104659434,1.0,0.992366962438129,0.9634973608615188,0.9469539851869152,1.0,1.0,1.0
NZ_CP100458.1_v1,0.9918137761976105,0.9844998116227314,0.9731804635298374,0.9213101003509044,0.9582198672972203,0.9591811628226595,0.9591908872420767,0.9346388766343703,0.9346388766343703,1.0,1.0,1.0,1.0,0.9784164641360572,1.0,0.9810859098414082,1.0,0.991989692631044,1.0,1.0,0.9451749861510046,1.0,1.0,1.0,1.0,1.0,1.0,1.0,1.0,1.0,1.0,1.0,0.9919837759025985,0.9705302003714216,0.9312266237705306,1.0,0.9821891061457885,0.95565462734619,0.9210693099427644,0.9922911275573489,1.0,1.0,0.9922436797580871,0.9880160102519518,1.0,0.9778422414278767,0.9680007944339823,0.943250868682956,0.9692693868224223,0.9844517556225392,0.9329418228725339,0.8857416850723854,0.9330090231538402,0.9918569083074579,0.9337375329332963,1.0,0.9570391429156307,0.9850948943975361,0.9855689410692061,0.9918242844073933,0.9136680634740213,0.9608286849850769,0.9738007953685631,0.9566703842216613,0.9496562724882387,0.9569242832007246,0.9462015931409561,0.9143931852541757,0.9749706556812798,0.9918886536143776,1.0,0.9560804182855006,0.9748846693918625,0.9508117166868911,0.9561814240192571,0.991989692631044,0.9723172730965857,1.0,1.0,1.0,0.9718764371548083,0.9720774909689618,0.9345366162408639,0.9352207087675452,0.9551602394347926,1.0,1.0,0.9773955412395946,0.9762303038283029,0.9664998226687308,0.9746278326522987,0.9879832712390648,0.9667600414236426,0.9746943675743275,0.9886199191204388,0.98822201419458,0.9222537681525169,0.991989692631044,0.9722297200062854,0.9885607370586813,1.0,0.977952447492868,1.0,0.9287199299438501,0.9288110978707574,1.0,0.9910870236170621,1.0,1.0,1.0,0.9776837275602178,0.9209601544187918,0.9480435257754787,0.9421964861301584,0.971893135427138,0.9630929365138112,0.985655527422791,1.0,0.9462510933225475,0.0,0.9908318565030885,0.9213950658207946,0.9921400150261868,0.9591908872420767,0.9651718972165902,0.9748215232102099,0.9920187265198558,0.977521645342008,0.9854430674849536,0.9905999524395747,0.9881355690813072,0.9674109771165721,1.0,0.9560993358842585,0.9781780823976083,0.9688368052941289,0.9732923234796226,0.9571226179500176,1.0,0.9776435718044589,0.9776435718044589,0.940671566765556,0.9921218024987676,0.9803275804655418,0.9859236484055425,0.9594986755800966,0.9733209652888855,1.0,0.9919934140353793,0.9527727404817051,0.9511898773045285,1.0,1.0,1.0
NZ_CP101155.1_v1,1.0,1.0,1.0,0.9907785533432227,0.9660078478835552,1.0,0.9893625259539798,0.9903496488475586,0.9903496488475586,1.0,0.9709176197514318,1.0,1.0,1.0,0.9799461389440515,1.0,1.0,1.0,1.0,1.0,0.99049261701278,1.0,1.0,1.0,1.0,1.0,1.0,1.0,1.0,1.0,1.0,1.0,1.0,1.0,1.0,1.0,1.0,0.990294537397366,0.9907874116012984,1.0,1.0,1.0,1.0,0.9820648655747898,1.0,1.0,1.0,1.0,0.9895828328330771,1.0,0.9908052821741119,0.9907874116012984,0.9905641010953907,1.0,0.99049261701278,1.0,0.9914467741154529,1.0,1.0,0.9904956868813584,0.990716545536693,1.0,1.0,1.0,0.9910771525682993,0.989055084507563,1.0,0.9761014167452063,1.0,1.0,1.0,1.0,0.991803158527309,1.0,1.0,1.0,1.0,1.0,1.0,1.0,1.0,0.9904205587608311,0.99049261701278,1.0,1.0,1.0,1.0,1.0,1.0,1.0,1.0,0.9915010836921601,0.9771055474788707,0.9769476884827433,0.991574561354764,0.9915171271698373,0.990921521508444,1.0,1.0,0.9908765590564832,1.0,1.0,1.0,0.9906355851780013,0.990520174644627,1.0,1.0,1.0,1.0,1.0,1.0,0.9907874116012984,0.9908500374258334,1.0,1.0,1.0,1.0,0.9811041955809415,1.0,0.9908318565030885,0.0,0.9907874116012984,1.0,0.9893625259539798,1.0,1.0,0.9905115350225214,1.0,0.9910855899135381,0.989712846518514,0.9827034801603782,1.0,0.9799736451234901,1.0,0.989268297147026,1.0,1.0,1.0,0.9799186327646129,1.0,1.0,0.9911278505650704,1.0,1.0,1.0,0.9912378591153994,0.9917793304997722,1.0,1.0,1.0,1.0,1.0,1.0,1.0
NZ_CP101324.1_v1,0.7443858990650711,0.9218732075777175,0.9737040431919375,0.6727245389501042,0.6909327764396146,0.7877924472087376,0.87604184898871,0.8605722447594292,0.8605722447594292,0.9923886472039298,1.0,1.0,1.0,0.7175262028529699,0.9654142455537003,0.8148184485222121,1.0,0.9457985483192777,1.0,1.0,0.8211575795371828,1.0,1.0,1.0,1.0,1.0,1.0,1.0,1.0,1.0,1.0,0.9192739313760984,0.8016167223930428,0.7772339020478901,0.9489017038915813,0.9922585386091253,0.9924336847944392,0.7778031618410672,0.38107992704705507,0.8429680386353198,1.0,0.9898595775595577,0.8433406736228689,0.9511355769847928,0.991172632260179,0.8325674919545798,0.8692509148347598,0.734960198041588,0.8208195717897808,0.912204516159859,0.7082971424229871,0.4643719040962605,0.743519526776123,0.8756780569187762,0.8103129491382097,1.0,0.9382071217165965,0.9308547191386246,0.9079536312965772,0.7314223139925555,0.4237469867042547,0.8370051584051001,0.7767976765845763,0.7795009069419389,0.9504559291503839,0.838100324274818,0.8504177670173163,0.9523314660120373,0.8378736881262419,0.8415175961598752,1.0,0.8060646306259849,0.9657773336583975,0.7228109747534353,0.8182251854720718,0.8233868230980934,0.8537540935321707,1.0,0.9921934843117229,1.0,0.9530951862633336,0.7475361421338315,0.8020444954080278,0.9536300367653482,0.8074471989580663,0.9825310324743297,1.0,0.7931010198373774,0.7748755904566561,0.7792803464047918,0.9494409614112874,0.9736466361831225,0.9566178186552606,0.9149513148274664,0.9806046879207921,0.966347508088913,0.4401997137431597,0.9297394303319649,0.9906898080123177,0.9068920658337286,0.9117168161653608,0.7167316973578073,0.9446027729720843,0.6429134937613538,0.7377909362564403,1.0,0.9906108906767359,0.9815571066864455,1.0,0.9866508581730462,0.8039289074359242,0.4681742377202175,0.7305118028367781,0.7528564062414469,0.7736021457257242,0.8515281577094866,0.9386111341093661,0.9652760304963751,0.9666759086217526,0.9213950658207946,0.9907874116012984,0.0,0.8522515719859067,0.87604184898871,0.7931952384919336,0.8717091278212038,0.8213211698091668,0.7565773419251576,0.9859365228244467,0.9905480171768033,0.9802202965377854,0.9645729927737411,0.9654741662317574,0.9535811888580499,0.9684706427303543,0.8946832140726759,0.83860234328022,0.8425024934821452,0.9648248282134747,0.7641363644560161,0.7573186303676462,0.8334381360710319,0.8999887312303009,0.8490111039385875,0.9751743723768965,0.9401271005904659,0.9563988037769855,0.9755567776924112,0.659583542882404,0.6761421786576611,0.9801511029893153,1.0,1.0,1.0
NZ_CP101826.1_v1,0.7993040291077014,0.9390290046310389,0.9620610918581904,0.8527576282069191,0.842122679516928,0.8105829868670721,0.9721768122497989,0.9047276041470819,0.9047276041470819,1.0,1.0,1.0,1.0,0.8013896721445474,0.9187627670804064,0.8132710464023403,1.0,0.9199833634944264,1.0,0.9775059878811282,0.9596719035408225,1.0,1.0,1.0,1.0,1.0,1.0,1.0,1.0,1.0,1.0,1.0,0.7820645447376031,0.9695280305664706,0.9637120281269141,1.0,0.9924624696892429,0.7923209757329738,0.8385897630296713,0.8293402328360184,0.9924624696892429,0.973101719980387,0.8297678895532612,0.9616799143406276,1.0,0.8349624807025975,0.8901794157940284,0.839620857439412,0.8148457084602522,0.862350909643794,0.9598139883838045,0.8474893078761818,0.9611544307554729,0.8434527100324989,0.9684897178523537,0.9775059878811282,0.963342245804838,0.9555848491114334,0.9714746080973766,0.7914096331378292,0.8528288965914301,0.9627674260337055,0.8190170589831854,0.7817258950144008,0.9754513026913006,0.8562967933951148,0.876526806052943,0.9919905149038277,0.8832511185434064,0.8043193228339003,1.0,0.8228951387347134,0.984647412355079,0.7956978777504558,0.8562660473475008,0.8239208486952352,0.8452780982669764,1.0,1.0,1.0,1.0,0.8021231159036794,0.9596719035408225,0.9763236584681911,0.7821384376255573,1.0,1.0,0.791879267714674,0.7887372591986431,0.7971708691678754,1.0,0.9642598876581099,0.9094561609405685,1.0,0.9397434145755963,0.964169170515847,0.839018454392676,0.8899527366799029,0.9513397405585204,0.895379952827338,1.0,0.7906448301074209,0.9918506489182285,0.82683923874487,0.8382960153979225,1.0,1.0,0.9849207309027694,0.991947469116617,1.0,0.787734836644662,0.8422252165430401,0.7887418471470053,0.790175361132649,0.789509408378857,0.88961205574556,0.9872072416322165,0.9371878452455882,0.9926157560681176,0.9921400150261868,1.0,0.8522515719859067,0.0,0.9721768122497989,0.813151167470224,0.882449757759982,0.8128725841994805,0.8043063775078725,0.9436765070711988,0.9920246947833278,0.9619445125324035,0.9622125866753097,0.9186296243299525,0.9622547861505217,0.9807529947699483,0.9052048702094015,0.8822164515684692,0.8877608760028524,0.9194777497028436,0.7964125406776656,0.7907679711928182,0.8796362799130826,0.8250843649157974,0.8377681440535778,0.9893496821681362,1.0,0.9914033126018119,0.9846510651977626,0.7878296631575081,0.82566021214749,0.9760540459941752,1.0,1.0,1.0
NZ_CP101874.1_v1,0.9366827781225407,0.8552261037224218,0.9744549067015632,0.9191104768943537,0.9054806458318116,0.961497200100551,0.24208287359776348,0.7628923157064742,0.7707053585817817,0.9779139741957791,0.9790380362483885,0.9777876064209385,0.9776889002948972,0.9024105902531059,0.9609424843661074,0.9739939735931071,0.9770617799780771,1.0,1.0,0.976647691034074,0.9127235874825566,1.0,1.0,1.0,1.0,1.0,1.0,1.0,1.0,1.0,1.0,1.0,0.9213034229202213,0.8026359676085173,0.8098059221663411,1.0,0.9768022132480836,0.9544371867585248,0.8950378306405598,1.0,0.9766813992587241,0.979377028034565,1.0,0.9913821727114911,0.9773590987579756,0.9399202578622531,0.9770263867765402,0.920890263158347,0.9628729511894994,1.0,0.9163765457982168,0.9154113041020441,0.9170042664923581,1.0,0.9127235874825566,0.976647691034074,0.8025605838818697,0.8004306055694546,0.7056283849331983,0.9488003389397206,0.9079166922180939,0.9558584541812608,0.9128478464141186,0.9391402623492549,0.9700681401834328,0.9475364804654602,0.9721846229627211,0.9579576967379515,0.9659937471295218,0.9719708092283917,1.0,0.982612898151417,0.8482729828336066,0.9039784048050964,0.9921124732998634,0.9895723725568932,0.9925829044678667,0.9773060468982011,1.0,1.0,0.8030608717659512,0.947996176924855,0.9134973833436821,0.9602335954967512,0.9866735222508509,1.0,1.0,0.941005187166686,0.9085955588446153,0.8793480302651876,0.8126212918569535,0.9529078990647738,0.8354145522389191,0.7545739870947024,0.9889382430611259,0.9531588227833255,0.897354614146474,0.9895723725568932,1.0,0.9898220488058128,1.0,0.9069439757642829,0.9573068745333729,0.9404606732407579,0.8774260164240943,1.0,1.0,1.0,1.0,1.0,0.8915668709296328,0.9275513622575328,0.9230764261642723,0.9402812280152623,0.9478030278901148,0.9758963349579898,0.891730640471517,0.9670785138430134,0.9787349097980778,0.9591908872420767,0.9893625259539798,0.87604184898871,0.9721768122497989,0.0,0.9370447503800841,0.9875934684497054,0.9811436955962045,0.9110699965719311,0.9866767058336864,0.9758034197225461,0.9746379105274736,0.9641358240388804,0.9599483239543921,0.9531702139662981,0.841976695835837,0.9430405394234137,0.9870201463539349,0.9870201463539349,0.9594268548794556,0.9394766825901006,0.9393949864956884,0.9369694525005018,0.9882529341951882,0.9925829044678667,0.8683946252472616,0.812237758050274,0.7903947103724843,0.9644567503379082,0.9247845964524649,0.8523748967029109,1.0,1.0,1.0,1.0
NZ_CP104744.1_v1,0.7870414110902078,0.9667869931348041,0.977916255742049,0.8331003553531006,0.8271450794911178,0.8240031677958991,0.9370447503800841,0.9464788832827946,0.9464788832827946,1.0,1.0,1.0,1.0,0.7552788396135984,0.9455867558649035,0.8184315846390182,1.0,0.9215812052764408,1.0,0.9862053155703494,0.9353701552218672,1.0,1.0,1.0,1.0,1.0,1.0,1.0,1.0,1.0,1.0,1.0,0.7698739716116518,0.932197505475617,0.9685888406512302,1.0,1.0,0.7389511625549717,0.8016852934605407,0.8169431163918562,0.9885244219382328,0.9899178849885901,0.8172050146050964,0.9618009338948927,0.9696781022298172,0.8186068227407238,0.8881601451758916,0.8465238484514823,0.7933570808432153,0.8700167847894182,0.9194033507396717,0.7937385807816358,0.9387466326399629,0.863240225652641,0.9283788963367051,0.9862053155703494,0.9614562850207962,0.964376834874771,0.9675641928487152,0.7789716832550684,0.8271115180205594,0.9621534393548983,0.864960096835431,0.7286304338930709,0.9729032151990176,0.8962280742811732,0.890755525616789,0.9668517409281066,0.8240654621328657,0.6575410010288096,1.0,0.7901249361236555,1.0,0.7547215190437722,0.8421170934069109,0.7602462612954022,0.806714982746229,0.9918589193536539,1.0,1.0,0.972019804296228,0.7799967860133404,0.9271211578213525,0.9714392536677198,0.7973873380124037,0.9910481862864033,0.9911366021877716,0.7835484397663697,0.7667370895396902,0.7740252069869038,0.9766766341016953,0.9398652260805885,0.9653341932163729,0.9362213625685931,0.953770337656756,0.9403746647411512,0.8140894760870684,0.8785184801813606,0.9431295144710241,0.9263755970106357,0.988758617408881,0.7467786652823638,0.9698457009943697,0.8368500113862857,0.8805631540307581,1.0,1.0,1.0,1.0,1.0,0.8077788638636993,0.8284621453725798,0.7632847367452176,0.7261056106492609,0.7778973887318499,0.8817999710971497,0.9552850437408632,0.9526233999250463,0.983086112623109,0.9651718972165902,1.0,0.7931952384919336,0.813151167470224,0.9370447503800841,0.0,0.8819612931195401,0.7275490561545157,0.6932872378978174,0.948632286072849,1.0,0.9434487043127657,0.9832774976880477,0.9444793350720324,0.9650671157589847,0.9830835593076354,0.9139619087526505,0.8880956185938234,0.8809453281238693,0.9448319942112167,0.7703628918079557,0.7640299224732655,0.8804824654107224,0.8580450979384757,0.7726840517883816,0.9836577885866288,0.958889885261342,0.969476296725241,0.9647336596218693,0.7414196208145902,0.8427189949162315,0.9840774677341427,1.0,1.0,1.0
NZ_CP104744.1_v2,0.891758359904927,0.984552834545691,0.9803303306708123,0.8728003926251096,0.8706007176527945,0.893131233901777,0.9875934684497054,0.9603435696927131,0.9603435696927131,1.0,1.0,1.0,0.986981487072785,0.8928784170988814,0.9919273530950772,0.8822675746082729,1.0,0.9530319947816475,1.0,1.0,0.9719786377313798,1.0,1.0,1.0,1.0,1.0,1.0,1.0,1.0,1.0,1.0,1.0,0.8954916570904593,0.9770609944151136,0.9854065579388073,1.0,1.0,0.8947324348699567,0.8715648211525909,0.8917137519107354,1.0,1.0,0.8919352007343643,0.9925251319815263,0.9903498178406618,0.9426334609895504,0.8948394960823143,0.8728203715900729,0.8920625504554968,0.9137456565864651,0.9720959505222574,0.8746751093926146,0.9718911590991199,0.8942308965563234,0.980837850232167,1.0,0.9880717605434721,0.9847964907579129,0.9845739997284775,0.8924948185699986,0.8722406433679173,0.9720723996513714,0.8577490220610048,0.8948759304251724,0.9654101394449556,0.8831223672399671,0.8862376655665966,0.9703841189707058,0.8222865803020726,0.8845386251773529,1.0,0.8966611970206374,0.9875678195035579,0.8787185264355131,0.8925884734479015,0.8967298339213523,0.8966537036403355,0.9915831090918006,1.0,1.0,0.9853614054640649,0.8931242057868563,0.9719786377313798,0.9647196943433464,0.8518856243210667,0.990886406520495,0.9907174841600652,0.8966651765381182,0.8958280296590748,0.8966037735009391,0.9848367897930129,1.0,0.9652493678975598,0.984788187220448,1.0,1.0,0.8723059236280534,0.9530319947816475,0.9912516055701194,0.9340019805799389,0.9924058674591246,0.8924107958591244,0.9843880501974812,0.8546238685375851,0.8676478386186948,1.0,0.9671572207483146,0.9832399901740673,0.9606616516426569,1.0,0.882797518000141,0.872745959365827,0.8923159370780949,0.8520125970473604,0.8924283639477621,0.8785591574004447,0.9850015241137996,1.0,0.9781892699036748,0.9748215232102099,1.0,0.8717091278212038,0.882449757759982,0.9875934684497054,0.8819612931195401,0.0,0.8826008742763316,0.8482390949923726,1.0,1.0,1.0,0.9836008398222467,0.9919273530950772,0.9836008398222467,0.9797324673175245,0.8980546192743974,0.8725925053786396,0.8680944894689894,0.9919273530950772,0.8919695004850348,0.8928420975078608,0.8949706352025689,0.9138575401225278,0.9017703461680461,0.9773082851891332,0.9759328979201543,0.987732618204136,0.9822833009503303,0.8969388232508646,0.855043598693337,0.9789401270146249,1.0,1.0,1.0
NZ_CP106967.1_v1,0.817371087211963,0.9407262090250702,0.99204968007536,0.8618960260567596,0.8527228312485269,0.783272956483057,0.9811436955962045,0.9711873141067309,0.9711873141067309,1.0,1.0,1.0,1.0,0.8121502094587294,0.9391433735573318,0.8204034376091756,1.0,0.9240863800954191,1.0,1.0,0.9739574942800275,1.0,1.0,1.0,0.9926015521772465,1.0,1.0,1.0,1.0,1.0,1.0,1.0,0.8275644371189332,0.9847389880903581,1.0,1.0,1.0,0.7526593769989456,0.8214821077226244,0.8264752526526358,1.0,1.0,0.8268241315282573,0.9624723840511739,0.9908433410246521,0.862712470763902,0.8802324880790534,0.8655067366199142,0.8011374017700337,0.8611919226554858,0.9742696415664958,0.8307318548264566,0.9741030171054926,0.859214671999148,0.9832048584372454,1.0,1.0,0.9784810192823369,0.9730228091745219,0.7793856119728829,0.8082785648465083,0.9742771718794432,0.8760962164083201,0.8206664269882231,0.9834354281539792,0.8879436964933575,0.8891378025202887,0.9842445999543306,0.8611539658207252,0.7253794149084954,1.0,0.8340047831232469,0.9924698872595376,0.8230905503652953,0.8470283614112737,0.8229245074498462,0.8538087982149245,0.9918585425913138,1.0,1.0,0.9892041600115778,0.7705220018183013,0.9739574942800275,0.9843793785104449,0.80629507810565,0.9736000661812146,0.9820959682105389,0.8243089599672875,0.8235960946623344,0.8124758609863398,0.9925435184022618,0.9638416620166317,0.9924722884434471,0.984004221980477,0.9561198008151481,0.9642855451905931,0.822298706311287,0.8952983167792107,0.9511270259513601,0.933222332819885,1.0,0.816705941444725,0.984362874764666,0.8724397168706906,0.8992438888619306,1.0,1.0,1.0,1.0,1.0,0.8264736460611763,0.8228669505153063,0.8168312913572351,0.8171764620167952,0.8162368240222241,0.8935939106172486,0.984191805731239,0.9124645358464117,0.9923635451401581,0.9920187265198558,0.9905115350225214,0.8213211698091668,0.8128725841994805,0.9811436955962045,0.7275490561545157,0.8826008742763316,0.0,0.765822575218281,0.96178238803605,1.0,0.9619364944019293,0.9832876569451153,0.9380256717340716,0.9833200982702052,0.9760976148706828,0.912789051526288,0.8777547648279083,0.8749846722546546,0.9386265537487903,0.8234977325395584,0.8176649094642189,0.9022668687670983,0.8456216110922342,0.8456842863861171,0.9845263706893079,0.9896731208360298,1.0,0.9723519789718283,0.8060455905080494,0.8726268005228861,0.9844530745964803,1.0,1.0,1.0
NZ_CP106970.1_v1,0.7614025929773864,0.9217242745663847,0.9802988631386796,0.7951166793743587,0.8059593107146913,0.7962543279574813,0.9110699965719311,0.9242857709712039,0.9242857709712039,1.0,1.0,0.9910431864702384,0.9884279885091423,0.6961132180208894,0.8863231776620444,0.8329532441756562,1.0,0.9218720881023772,1.0,1.0,0.9111514958696707,1.0,1.0,1.0,1.0,1.0,1.0,1.0,1.0,0.9634645923480085,1.0,1.0,0.7500775674952121,0.922826452897031,0.969409996247405,1.0,0.9796879953757951,0.7300813200736622,0.7819090378555225,0.8188123040851466,0.9795490658593089,0.9772500731342382,0.8189870018571879,0.9617950250548617,1.0,0.8015678723437168,0.8794085370394868,0.8243141805482037,0.7913158770280585,0.8702818191220071,0.8936977913439718,0.7845078850668621,0.896082528079394,0.8627041228566897,0.9130720361901559,1.0,0.9700426443463068,0.9577494512566909,0.9252466705700122,0.7529581752998233,0.7736615518568263,0.9325444577491695,0.8311419593377698,0.7645247311887482,0.967388551570324,0.8628151402752321,0.8762874658531692,0.9642622701101705,0.881989843735794,0.721644394899144,1.0,0.8149639024356644,1.0,0.7379561970732407,0.8431704921270453,0.8083283685086214,0.8510630511194294,0.9780454419182286,1.0,1.0,0.9688170806599761,0.7319013096390501,0.9105803498727922,0.9709465485186498,0.8158335289010833,0.9811017266046292,1.0,0.7604124105046545,0.7299811097296636,0.7548420384739278,0.96822256976467,0.8976004374859732,0.9691016962784303,0.9243342547364493,0.9458998307036529,0.9320958865489016,0.7798346876649331,0.8823002322203773,0.9430570641152195,0.9154766066561981,0.9706509854480323,0.7301751215652201,0.9676829003866689,0.8043507388820597,0.8411859242656031,0.9922012908274113,1.0,1.0,1.0,0.9916900986449272,0.7632504091826321,0.7957470425908624,0.7474977024923755,0.7490149256054512,0.7608482661052844,0.885215279353905,0.9677763491379308,0.8959787181302733,0.9821581878248818,0.977521645342008,1.0,0.7565773419251576,0.8043063775078725,0.9110699965719311,0.6932872378978174,0.8482390949923726,0.765822575218281,0.0,0.9513451743457682,1.0,0.9428273472420889,0.9336080495126836,0.8882800181401687,0.9272274958228788,0.9654812414676569,0.8935836580875374,0.8782567311985482,0.885053426547014,0.8866469122629916,0.7555909016158777,0.7492155348252942,0.871743903373901,0.8590926722606965,0.8399918239576087,0.9833456586149572,0.9481861760264051,0.9516090236899887,0.9681695291532897,0.7500345854113912,0.8019581136770659,0.9842307854739821,1.0,1.0,1.0
NZ_CP111038.1_v1,0.9610942210395212,1.0,0.9852456853491564,0.9858542802678645,0.9850575961576057,0.9472533965314417,0.9791926331847076,0.9683537495818141,0.9683537495818141,1.0,1.0,1.0,1.0,0.9499364861083199,0.8918744172260686,0.9620790966346079,1.0,0.9753992703011835,1.0,1.0,0.9887774787890675,1.0,1.0,1.0,1.0,1.0,1.0,1.0,1.0,1.0,1.0,1.0,0.9615298443335878,0.9879906741214063,0.9718389228246207,1.0,1.0,0.9611511405238341,0.9859365228244467,0.9617916409659514,1.0,1.0,0.9619047013680028,0.902716384634876,1.0,0.9508193818133532,1.0,0.9695049045736864,0.9480613243554722,0.9614088225815409,0.9888599973273832,0.9857720377112823,0.9891900714806459,0.9752629432831836,0.9887774787890675,1.0,0.9869234335034329,1.0,1.0,0.961113910251441,0.9859365228244467,0.9892725900189615,0.9827179596953893,0.9615297613874725,0.9812892767599062,0.9844039530752613,1.0,1.0,1.0,0.9631814994465079,1.0,0.9538578229774042,1.0,0.9498462887862252,0.9753246012635344,0.9619250103460751,0.9753992703011835,1.0,1.0,1.0,0.989892616529915,0.952791970221301,0.9894832977331512,1.0,0.9527793988857901,1.0,1.0,0.9496097695201874,0.949200966293706,0.9496874082015506,0.989357543530539,0.9198810092814236,0.9578418427374761,0.9894157289721563,0.9213793153037481,0.921065098356527,0.9857720377112823,0.9619250103460751,0.9625788190565226,1.0,0.9899115797259189,0.948636981608613,1.0,0.9729997355796236,0.9608746964541738,1.0,1.0,0.9921464817303537,1.0,1.0,0.9617169419945616,0.9860187653810288,0.9495056496551119,0.9487112928523456,0.9610000141644539,0.9863766781098482,1.0,0.8981884717632743,0.9908807518142697,0.9854430674849536,0.9910855899135381,0.9859365228244467,0.9436765070711988,0.9866767058336864,0.948632286072849,1.0,0.96178238803605,0.9513451743457682,0.0,0.9825841058078778,0.8460087462316643,1.0,0.8916173058651902,0.9790213272191738,1.0,1.0,1.0,0.986309059378046,0.8915575296919445,0.9545696582097206,0.9495528622582075,0.9895994175412086,0.9621154187662175,0.9735711405165902,1.0,0.9887467091646107,0.9884474046358047,1.0,0.961231778821322,0.9700785474696534,1.0,1.0,1.0,1.0
NZ_CP111039.1_v1,1.0,0.9914765003407237,1.0,0.9905888116424659,0.9815954865461838,1.0,0.9758034197225461,0.9820837500621182,0.9820837500621182,1.0,1.0,1.0,1.0,1.0,1.0,1.0,1.0,1.0,1.0,1.0,0.9903312798727701,1.0,1.0,1.0,1.0,1.0,1.0,1.0,1.0,1.0,1.0,1.0,1.0,0.9915792011100224,0.991870714913073,1.0,1.0,1.0,0.9830639445278246,1.0,1.0,1.0,1.0,0.9911745663898328,1.0,1.0,1.0,1.0,1.0,1.0,0.9904664428409933,0.9905480171768033,0.9905421059930489,1.0,0.9903312798727701,1.0,0.9830066172975699,0.992149607762216,0.9917578721103328,1.0,0.9906248625656098,1.0,1.0,1.0,0.9903151165368821,0.9838600892364352,1.0,1.0,1.0,1.0,1.0,1.0,0.9609600268966635,1.0,1.0,1.0,1.0,1.0,1.0,1.0,0.9913045877573207,1.0,0.9903312798727701,1.0,1.0,1.0,1.0,0.9921934843117229,1.0,1.0,0.9917736734860404,1.0,0.9704297441269527,0.991921524469153,1.0,0.9909667461321365,0.9906067251446492,1.0,1.0,0.9904370182818606,0.9819444801659613,1.0,1.0,0.9908165016833741,0.990897835737788,1.0,1.0,0.9925159273510213,1.0,1.0,1.0,0.9905480171768033,0.9907880698000409,1.0,1.0,1.0,0.9918548037931136,1.0,1.0,0.9905999524395747,0.989712846518514,0.9905480171768033,0.9920246947833278,0.9758034197225461,1.0,1.0,1.0,1.0,0.9825841058078778,0.0,1.0,1.0,1.0,1.0,0.974742471179851,0.9789319020526241,1.0,1.0,1.0,1.0,1.0,0.9697365603024329,1.0,1.0,0.9916993071421347,0.9827082531622803,0.9783322402764724,0.9918403155602769,1.0,1.0,1.0,1.0,1.0,1.0
NZ_CP111040.1_v1,0.9618027606292522,1.0,0.9881013591525455,0.9885640840743909,0.9543438814900126,0.9501574440159466,0.9746379105274736,0.988400696029211,0.988400696029211,0.9924722884434471,0.9914422912926623,1.0,1.0,0.9443703043911674,0.8348849470760666,0.9623757198976421,1.0,0.9753545588588882,1.0,1.0,0.9832883871604845,1.0,1.0,1.0,1.0,1.0,1.0,1.0,1.0,1.0,1.0,1.0,0.9465810654929383,0.982647420739038,0.9895274855578019,1.0,1.0,0.9616162592350291,0.9807266875962793,0.9620849541864752,0.9921310321862167,0.9925443622774992,0.9621979707551498,0.9044421497336507,1.0,0.9457874888878051,0.963916215581698,0.9885332595031628,0.951443603669881,0.9619482257493955,0.9833433052138261,0.9888284983154454,0.9840005823602513,0.9750786063995578,0.9832883871604845,1.0,0.982151491957533,0.9923037289989238,0.9926028503783033,0.9614652239686489,0.9889607054359727,0.9914265468920773,1.0,0.9620918070081366,0.9915785875280573,1.0,0.9926122236942619,0.975544043498268,1.0,0.9637672190686337,1.0,0.9621667610323889,0.9827256646649902,0.9360453393131924,0.9753054542915022,0.962478418120291,0.9675891300952862,1.0,1.0,1.0,0.9564685712172127,0.962021792986735,0.9828231610228453,0.9921310321862167,0.961865875170619,1.0,1.0,0.9527890926022624,0.9346046750604522,0.9378098951228319,0.9836253832772236,0.8652442195874459,0.9813786271830445,0.9749710191048615,0.8738929030565838,0.9153520327520174,0.9810429133653668,0.962478418120291,0.9628009944709127,1.0,0.9922853256727615,0.9363357644162675,0.9924914429257793,0.9883578348598039,0.9887623947551818,1.0,1.0,1.0,1.0,1.0,0.9621509259021227,0.9888646681880425,0.9447171783743681,0.944466914599493,0.9541361996520723,0.9735252330924502,1.0,0.8881057629615253,0.9826942898292519,0.9881355690813072,0.9827034801603782,0.9802202965377854,0.9619445125324035,0.9746379105274736,0.9434487043127657,1.0,0.9619364944019293,0.9428273472420889,0.8460087462316643,1.0,0.0,1.0,0.8345128709073771,0.9897539481591363,1.0,1.0,0.9638029068331871,0.9637021224243634,0.8352013119787443,0.942399081938079,0.945104039624067,0.9661845140009806,0.9618662759307103,0.9661030278446017,1.0,0.9834030183624679,0.9834282686145113,1.0,0.9462413766998135,0.9824558595019722,1.0,1.0,1.0,1.0
NZ_CP119783.1_v1,0.9156540014290546,0.9925838100961368,0.9776575173177243,0.9719500665812325,0.9616856359530325,0.9639259594567311,0.9641358240388804,0.955603069818965,0.955603069818965,0.991803158527309,1.0,0.9749956927191231,1.0,0.9485655976506701,0.9738995311001157,0.9755123595765909,1.0,0.9915149883192848,1.0,1.0,0.9117065405250884,1.0,1.0,1.0,1.0,1.0,1.0,1.0,1.0,0.9193503109880413,1.0,0.9913758350382115,0.96531040421647,0.9810674723506874,0.9325139220416705,1.0,1.0,0.9002383373143871,0.982635059381706,0.9831112186540988,1.0,1.0,0.9831519989599331,1.0,1.0,0.9645282315272874,0.9827587765527893,0.9643744091046415,0.9761064376857341,0.9754671994295323,0.9054399523507284,0.9254654875926236,0.9053744492641395,0.9753630590740064,0.9150481100453143,1.0,0.9738406106666155,0.992445790898768,0.9818806662182622,0.9496505930474053,0.9648271596419027,0.9030129561713764,0.9451041592099183,0.8752677772179427,0.924679994336985,0.9527672272543977,0.9428761669840031,0.9758113556091158,0.983559913672992,0.9752357597465799,1.0,0.9657619261476671,0.9926109248113707,0.9490890558201002,0.9354522129385916,0.9831402521234803,0.9831069775678697,0.9539316248397304,1.0,1.0,0.9924884250169874,0.9485438649783036,0.9029526321561951,0.9824670025644141,0.9338214846402322,1.0,1.0,0.9643008343107098,0.9580954499390495,0.9760087138749549,0.9757537032331082,0.9750730003229677,0.9877047377909636,0.9925399532664274,1.0,0.9746254521930285,0.982813285257581,0.9915149883192848,1.0,0.9763087658041288,1.0,0.9566856695375187,0.9836411518867463,0.963924180802897,0.9363881410942286,1.0,1.0,1.0,1.0,0.9823495248329738,0.9469562707701339,0.9828658474425298,0.9563848594853538,0.9169458542739675,0.9572917836650403,0.9830359739165955,0.9832982870150986,0.9737410919193441,0.9821098951976166,0.9674109771165721,1.0,0.9645729927737411,0.9622125866753097,0.9641358240388804,0.9832774976880477,0.9836008398222467,0.9832876569451153,0.9336080495126836,1.0,1.0,1.0,0.0,0.9730617878161871,0.0,0.991803158527309,0.9574476345373046,0.9669948281483027,0.9342732631467086,0.973322425289877,0.9493431615676742,0.9494380010557879,0.9642568104871115,0.9578130455218962,0.9839585250866478,0.9924007095696923,0.9924247199659966,0.991803158527309,0.9489890598052807,0.9572714381601046,0.944325545159019,0.9825914578421877,1.0,1.0,1.0
NZ_CP119784.1_v1,0.927388001687164,0.9321373680278673,0.9648788636530715,0.9698687659476262,0.9624482878914115,0.9427526029347209,0.9599483239543921,0.9466225134671075,0.9466225134671075,1.0,0.9918932337083277,1.0,1.0,0.8834558876042465,0.3013938145125845,0.9609412248772096,1.0,0.9747792123876677,1.0,1.0,0.967098938463692,1.0,1.0,1.0,1.0,1.0,1.0,1.0,1.0,1.0,1.0,1.0,0.927368612495453,0.9266199323776647,0.9920613267626694,1.0,1.0,0.8678431452737371,0.9840288346563033,0.9614779217340296,1.0,0.9893525564375355,0.9615910816234023,0.8862716345305374,1.0,0.9263063679151453,0.9834437975375481,0.9593091288003155,0.9325084116099789,0.9609194339801918,0.9595505655860037,0.965504126570786,0.9623101169111682,0.9747827873007711,0.967098938463692,1.0,0.9918677005861491,0.9840288346563033,0.9666158425624105,0.9126842238270614,0.9654741662317574,0.9687029689224529,0.9473725770389355,0.9282724434463764,1.0,0.951529743556034,0.9834645671644889,1.0,0.992608628498614,0.9546163189543545,1.0,0.9614421695570324,1.0,0.925924475112777,0.974633942701876,0.9612785323150003,0.9747792123876677,1.0,1.0,1.0,1.0,0.870428649451435,0.967098938463692,1.0,0.9533442964774042,1.0,1.0,0.9280703012629599,0.9282474087981504,0.9465918769716282,1.0,0.8620323683241616,0.9839663807387424,1.0,0.8630471126631976,0.9205483193182707,0.9840288346563033,0.9612785323150003,0.9447063204720922,1.0,1.0,0.9190795589207129,1.0,0.9461846765913604,0.946448415811977,1.0,1.0,0.9921124732998634,1.0,1.0,0.9210330960561327,0.9842823452173143,0.9268570114312206,0.9260992089111495,0.9273258556478042,1.0,1.0,0.7106436459451567,1.0,1.0,0.9799736451234901,0.9654741662317574,0.9186296243299525,0.9599483239543921,0.9444793350720324,0.9919273530950772,0.9380256717340716,0.8882800181401687,0.8916173058651902,1.0,0.8345128709073771,0.9730617878161871,0.0,0.9731233279188021,0.9896878445988727,0.9923060322372901,1.0,1.0,0.3149233973270825,0.9313977284472339,0.9264631750523029,0.9737956658526744,0.9611245342213937,0.9657600326022138,1.0,0.9924551800080913,0.9818188767850894,1.0,0.9282017065939429,0.9394764973343344,1.0,1.0,1.0,1.0
NZ_CP119792.1_v1,0.9156419318389818,0.9923886472039298,0.9660035843270445,0.9612044573074757,0.9619553116457065,0.9531251760657004,0.9531702139662981,0.9439165735000656,0.9439165735000656,0.9808323333351759,1.0,0.9749458093119134,1.0,0.945653791099271,0.9739640731589558,0.9755685693872799,1.0,0.9915249367540846,1.0,1.0,0.9015715236916554,1.0,1.0,1.0,1.0,1.0,1.0,1.0,1.0,0.9169441009691226,1.0,0.9913758350382115,0.9653846613757899,0.969380886488633,0.9111265654837146,1.0,1.0,0.9083263730279035,0.9716432554660148,0.983185790114951,1.0,1.0,0.9832265704207853,0.9809354361253144,1.0,0.9542269325617391,0.982801486896016,0.9537199314925798,0.9645672654801961,0.9754779393459387,0.8945188522675271,0.9142455471725639,0.8942541117650883,0.9754195037087182,0.9049130932118813,1.0,0.9525112299383168,0.992445790898768,0.9818806662182622,0.9571332974528556,0.9536715042686658,0.8928849322429131,0.9448505195311412,0.8509360721485384,0.9131921105522737,0.9603155844333631,0.9424392836116404,0.9833753838375933,0.983559913672992,0.9752682010716698,1.0,0.9657943247305631,0.9926109248113707,0.9468671797022622,0.943161114167503,0.964635382127222,0.9831168778980734,0.9550086708088562,1.0,1.0,0.983958297907174,0.9565322417016876,0.8936542418480099,0.9825977824364134,0.9414100252429324,1.0,1.0,0.9534644049780173,0.9480833956071143,0.9716201389446038,0.9570667502931511,0.9492957568354503,0.9765872322777402,0.9823930583111811,0.9898932148831869,0.9633601279853269,0.9716577152562523,0.9730101183230263,1.0,0.9760752921571335,0.9722157420119302,0.945250145409816,0.9838038428259875,0.955878551593901,0.9319878712839662,1.0,1.0,1.0,1.0,0.9743098248945931,0.9382450564888417,0.9718917095668144,0.944562829632188,0.9054099716209258,0.9573373808883019,0.969990222420982,0.974580712654546,0.9734183816251437,0.9734769200262028,0.9560993358842585,1.0,0.9535811888580499,0.9622547861505217,0.9531702139662981,0.9650671157589847,0.9836008398222467,0.9833200982702052,0.9272274958228788,0.9790213272191738,1.0,0.9897539481591363,0.0,0.9731233279188021,0.0,0.991540859600183,0.957156664770392,0.9548516975968822,0.9216205302707504,0.9733952287322486,0.9453349114449915,0.9454297509331053,0.9540231154305823,0.9596895093462573,0.9654536550903894,0.9923227681293814,0.9795099374628277,0.9687077935656617,0.9493120232722688,0.957363629291072,0.9320997759434815,0.9827269428252073,1.0,1.0,1.0
NZ_CP119798.1_v1,0.9913063802562369,0.8679912201465001,0.9812321790382151,0.9678516718315665,0.9787467610386656,1.0,0.841976695835837,0.8711401919887604,0.8788709923074856,0.965503965967945,0.9793703244865579,0.9793092933078164,0.9793211486351162,0.9801864954365573,0.9893768934513926,0.9906784756275677,0.9788044897184287,1.0,1.0,0.979354472900503,0.9905536400101306,1.0,1.0,1.0,1.0,1.0,1.0,1.0,1.0,1.0,1.0,1.0,0.9913063802562369,0.8797895980220125,0.8730272892185864,1.0,0.9712124231574617,0.9804348845720934,0.9684706427303543,0.9913063802562369,0.9711200216167895,0.9892799315259291,0.9913063802562369,0.9916770532738831,0.9797278089608459,0.9913063802562369,0.9619146336180799,0.9775392195981861,1.0,0.9922303554770259,0.9909637229548046,0.9775303096212232,0.9908728421638442,1.0,0.9905536400101306,0.979354472900503,0.8663789166834145,0.8836735835768164,0.8636534877083897,0.9904226378582243,0.968211795104901,1.0,0.9778644449146572,0.9910579911207008,0.9794070363067288,0.9685993782080798,0.987846062643941,0.989513538004211,0.987564059733652,0.9520969069505184,1.0,1.0,0.8640344461712604,0.9908096019851648,0.9908096019851648,0.9835773785145557,0.9925193873938549,0.979466608524188,1.0,1.0,0.8805203335876189,0.9801864954365573,0.9905536400101306,0.9879906741214063,1.0,0.9840310587138632,0.9922988638431521,0.991554769391773,0.9910579911207008,0.9908096019851648,0.8820152125524275,0.9843216832646062,0.8660652484770583,0.866605192515717,0.9867732785327032,1.0,0.9683425943091053,1.0,0.9921090108210662,0.9689510134982172,0.9792585045703406,0.9913063802562369,0.9893934846485903,0.9679614325744396,0.9776291192977464,1.0,1.0,1.0,1.0,1.0,0.9792313715712743,0.968211795104901,0.9824082938460265,0.9910579911207008,0.9913063802562369,0.9747264371782707,0.9413007544507771,0.9893768934513926,0.9878435105021266,0.9781780823976083,0.989268297147026,0.9684706427303543,0.9807529947699483,0.841976695835837,0.9830835593076354,0.9797324673175245,0.9760976148706828,0.9654812414676569,1.0,0.974742471179851,1.0,0.991803158527309,0.9896878445988727,0.991540859600183,0.0,0.9450437247496076,0.9874214368184052,0.9797799888099854,0.9892041600115778,0.9913063802562369,0.9913063802562369,0.9708583539140647,0.9923055455853127,0.9925193873938549,0.716788183797895,0.7841249595596215,0.7248772197511013,0.9723312132779082,0.9910579911207008,0.9780275006521523,1.0,1.0,1.0,1.0
NZ_CP119799.1_v1,0.8918196313405286,0.9863322434048386,0.9893872473564107,0.8949429939378847,0.8749241545723934,0.903633979798018,0.9430405394234137,0.945770356029369,0.945770356029369,1.0,1.0,1.0,0.9745604272397617,0.9118652580062958,0.9920043080113015,0.9037424659380788,0.979334729195473,0.9606872953899996,1.0,1.0,0.971547721794486,1.0,1.0,1.0,1.0,1.0,1.0,1.0,1.0,1.0,1.0,1.0,0.9212608949144969,0.9791656301762305,0.9858435283739994,1.0,0.9493236019047134,0.9124146629933118,0.8950699110488848,0.9117745233262465,0.9804646480400545,0.9801384225854027,0.9118740356541669,0.992618110694254,0.9814282011878522,0.9481779759724043,0.8496784180782629,0.8948216996656789,0.9129127218172414,0.9022710445361053,0.9719120296823724,0.895080921545825,0.9718607696163145,0.9124863321254112,0.9801645667145379,1.0,0.9886088011886869,0.9868625965437694,0.9792589850767719,0.9119671420472586,0.894307572173015,0.9718382243337901,0.8513640616475933,0.8938220542564472,0.980070821290419,0.8971099571894888,0.9022340540026772,0.9704861035757895,0.8988020311663255,0.8548268539638901,1.0,0.8954485344643934,0.9565725408872103,0.9153299484274748,0.9117131822775376,0.9118741562795848,0.9118082743056279,0.9924641941299455,1.0,1.0,0.9861819300861747,0.9117812489036927,0.971547721794486,0.9675797766096004,0.9119874842822817,0.9904265897303686,1.0,0.911963338898823,0.9139867845024394,0.9144364408117287,0.9768555502083832,0.9793934196230519,0.9567668361433932,0.9766835884991659,0.9850565274690173,1.0,0.8947981073663895,0.9606872953899996,0.9914685935692401,0.9060072331632171,0.9574219035544319,0.9118494792952058,0.9918314234979045,0.8953494486252525,0.8660615477872822,1.0,0.9906135284374672,1.0,1.0,1.0,0.9113985985540887,0.8958211230948034,0.9123019574076655,0.9120315914928403,0.9119481767993656,0.8999948177686018,0.9865520569588665,1.0,0.9530467533704544,0.9688368052941289,1.0,0.8946832140726759,0.9052048702094015,0.9430405394234137,0.9139619087526505,0.8980546192743974,0.912789051526288,0.8935836580875374,1.0,0.9789319020526241,1.0,0.9574476345373046,0.9923060322372901,0.957156664770392,0.9450437247496076,0.0,0.8962991001200727,0.8923165349757688,0.9918534458983072,0.9116241506859398,0.9119831646217139,0.8356595995274463,0.9026526083817688,0.915163696471071,0.9435162296082351,0.9553409782125553,0.9442835807286791,0.9763636943506212,0.9122311559054749,0.8515916091102754,0.980576942061587,1.0,1.0,1.0
NZ_CP119806.1_v1,0.8668792890696908,0.9668911969443779,0.988458569934858,0.8487286702064102,0.8155072029891229,0.840624941704807,0.9870201463539349,0.9821212422466248,0.9821212422466248,1.0,1.0,0.9925294609362817,1.0,0.8767059426562455,1.0,0.7919198494836046,1.0,0.9330904453515234,1.0,1.0,0.971743261875448,1.0,1.0,1.0,1.0,1.0,1.0,1.0,1.0,1.0,1.0,1.0,0.883904394909738,0.9755271575539921,0.976547980691228,1.0,1.0,0.868450503054788,0.8503213342558819,0.8743039171908206,1.0,1.0,0.8744593671871853,0.9698435227093952,1.0,0.9179381846163713,0.856418569205353,0.8515538396933025,0.8751952721678039,0.9130030478556476,0.9599415353356039,0.8457283609498925,0.9595271537048508,0.8458130294908823,0.9807003500277308,1.0,0.9875686278772104,0.9831048632233477,0.9836447097547244,0.8627875912639883,0.8394205985262221,0.9720455201582459,0.848664239417205,0.8785301577713991,0.9733310385966408,0.8737686403832348,0.8791628960505511,0.9630152895518516,0.8641022195265168,0.8672113084256119,1.0,0.8476768036156866,0.9688160744466093,0.8727949690536709,0.8733269062926172,0.8822105182485078,0.8821269765692858,0.9911681919343541,1.0,1.0,0.9528372918639243,0.8676132074550911,0.971743261875448,0.948321274824959,0.8627473307377979,1.0,1.0,0.8837446270915632,0.8808861167852544,0.8810416517094659,0.976372641330525,0.9915317399354981,0.9828099414612999,0.9840851045238174,1.0,0.9922181884752934,0.8395825294263536,0.9481340602896385,0.9912632468135391,0.9398055542218954,1.0,0.8759398185691036,0.9842754941550866,0.8503988883789328,0.867092638011812,0.9924551800080913,0.9905297206556589,1.0,1.0,0.9917492319386729,0.8710655336294687,0.8400042523709327,0.8652868583921187,0.8673013209041864,0.8677932723389953,0.8234358123973563,0.9598582028257626,0.9901637902327709,0.977294597800162,0.9732923234796226,1.0,0.83860234328022,0.8822164515684692,0.9870201463539349,0.8880956185938234,0.8725925053786396,0.8777547648279083,0.8782567311985482,1.0,1.0,0.9638029068331871,0.9669948281483027,1.0,0.9548516975968822,0.9874214368184052,0.8962991001200727,0.0,0.6007007853379569,1.0,0.8753536571079366,0.8682473060901124,0.8771460889049183,0.9129215494872226,0.8880551132162011,0.9851443971478919,0.9853022152903473,0.9871701611731795,0.9828451817750111,0.863738513328071,0.8521933343676156,0.9721101689110536,1.0,1.0,1.0
NZ_CP119813.1_v1,0.8685429487090088,0.9731949148348877,0.9885105583585749,0.8403647392395018,0.8091418765586151,0.8535120588285205,0.9870201463539349,0.9821212422466248,0.9821212422466248,1.0,1.0,0.9923738247057876,1.0,0.8780794932674628,1.0,0.7850515875170994,1.0,0.9480614073271089,1.0,1.0,0.9806328573956922,1.0,1.0,1.0,1.0,1.0,1.0,1.0,1.0,1.0,1.0,1.0,0.8910384379777273,0.9829536411528114,0.9360863973411544,1.0,1.0,0.8326303266639726,0.8546049042239409,0.8748334445937107,1.0,1.0,0.8750133988011985,0.9787441394475763,0.9919788051302953,0.9214975204804384,0.8606061096421944,0.8420223375569078,0.8741473677380414,0.9163585064627201,0.9684863058406099,0.8114291072909202,0.968547204051794,0.8634741649187353,0.9806328573956922,1.0,0.9876139978484615,0.9831627232808019,0.9836447097547244,0.8654170783771111,0.8431137266549227,0.9808784390555954,0.862519033485436,0.844374993542178,0.9809559258105961,0.8601059768504402,0.8730895613387897,0.9703602819994387,0.8622918569433978,0.8592795600763428,1.0,0.8421531982843737,0.9689356241853512,0.8731495919766602,0.8366008959053864,0.8873257992909959,0.8872426579712589,0.9911681919343541,1.0,1.0,0.9526798051683295,0.8682973545962563,0.9806328573956922,0.9398762607168689,0.8314521080960224,0.9914068277308273,0.9911321781412702,0.888786453336955,0.8868216568945916,0.8869529233598924,0.975172291635647,0.9915262382072857,0.9631458633129002,0.9840851045238174,1.0,0.9920625522447993,0.8429016190223728,0.9480614073271089,0.991282127319674,0.9425967843514518,1.0,0.87798687691163,0.9917081777454703,0.8540669259900142,0.8626961741424564,1.0,0.990663490728967,1.0,1.0,0.9921184216608742,0.8759454504177586,0.843416479675457,0.8670177571804094,0.8297129562457103,0.8691262813880513,0.8272936426141204,0.9600136257732518,0.9897805612808009,0.9773673376765388,0.9571226179500176,1.0,0.8425024934821452,0.8877608760028524,0.9870201463539349,0.8809453281238693,0.8680944894689894,0.8749846722546546,0.885053426547014,0.986309059378046,1.0,0.9637021224243634,0.9342732631467086,1.0,0.9216205302707504,0.9797799888099854,0.8923165349757688,0.6007007853379569,0.0,1.0,0.8698752251819946,0.8689253575185608,0.881249798158484,0.9160854191816429,0.8928868114645251,0.9775029491394721,0.9758000220140428,0.9871701611731795,0.9731530230834006,0.8672067389986455,0.8562055909476127,0.9798698512516241,1.0,1.0,1.0
NZ_CP120471.1_v1,0.9270726955113658,0.9363896059666305,0.9730812970795999,0.969346889686979,0.9630769692287423,0.94202022370163,0.9594268548794556,0.9466372244525426,0.9466372244525426,1.0,0.9916230081652719,1.0,1.0,0.8791653591175685,0.3622581959790778,0.9609784964259545,1.0,0.9750034638080463,0.9920442421000353,1.0,0.9590670349629196,1.0,1.0,1.0,1.0,1.0,1.0,1.0,1.0,1.0,1.0,1.0,0.9273445469267861,0.9248274483758565,0.9925244805769059,1.0,0.9924551800080913,0.8712394279325388,0.976251357668867,0.9616238800139622,0.9924551800080913,0.9896060669985466,0.9617368965826367,0.8859532607054269,1.0,0.9268187002538134,0.9835809406693723,0.9583141783015704,0.9322785949076798,0.9609073491499799,0.9589034465223701,0.9648527376330355,0.9607572412620399,0.9748316507231818,0.9590670349629196,1.0,0.9923277563815613,0.9772653999129112,0.9591519750969552,0.9126416894265982,0.9648248282134747,0.9680323182565054,0.9471719414802591,0.928602731021717,1.0,0.9511649865040155,0.9760354796920092,1.0,1.0,0.9549903870063635,1.0,0.9615420315245891,1.0,0.9259122665070871,0.974885714574054,0.9614012249074981,0.9750034638080463,1.0,1.0,1.0,1.0,0.8724488136466898,0.9590670349629196,1.0,0.9532892790160942,1.0,1.0,0.9278849079705694,0.9282067404019945,0.9466167992945735,1.0,0.8597529964198583,0.9839663807387424,1.0,0.8604822663516332,0.9203414425469933,0.976251357668867,0.9614012249074981,0.9449376937876129,1.0,1.0,0.9187921656389783,0.9850251855200665,0.9452330465982173,0.9462416274948974,1.0,1.0,0.9921124732998634,1.0,1.0,0.9202821228233831,0.9840288346563033,0.9274137420465597,0.9259804342199848,0.9273215043087604,1.0,1.0,0.704918232649526,1.0,1.0,0.9799186327646129,0.9648248282134747,0.9194777497028436,0.9594268548794556,0.9448319942112167,0.9919273530950772,0.9386265537487903,0.8866469122629916,0.8915575296919445,1.0,0.8352013119787443,0.973322425289877,0.3149233973270825,0.9733952287322486,0.9892041600115778,0.9918534458983072,1.0,1.0,0.0,0.9318108650270246,0.9268763116320936,0.9808984319252471,0.9610261784823402,0.9659580612915554,1.0,0.9924551800080913,0.9808683890224006,0.9926228426745781,0.9281911440711761,0.9390882485604682,1.0,1.0,1.0,1.0
NZ_CP126160.1_v1,0.6134309336133013,0.9546397174762354,0.9794707805302161,0.7987754088516187,0.7384280097736664,0.7913730944446558,0.9394766825901006,0.9208054335753582,0.9208054335753582,1.0,1.0,1.0,1.0,0.652648516065045,0.9317047585386102,0.8224251241055263,1.0,0.907960605714478,1.0,1.0,0.88439155791409,1.0,1.0,1.0,1.0,1.0,1.0,1.0,1.0,1.0,1.0,1.0,0.6802489590056827,0.8920158562786318,0.9854580951946281,1.0,1.0,0.6993084669193432,0.786145428818847,0.7929783097811235,1.0,0.9483065869423052,0.7933619176663081,0.9656483684689989,1.0,0.6639092044003021,0.8761063164960441,0.8064092722161502,0.7643735807443731,0.8531471561105068,0.8872028084306011,0.7810827795410411,0.8899297392648036,0.856060813884883,0.8861095271982949,1.0,0.9854580951946281,0.9276085990838079,0.9323118232018429,0.6326345220634587,0.7647123694320836,0.8882266508661977,0.7965316003011189,0.6609121543299299,0.9741872285778914,0.8587026712074952,0.8703219309585609,0.9840927824580067,0.8788720456838041,0.811667988421932,1.0,0.8119454857410127,0.9850839881874568,0.5825274371748035,0.8029742116378652,0.7700280814584,0.7975148455338492,1.0,1.0,1.0,0.9813984581418127,0.6742687633297146,0.8853470643291758,0.9840936917179472,0.8044040282877205,1.0,1.0,0.6850870358078273,0.6796288558134318,0.7606175512373893,0.9866627664173164,0.9541627272145025,0.9547497587464976,0.9716420663484326,0.9547602737018013,0.9550896772824939,0.7886417377318463,0.8731747514572554,0.9560852278682219,0.940071101936834,1.0,0.5978574604945106,0.9840307549737242,0.7695190506332417,0.835629066623709,1.0,1.0,1.0,1.0,1.0,0.7478915772153393,0.7631224876317139,0.5577421194378931,0.5933779141267601,0.5751976179014293,0.8744886722221141,0.9902196777882665,0.9308586796687938,0.9804927073990207,0.9776435718044589,1.0,0.7641363644560161,0.7964125406776656,0.9394766825901006,0.7703628918079557,0.8919695004850348,0.8234977325395584,0.7555909016158777,0.9545696582097206,1.0,0.942399081938079,0.9493431615676742,0.9313977284472339,0.9453349114449915,0.9913063802562369,0.9116241506859398,0.8753536571079366,0.8698752251819946,0.9318108650270246,0.0,0.4270588220804876,0.8088439364836862,0.8616772128451275,0.7894386432631016,0.9916287576449114,0.9862750561387501,0.9868469287996355,0.9840453510516172,0.5877605167934341,0.782624049529918,0.9843269638815385,1.0,1.0,1.0
NZ_CP126160.1_v2,0.5861979474078489,0.9546397174762354,0.9793893549526728,0.8001178262677444,0.7290446760476377,0.7770989146230618,0.9393949864956884,0.9207301916327276,0.9207301916327276,1.0,1.0,1.0,1.0,0.6344641818621063,0.9267702051436792,0.8077649336597923,1.0,0.900291696404435,1.0,1.0,0.8738388876650602,1.0,1.0,1.0,1.0,1.0,1.0,1.0,1.0,1.0,0.9922462310393464,1.0,0.6751875009395316,0.892058931467707,0.9853763991002159,1.0,1.0,0.6845731153253726,0.7794678116787284,0.7867559019074377,1.0,0.9483065869423052,0.7871395097926224,0.9613574044765836,1.0,0.6491496172177608,0.8766272512929348,0.8076748252907663,0.7583779603955909,0.8466521452440836,0.8761496622896061,0.7745998412263557,0.8793170464057807,0.8504900828193122,0.8751882621662905,1.0,0.9853763991002159,0.9276085990838079,0.9323118232018429,0.6087707280130774,0.7579646938178394,0.8773165514381547,0.7978887516538324,0.6462601604458511,0.9742058089795931,0.8596000379587526,0.8712039728760097,0.9840927824580067,0.8797863854094472,0.8058526080193716,1.0,0.7959049615019944,0.9924884250169874,0.5595569239059601,0.7886001347871096,0.7562660183217503,0.7837527823971996,1.0,1.0,1.0,0.9813369818307676,0.6560455813005821,0.8747997924214742,0.9840936917179472,0.7988358328037307,1.0,1.0,0.6783916379031008,0.6728644523692566,0.7552779670793216,0.9867846841562739,0.9493109486904356,0.9572468741413833,0.9718161842427441,0.9501768567662272,0.9501524408085048,0.7819639741411029,0.8655058421472124,0.9500834727560143,0.9404174363692968,1.0,0.5756396585328816,0.9840739230426245,0.7628431176753088,0.8368957913033237,1.0,1.0,1.0,1.0,1.0,0.741944404747455,0.756514782515096,0.5308677370621252,0.5712743754477103,0.5510644742475089,0.8671537628021646,0.9902196777882665,0.9255484335320006,0.9804927073990207,0.9776435718044589,1.0,0.7573186303676462,0.7907679711928182,0.9393949864956884,0.7640299224732655,0.8928420975078608,0.8176649094642189,0.7492155348252942,0.9495528622582075,1.0,0.945104039624067,0.9494380010557879,0.9264631750523029,0.9454297509331053,0.9913063802562369,0.9119831646217139,0.8682473060901124,0.8689253575185608,0.9268763116320936,0.4270588220804876,0.0,0.8094262426391022,0.8454278365020466,0.7735219068585795,0.9841962518722464,0.9767414428914172,0.9868469287996355,0.9842695675931883,0.5591576673611796,0.7758190198394329,0.9843269638815385,1.0,1.0,1.0
NZ_CP127175.1_v1,0.8554130356837533,0.9772989411498005,0.9771501858870569,0.8378398967622003,0.8139926081540302,0.8780834125369238,0.9369694525005018,0.9300984065177662,0.9300984065177662,1.0,1.0,1.0,1.0,0.8562393836298623,0.9817203181316981,0.8942694063236448,1.0,0.9589477689513087,1.0,1.0,0.925276328067384,1.0,1.0,1.0,1.0,1.0,1.0,1.0,1.0,1.0,1.0,1.0,0.8145621847105744,0.9214590021529279,0.9746523869556241,1.0,1.0,0.8720659921423909,0.8549694045589163,0.9016496414324822,1.0,0.9607274860029015,0.9015482142021257,0.9882232127033929,1.0,0.8478116590761946,0.7888596847596021,0.8590211071156019,0.8762453012774198,0.899579604643178,0.9253664201886266,0.8352712820461748,0.925154368775646,0.9101389038568491,0.9333653163628027,1.0,0.9646756133754504,0.9412820987884775,0.9361556880647193,0.8331188185297734,0.8344039518753004,0.939376214892229,0.8483514507676465,0.8325786965511197,0.9515647884092824,0.8731636800773233,0.86352572378412,0.9707789053431761,0.884669424624786,0.8935059722879292,1.0,0.9070671724342494,0.9081364026904943,0.8136359723741939,0.9011094961797405,0.8930057435395351,0.889512233509937,1.0,1.0,1.0,0.9621398444710919,0.8682672384795712,0.9261632070474553,0.9673466356456455,0.8979459869083457,1.0,1.0,0.8207761623245343,0.8223000366181513,0.8887062054401496,0.9749030672914326,0.9885457817857185,0.908973930312063,0.9750382240467009,0.9886690720818684,0.9884279885091423,0.8567604273747541,0.9502869553197862,0.9912199840351809,0.9247114475296865,0.9825028960871406,0.8081892172024088,0.9839294301627287,0.8147376421448854,0.8345969893618648,0.9715616494908424,0.9755277261503376,1.0,0.9851466631031776,1.0,0.8800134117569781,0.8568671407609387,0.7752371521316286,0.8103410585010382,0.8225156535218938,0.8707215419520943,0.9328493241365737,0.9815571066864455,0.9616759874209871,0.940671566765556,0.9911278505650704,0.8334381360710319,0.8796362799130826,0.9369694525005018,0.8804824654107224,0.8949706352025689,0.9022668687670983,0.871743903373901,0.9895994175412086,0.9697365603024329,0.9661845140009806,0.9642568104871115,0.9737956658526744,0.9540231154305823,0.9708583539140647,0.8356595995274463,0.8771460889049183,0.881249798158484,0.9808984319252471,0.8088439364836862,0.8094262426391022,0.0,0.8891493835165007,0.8935375303122838,0.9866589338789307,0.963041637603936,0.974890598108479,0.9919911594785176,0.8252484369371286,0.8577884815372818,0.9803672875395384,1.0,1.0,1.0
NZ_CP127176.1_v1,0.8549263259941658,0.9876222192526479,0.9926013974497949,0.9014764748827814,0.887766676502359,0.8485144668951207,0.9882529341951882,0.9636479024646997,0.9636479024646997,1.0,1.0,1.0,1.0,0.8562717486143656,0.9613966158668881,0.8458116443896347,1.0,0.93376767509212,1.0,1.0,0.9741706001435504,1.0,1.0,1.0,1.0,1.0,1.0,1.0,1.0,0.9849956122194811,1.0,1.0,0.8566240094894424,1.0,1.0,1.0,1.0,0.8546568112369985,0.9001706465789931,0.8668748448928806,1.0,1.0,0.8670938195195859,0.9618990474401731,1.0,0.8920745350433053,0.8872215464411358,0.9003397141486408,0.8550506592440782,0.790923143113008,0.9745337359372798,0.8988397833663783,0.9743505276838773,0.8811061878100513,0.982837412290898,1.0,1.0,0.9739338162157825,0.9885661892833165,0.8580440531150283,0.9003714718554336,0.9743800450345431,0.9103232670464282,0.8541844795407871,0.9739760684104715,0.9040387935674397,0.871652056088023,0.9846837465350451,0.8988636983994212,0.8611804393178912,1.0,0.8597764184138896,1.0,0.8580151773373234,0.8855090433876163,0.855395331018138,0.8849509629580741,0.9596821711961203,1.0,1.0,1.0,0.8542594461612656,0.9741706001435504,0.9838790612544883,0.8434222317024005,0.9922942135464103,1.0,0.854677684107164,0.8559422947898646,0.8448764006623872,1.0,0.9645567153641486,0.9850151491827369,1.0,0.9646564720536169,0.9647713986039373,0.9003072403974758,0.9041466000965707,0.9536035836139298,0.9290758546850113,0.9925741485668196,0.8547972577686915,0.9843372117546602,0.9119502647083074,0.9264695127846518,1.0,1.0,1.0,1.0,1.0,0.8564057317335343,0.9002337400716803,0.8553678418213074,0.8544172838018786,0.8542808639648262,0.9227241123617322,0.9854435401433247,0.9611462414575758,0.9921149948876832,0.9921218024987676,1.0,0.8999887312303009,0.8250843649157974,0.9882529341951882,0.8580450979384757,0.9138575401225278,0.8456216110922342,0.8590926722606965,0.9621154187662175,1.0,0.9618662759307103,0.9578130455218962,0.9611245342213937,0.9596895093462573,0.9923055455853127,0.9026526083817688,0.9129215494872226,0.9160854191816429,0.9610261784823402,0.8616772128451275,0.8454278365020466,0.8891493835165007,0.0,0.8757350733810353,1.0,1.0,0.9924884250169874,0.9844519086902996,0.8547902599786119,0.9126651226032831,0.9838324458042054,1.0,1.0,1.0
NZ_CP128378.1_v1,0.8000902059186423,0.992340656328797,1.0,0.8710758973571926,0.8621514688484313,0.8464880603109303,1.0,1.0,1.0,1.0,1.0,1.0,0.9923496146254884,0.8086073190385608,0.9662484273602642,0.8368620256126407,1.0,0.89899443075187,1.0,1.0,0.9645499681899902,1.0,1.0,1.0,1.0,1.0,1.0,1.0,1.0,1.0,1.0,1.0,0.7819200535369488,0.9539323102017129,0.9790239864000054,1.0,0.9813349031525472,0.7301184890543831,0.8578798176631383,0.8130038861657448,1.0,0.9814285653088055,0.8130816871733859,0.9662005055105098,1.0,0.8360310434658592,0.8923450855890701,0.8622703519146108,0.8384130819791529,0.8757155857627954,0.9631132012790096,0.78092194942014,0.9758703815308961,0.8543541478200678,0.9636865595686614,1.0,1.0,0.9804556947746571,0.992340656328797,0.7960919241353017,0.8685544330685576,0.9757725982228652,0.8468327739245188,0.6864320702986297,0.9922076779766107,0.8849705221574582,0.8735995671979833,0.9924942647691242,0.8573776192488644,0.777131777206383,1.0,0.7906136328388951,1.0,0.7742372444505411,0.8094373811156501,0.4152986671890707,0.624229870473803,1.0,1.0,1.0,0.9873790354807904,0.7873170673600105,0.9568323266803181,0.9923417157856987,0.7820838138512725,1.0,1.0,0.7977920863966645,0.7902575509630306,0.80709030323222,1.0,0.9753432443232783,0.9891699762925587,1.0,0.9755877675967832,0.9753464548017623,0.8702169854061903,0.5919441545160551,0.9350809464275491,0.9347594360227576,0.9894612038208259,0.7837883302906375,0.9917842062926902,0.8460137128186425,0.899967361436978,1.0,1.0,0.9776414710367618,1.0,1.0,0.8312471929094716,0.8696533602593779,0.7734165934289324,0.7122106876274661,0.7661440249274523,0.8967891202835575,0.9801765123974444,0.9653971793388587,1.0,0.9803275804655418,1.0,0.8490111039385875,0.8377681440535778,0.9925829044678667,0.7726840517883816,0.9017703461680461,0.8456842863861171,0.8399918239576087,0.9735711405165902,1.0,0.9661030278446017,0.9839585250866478,0.9657600326022138,0.9654536550903894,0.9925193873938549,0.915163696471071,0.8880551132162011,0.8928868114645251,0.9659580612915554,0.7894386432631016,0.7735219068585795,0.8935375303122838,0.8757350733810353,0.0,1.0,1.0,1.0,0.99196241144735,0.7631142529335244,0.8705663329475276,0.9924139035782155,1.0,1.0,1.0
NZ_CP135524.1_v1,0.9839283299691393,0.8573456579966605,0.9889604241442269,0.9595830441042116,0.9681473902258189,1.0,0.8683946252472616,0.8597971856098703,0.8678569561549243,0.9787220689878116,0.9789242246754759,0.9788828944347286,0.9788611905296818,0.9834699622245907,1.0,0.9881107134299413,0.9781391783663437,1.0,1.0,0.9784808464621682,0.9923496146254884,1.0,1.0,1.0,1.0,1.0,1.0,1.0,1.0,1.0,1.0,1.0,0.9846478096480916,0.8580098608521167,0.8513186562142449,1.0,0.9414902487970146,0.9841899312927358,0.9754031214412507,0.9916287576449114,0.9701120151227871,0.989124261847069,0.9916287576449114,1.0,0.9788298798141751,0.9846478096480916,0.9683542372793152,0.9747412342332298,1.0,0.9922181884752934,1.0,0.9764343646108558,1.0,1.0,0.9923496146254884,0.9784808464621682,0.8573565626268618,0.8527418912026342,0.8466887088618603,0.99098347438004,0.975129893392161,1.0,0.9749924851000317,0.9841899312927358,0.9889315377896479,0.9865038052031042,0.9865662875864232,0.9888140847571925,0.9854383300104961,0.9684652562512388,1.0,1.0,0.8790995910317772,0.9833289803130609,0.9835154088781243,0.9836256949304402,1.0,0.9714001913483982,1.0,1.0,0.8651652368177579,0.9836503325154138,0.9923496146254884,0.9863385975455151,1.0,0.9923484419729173,0.9922988638431521,0.9916287576449114,0.9916287576449114,0.9913671563213149,0.8625399230063437,0.9924568943502844,0.8490989636891987,0.8479384784446733,0.9919177996667873,1.0,0.9752887469090736,1.0,1.0,0.988073879612482,0.9834867570746932,0.9913671563213149,0.9893827512438098,0.9752322292831033,0.9838731909630314,1.0,1.0,1.0,1.0,1.0,0.9691183913182242,0.975129893392161,0.991890358968508,0.9840743018675724,0.9838780484137699,0.9787609536468482,0.9345407527600076,1.0,0.9863197542317849,0.9859236484055425,1.0,0.9751743723768965,0.9893496821681362,0.8683946252472616,0.9836577885866288,0.9773082851891332,0.9845263706893079,0.9833456586149572,1.0,0.9916993071421347,1.0,0.9924007095696923,1.0,0.9923227681293814,0.716788183797895,0.9435162296082351,0.9851443971478919,0.9775029491394721,1.0,0.9916287576449114,0.9841962518722464,0.9866589338789307,1.0,1.0,0.0,0.7953914701909739,0.8262354548975066,0.9353332435639841,0.9916287576449114,0.975422850381533,1.0,1.0,1.0,1.0
NZ_CP135525.1_v1,1.0,0.8648353072771783,0.9750692475431726,0.9573827494251285,0.9647952310605568,0.9861116639499257,0.812237758050274,0.8455512804095087,0.8455512804095087,0.962061947807009,0.9629943161833423,0.9791233076715117,0.9790644164128106,0.961861996010806,0.9924551800080913,0.9882267064696492,0.9784413002956178,1.0,1.0,0.9790428798063381,0.9478303276302653,1.0,1.0,1.0,1.0,1.0,1.0,1.0,1.0,1.0,1.0,1.0,0.980929797390066,0.8244669108332598,0.8361282784631315,1.0,0.9700177580953988,1.0,0.9392487221486404,1.0,0.9697209874537692,0.9892089454016436,1.0,0.9882121613107017,0.9686478798737862,0.9780937758268996,0.9711191699360279,0.9623903612200065,0.9859834010816986,1.0,0.9557594911951949,0.957959875728574,0.9560650311979897,1.0,0.9554673848072602,0.9790428798063381,0.8229523626941169,0.8504570817749996,0.8382773262771599,1.0,0.9579407846488276,0.9801076652065184,0.9840276500275135,1.0,0.9662382351338992,0.9664981130850014,0.9758188192158249,0.9697586899290985,0.9860216276509796,0.9903128237140926,1.0,1.0,0.8595744450854319,0.9623860975447761,0.9922936781744938,1.0,1.0,0.9712564502445971,1.0,1.0,0.8361776864647656,0.9923227681293814,0.9485737785556606,0.9732862774966075,0.9925838100961368,0.9814867332306113,0.9909905406226889,0.9868904820155308,0.9681954066492341,0.9248642308009734,0.8335236607522682,0.9636311715034903,0.8509801063737527,0.7970277537423286,0.9743278976470929,0.9724006370574547,0.9408657613163499,1.0,1.0,0.9719467644863031,0.9861564455127887,0.9679464504466339,0.9716548799102591,0.9533713759453173,0.9584631223053741,1.0,0.9926228426745781,1.0,1.0,1.0,0.9846380873099219,0.957877907313847,0.9660045041240735,0.9794710989626483,0.992549495741463,0.9744108919912192,0.9079504312796309,0.9925399532664274,0.9763520547299401,0.9594986755800966,0.9912378591153994,0.9401271005904659,1.0,0.812237758050274,0.958889885261342,0.9759328979201543,0.9896731208360298,0.9481861760264051,0.9887467091646107,0.9827082531622803,0.9834030183624679,0.9924247199659966,0.9924551800080913,0.9795099374628277,0.7841249595596215,0.9553409782125553,0.9853022152903473,0.9758000220140428,0.9924551800080913,0.9862750561387501,0.9767414428914172,0.963041637603936,1.0,1.0,0.7953914701909739,0.0,0.751077219642508,0.9534000534892375,0.9816192039703294,0.9550353877495783,1.0,1.0,1.0,1.0
NZ_CP135526.1_v1,0.992070156620882,0.8517955051089261,0.9500353021738382,0.9666306171775563,0.9680871754947572,0.9772894525710932,0.7903947103724843,0.8524180188447635,0.8603133042766531,0.9291563952771793,0.9791821407062572,0.9786027287823862,0.9698816707038836,0.9422870594337627,0.9810411224622153,0.9905069138293021,0.9613133716781995,1.0,1.0,0.9714849464867911,0.9613280269117226,1.0,1.0,1.0,1.0,1.0,1.0,1.0,1.0,0.9600645251012617,1.0,1.0,0.9811807211086178,0.8403854596100164,0.788182257778355,1.0,0.952150337802884,0.9808495341773835,0.9554509945597099,1.0,0.9790012765730141,0.9710860120443059,1.0,1.0,0.9598460209081603,0.9857031834778647,0.9700645492730842,0.9736564394170812,0.9863112747406062,0.9921794069883506,0.9695723308968291,0.9736653698685713,0.9622193371401507,1.0,0.9688788119136595,0.9714849464867911,0.7914170678504462,0.844142733527196,0.8448607168419192,1.0,0.9736653698685713,0.9802433388647621,0.9864949064980836,1.0,0.9626460407373006,0.9722019533242064,0.987902592585132,0.9698628698647223,0.9874515172878027,0.9913209913818567,1.0,0.9837403718512278,0.8605798671216206,0.962702993239081,0.9925075745913684,1.0,1.0,0.9788918389696936,1.0,1.0,0.8226370599452963,0.9732446153228147,0.9620765353264062,0.9747496225116749,1.0,0.9903459422654973,1.0,0.9868469287996355,0.9681657015439833,0.945597664119966,0.8325500051301976,0.9650063032605449,0.8539565933904683,0.8049420852473541,0.975628026347175,0.9738874892405174,0.9568054981679697,1.0,0.9921090108210662,0.982872553677503,0.9861790483197693,0.9608198527280324,0.9717029235347222,0.9768429938419736,0.9733031129245872,1.0,1.0,1.0,1.0,0.9921934843117229,0.987648850235468,0.9735834014538445,0.9867340591955134,0.9795194383713464,0.9849769170299373,0.9579651382337075,0.9258250384884956,0.9812461555389653,0.9699671104659434,0.9733209652888855,0.9917793304997722,0.9563988037769855,0.9914033126018119,0.7903947103724843,0.969476296725241,0.987732618204136,1.0,0.9516090236899887,0.9884474046358047,0.9783322402764724,0.9834282686145113,0.991803158527309,0.9818188767850894,0.9687077935656617,0.7248772197511013,0.9442835807286791,0.9871701611731795,0.9871701611731795,0.9808683890224006,0.9868469287996355,0.9868469287996355,0.974890598108479,0.9924884250169874,1.0,0.8262354548975066,0.751077219642508,0.0,0.9702800465619235,0.9818675931058656,0.9578899278013703,1.0,1.0,1.0,1.0
NZ_LN831303.1_v1,0.9760658433447738,0.979836036108397,0.9923804008845408,0.9844225204240977,0.974284357400448,0.9844440944496197,0.9644567503379082,0.979937606428778,0.979937606428778,1.0,1.0,0.9837831116746174,1.0,0.9670543797822351,1.0,0.9844125231237434,1.0,0.99196241144735,1.0,1.0,0.9656661477697048,1.0,1.0,1.0,1.0,1.0,1.0,1.0,0.9925656554084896,0.9839408820126871,0.9913955003368378,1.0,0.9753981497252192,0.9720380190982865,0.9651123706064759,1.0,0.9415861367716033,0.9844845685627649,0.9756505094416701,0.9840132831169461,1.0,1.0,0.9840132831169461,1.0,0.991138021033105,0.9842690146577573,0.9840773831488976,0.9842271095609665,0.9841495938124284,0.9843365496714316,0.9748774689282812,0.9843344940625506,0.9736963731003022,0.9845489584638742,0.9675707494888327,1.0,0.9726248354511979,0.9724525268297834,0.9706251252745371,0.9841425629139481,0.9840104429049733,0.9741633739155283,0.9842680060697119,0.9844285537007647,0.9844990840863456,0.9843111168280827,0.984212514333949,0.991127130364613,0.9921770167472722,0.9599499550676346,1.0,0.984321606293526,0.9800258439803209,0.9750712190649254,0.984028104966615,0.9842421305253969,0.9842149325888055,0.9759247336291625,1.0,1.0,0.9722640617404494,0.9764904144933858,0.9656661477697048,0.9847951446723908,0.9843625684328766,0.9911517539069628,0.9912567024291297,0.9843331305842163,0.9749919318268621,0.9597533356448507,0.9541229237584902,0.9826704382197191,0.9808176117178887,0.9630883403270694,1.0,0.9760984962457468,0.9749336105991535,0.99196241144735,1.0,0.99174583795757,1.0,0.9744164269936028,0.8427572797078132,0.9844284395813842,0.9838923217860942,1.0,1.0,1.0,1.0,0.983763525236296,0.9655012547564472,0.9838678218457468,0.9844094757844082,0.9840831121980762,0.9840820024805497,0.9768530252010074,0.9638261121074958,1.0,1.0,1.0,1.0,0.9755567776924112,0.9846510651977626,0.9644567503379082,0.9647336596218693,0.9822833009503303,0.9723519789718283,0.9681695291532897,1.0,0.9918403155602769,1.0,0.9489890598052807,1.0,0.9493120232722688,0.9723312132779082,0.9763636943506212,0.9828451817750111,0.9731530230834006,0.9926228426745781,0.9840453510516172,0.9842695675931883,0.9919911594785176,0.9844519086902996,0.99196241144735,0.9353332435639841,0.9534000534892375,0.9702800465619235,0.0,0.9760198378074147,0.975530073405903,0.9923886472039298,1.0,1.0,1.0
NZ_LN831304.1_v1,0.5875006718602444,0.9357277945489805,0.9925684238100292,0.8149009154586094,0.6979493651548481,0.8045635128662969,0.9247845964524649,0.936585441673118,0.936585441673118,0.9923886472039298,1.0,1.0,1.0,0.6231464805802875,0.9283415826556973,0.7931718089123961,1.0,0.9077310376899097,1.0,1.0,0.8252963493667804,1.0,1.0,1.0,1.0,1.0,1.0,1.0,1.0,1.0,0.991803158527309,0.9784059482336763,0.6459833115917963,0.7951280541029608,0.983357927919082,0.9922585386091253,0.9924336847944392,0.6405150833769764,0.6819002073466798,0.7969138147859538,1.0,0.9493086262143985,0.7974514733803149,0.9412872347595402,0.991172632260179,0.6642428858891698,0.8789602514274524,0.7952923405041474,0.7825349237185735,0.8677509971382829,0.771338677129998,0.7644237460988242,0.8254637269632061,0.8463996461665992,0.8269737514421672,1.0,0.983109538783546,0.9192415976242118,0.9215502576542911,0.5855933002691769,0.7550133995802437,0.8448127942770184,0.7861632954695191,0.621323131747822,0.9839764847450245,0.8650577703143415,0.8699338764225424,0.9663005528336246,0.8636092007640863,0.7918779736136972,1.0,0.7463074094942217,0.9925838100961368,0.5573293035977749,0.7944519367889099,0.7428371580919187,0.782185581580422,1.0,1.0,0.9922925221973204,0.9759543291695548,0.6239433016885354,0.8252963493667804,0.9723660833034361,0.7710025009810746,1.0,1.0,0.6998942212768093,0.6619749177299823,0.7314642909489775,0.9855934301389069,0.9484064206506001,0.9649072926204721,0.9429910534920664,0.9634409467758795,0.9412530662059613,0.7591727160585074,0.8642504356934618,0.9502023669080444,0.9197000651541483,0.9216822737651815,0.5828848930724815,0.944704586461417,0.7555751922866921,0.8590188383638958,1.0,1.0,0.9815571066864455,1.0,0.9866508581730462,0.7414160534931737,0.793927178318665,0.570196529742327,0.5964207236439509,0.5762933851548796,0.880859608974776,0.9552633484156459,0.9105769041399834,0.992366962438129,0.9919934140353793,1.0,0.659583542882404,0.7878296631575081,0.9247845964524649,0.7414196208145902,0.8969388232508646,0.8060455905080494,0.7500345854113912,0.961231778821322,1.0,0.9462413766998135,0.9572714381601046,0.9282017065939429,0.957363629291072,0.9910579911207008,0.9122311559054749,0.863738513328071,0.8672067389986455,0.9281911440711761,0.5877605167934341,0.5591576673611796,0.8252484369371286,0.8547902599786119,0.7631142529335244,0.9916287576449114,0.9816192039703294,0.9818675931058656,0.9760198378074147,0.0,0.7604146194076526,0.9843305122914714,1.0,1.0,1.0
NZ_MN918441.1_v1,0.7321848545422608,0.9363433106077916,0.9580938731486162,0.774789365843497,0.7250724127853039,0.8324547064162588,0.8523748967029109,0.8075980858999685,0.8075980858999685,1.0,1.0,1.0,1.0,0.7276892365012226,0.9391195530885255,0.8587983997827721,1.0,0.9456546365558911,1.0,1.0,0.8433988514642982,1.0,1.0,1.0,1.0,1.0,1.0,1.0,1.0,1.0,1.0,1.0,0.8261981130932277,0.8702539839889235,0.9560038785746908,1.0,1.0,0.8135714103906013,0.698039571579693,0.8531134607753543,1.0,0.9901130881205686,0.8534860957629036,1.0,1.0,0.8561743172936893,0.8798878463587787,0.7597652413730396,0.8515144353735569,0.9127796853846736,0.8591931272163948,0.7787916965163728,0.8614448035335847,0.876355154342921,0.8452741808138284,1.0,0.959295007235304,0.9543054669970537,0.9302215464161603,0.6620312821567532,0.6112835828976164,0.8621260534849993,0.6316332980139141,0.8041330339442058,0.954406460710799,0.8343223735923979,0.8684523151327369,0.9550036173580728,0.8712000973573532,0.8592610069422174,1.0,0.8485938130070448,0.9708060573919901,0.7099855293120445,0.8205770203543831,0.860956125917342,0.8647250818254473,1.0,1.0,1.0,0.9598194054178113,0.7643546900049742,0.844338987092485,0.9538629659500389,0.8149354549603555,1.0,1.0,0.8123301008643664,0.801508390738003,0.8016063133004901,0.9571024916428876,0.9652912406503915,0.9429702374206903,0.9246180724162243,0.9789300595728712,0.9649026151487508,0.592817832993741,0.9456546365558911,0.9906016134921556,0.9401771300461497,1.0,0.7346077578280789,0.9466628395961478,0.6557997396030407,0.6384470749590498,1.0,0.99051197464931,0.9741672081566619,1.0,0.9866508581730462,0.8170321458777857,0.7368733864820136,0.7662281741465413,0.7997290606117045,0.79756272400636,0.8533539825276704,0.9711882596532252,0.9477850146192616,0.9634973608615188,0.9527727404817051,1.0,0.6761421786576611,0.82566021214749,0.8523748967029109,0.8427189949162315,0.855043598693337,0.8726268005228861,0.8019581136770659,0.9700785474696534,1.0,0.9824558595019722,0.944325545159019,0.9394764973343344,0.9320997759434815,0.9780275006521523,0.8515916091102754,0.8521933343676156,0.8562055909476127,0.9390882485604682,0.782624049529918,0.7758190198394329,0.8577884815372818,0.9126651226032831,0.8705663329475276,0.975422850381533,0.9550353877495783,0.9578899278013703,0.975530073405903,0.7604146194076526,0.0,0.980053751639343,1.0,1.0,1.0
NZ_MN918442.1_v1,0.9844624996491774,1.0,0.9804352761929203,0.9802232982940807,0.9800501028608133,0.9843860086744247,1.0,1.0,1.0,1.0,1.0,1.0,1.0,0.984472866226637,1.0,0.9844410499068285,1.0,0.9844733875356699,1.0,0.9902699363813381,0.9728692845494833,1.0,1.0,1.0,1.0,1.0,1.0,1.0,1.0,1.0,1.0,1.0,0.9844009608263175,1.0,1.0,1.0,1.0,0.9843427804964066,0.9801343747414119,0.9752118867289119,1.0,1.0,0.9751813706575484,1.0,1.0,0.9842421758565242,0.9700530440481769,0.97974189356253,0.984631294099264,0.984000689128504,0.9728464645585118,0.9801444990857096,0.9731736433150082,0.9843169812987523,0.9728692845494833,0.9902699363813381,1.0,1.0,1.0,0.9843866564613305,0.980151989254105,0.9730887867957134,0.9799190232691387,0.9845496770224719,0.983089922365436,0.9792865237928579,0.9796555305777617,0.944041814003026,0.9783859955458477,0.9737117126708655,1.0,0.9847096027740763,1.0,0.9843123482475522,0.9843084418263284,0.9844733875356699,0.9844757920437444,1.0,1.0,1.0,1.0,0.9845926543201275,0.9728692845494833,0.8627092792161928,0.9844419282884926,1.0,1.0,0.9844125666509176,0.9844077301857203,0.9845104745029117,1.0,1.0,1.0,1.0,0.9917150204469576,1.0,0.9797817901535696,0.9844733875356699,0.9924119718709931,0.9920373539979573,1.0,0.984524205004903,1.0,0.9798553008613916,0.9800859625272806,1.0,0.99143476115775,1.0,0.9909121974976688,1.0,0.9580866377585622,0.9801281369827671,0.9845079051760942,0.9843848405919096,0.9845250383746074,0.9802307377844455,1.0,1.0,0.9469539851869152,0.9511898773045285,1.0,0.9801511029893153,0.9760540459941752,1.0,0.9840774677341427,0.9789401270146249,0.9844530745964803,0.9842307854739821,1.0,1.0,1.0,0.9825914578421877,1.0,0.9827269428252073,1.0,0.980576942061587,0.9721101689110536,0.9798698512516241,1.0,0.9843269638815385,0.9843269638815385,0.9803672875395384,0.9838324458042054,0.9924139035782155,1.0,1.0,1.0,0.9923886472039298,0.9843305122914714,0.980053751639343,0.0,1.0,1.0,1.0
NZ_OX281346.1_v1,1.0,1.0,1.0,1.0,1.0,1.0,1.0,1.0,1.0,1.0,1.0,1.0,1.0,1.0,1.0,1.0,1.0,1.0,0.9917019629535722,1.0,1.0,0.9917125856933567,1.0,1.0,0.9916886775011542,1.0,0.9918490149831004,1.0,1.0,1.0,1.0,1.0,1.0,1.0,1.0,1.0,1.0,1.0,1.0,1.0,1.0,1.0,1.0,1.0,1.0,1.0,1.0,1.0,1.0,1.0,1.0,1.0,1.0,1.0,1.0,1.0,1.0,1.0,1.0,1.0,1.0,1.0,1.0,1.0,1.0,1.0,1.0,1.0,1.0,1.0,1.0,1.0,1.0,1.0,1.0,1.0,1.0,1.0,1.0,1.0,1.0,1.0,1.0,1.0,1.0,1.0,1.0,1.0,1.0,1.0,1.0,1.0,1.0,1.0,1.0,1.0,1.0,1.0,1.0,1.0,1.0,1.0,1.0,1.0,1.0,1.0,1.0,1.0,1.0,1.0,1.0,1.0,1.0,1.0,1.0,1.0,1.0,1.0,1.0,1.0,1.0,1.0,1.0,1.0,1.0,1.0,1.0,1.0,1.0,1.0,1.0,1.0,1.0,1.0,1.0,1.0,1.0,1.0,1.0,1.0,1.0,1.0,1.0,1.0,1.0,1.0,1.0,1.0,1.0,1.0,1.0,0.0,1.0,1.0
NZ_OX281346.1_v2,1.0,1.0,1.0,1.0,1.0,1.0,1.0,1.0,1.0,1.0,1.0,1.0,1.0,1.0,1.0,1.0,1.0,1.0,1.0,1.0,1.0,1.0,1.0,1.0,1.0,1.0,1.0,1.0,1.0,1.0,1.0,1.0,1.0,1.0,1.0,1.0,1.0,1.0,1.0,1.0,1.0,1.0,1.0,1.0,1.0,1.0,1.0,1.0,1.0,1.0,1.0,1.0,1.0,1.0,1.0,1.0,1.0,1.0,1.0,1.0,1.0,1.0,1.0,1.0,1.0,1.0,1.0,1.0,1.0,1.0,1.0,1.0,1.0,1.0,1.0,1.0,1.0,1.0,0.9926228426745781,1.0,1.0,1.0,1.0,1.0,1.0,1.0,1.0,1.0,1.0,1.0,1.0,1.0,1.0,1.0,1.0,1.0,1.0,1.0,1.0,1.0,1.0,1.0,1.0,1.0,1.0,1.0,1.0,1.0,1.0,1.0,1.0,1.0,1.0,1.0,1.0,1.0,1.0,1.0,1.0,1.0,1.0,1.0,1.0,1.0,1.0,1.0,1.0,1.0,1.0,1.0,1.0,1.0,1.0,1.0,1.0,1.0,1.0,1.0,1.0,1.0,1.0,1.0,1.0,1.0,1.0,1.0,1.0,1.0,1.0,1.0,1.0,1.0,0.0,1.0
U95377.1_v1,1.0,1.0,1.0,1.0,1.0,1.0,1.0,1.0,1.0,1.0,1.0,1.0,1.0,1.0,1.0,1.0,1.0,1.0,1.0,1.0,1.0,1.0,1.0,1.0,1.0,1.0,1.0,1.0,1.0,1.0,1.0,1.0,1.0,1.0,1.0,1.0,1.0,1.0,1.0,1.0,1.0,1.0,1.0,1.0,1.0,1.0,1.0,1.0,1.0,1.0,1.0,1.0,1.0,1.0,1.0,1.0,1.0,1.0,1.0,1.0,1.0,1.0,1.0,1.0,1.0,1.0,1.0,1.0,1.0,1.0,1.0,1.0,1.0,1.0,1.0,1.0,1.0,1.0,1.0,1.0,1.0,1.0,1.0,1.0,1.0,1.0,1.0,1.0,1.0,1.0,1.0,1.0,1.0,1.0,1.0,1.0,1.0,1.0,1.0,1.0,1.0,1.0,1.0,1.0,1.0,1.0,1.0,1.0,1.0,1.0,1.0,1.0,1.0,1.0,1.0,1.0,1.0,1.0,1.0,1.0,1.0,1.0,1.0,1.0,1.0,1.0,1.0,1.0,1.0,1.0,1.0,1.0,1.0,1.0,1.0,1.0,1.0,1.0,1.0,1.0,1.0,1.0,1.0,1.0,1.0,1.0,1.0,1.0,1.0,1.0,1.0,1.0,1.0,0.0