sample_id	num_contigs	size	gc	md5	rep_type(s)	rep_type_accession(s)	relaxase_type(s)	relaxase_type_accession(s)	mpf_type	mpf_type_accession(s)	orit_type(s)	orit_accession(s)	predicted_mobility	mash_nearest_neighbor	mash_neighbor_distance	mash_neighbor_identification	primary_cluster_id	secondary_cluster_id	predicted_host_range_overall_rank	predicted_host_range_overall_name	observed_host_range_ncbi_rank	observed_host_range_ncbi_name	reported_host_range_lit_rank	reported_host_range_lit_name	associated_pmid(s)	predicted_mobility_conjscan	gtdb_phylum	gtdb_class	gtdb_order	gtdb_family	gtdb_genus	gtdb_species
AB190359.1	1	15723	0.4665140240412135	509d5a3fd693576c542e75fa33133b07	-	-	-	-	-	-	-	-	non-mobilizable	CP031654	1.0	Escherichia coli	AA379	AI397	-	-	-	-	-	-	-	non-mobilizable	p__Thermoplasmatota	c__Thermoplasmata	o__Thermoplasmatales	f__Thermoplasmataceae	g__Thermoplasma	s__Thermoplasma acidophilum
AP027740.1	1	16526	0.36560571221106136	95f850047c7d77c29a1db7e7a6a94517	-	-	-	-	-	-	-	-	non-mobilizable	CP017265	0.12214	Lactobacillus paracasei	AC182	AL271	-	-	-	-	-	-	-	non-mobilizable	p__Methanobacteriota	c__Methanobacteria	o__Methanobacteriales	f__Methanobacteriaceae	g__Methanobacterium	s__Methanobacterium petrolearium
CP002989.1	1	705810	0.5614981368923648	e50864c8e642a14fa05c89b2f7e3b923	rep_cluster_1020	000271__NC_015955_00447	-	-	MPF_T	NC_002608_00127,NC_015955_00255,NC_015955_00540,NC_002608_00126	-	-	non-mobilizable	CP014516	0.295981	Frondihabitans sp. PAMC 28766	AF545	AP507	-	-	-	-	-	-	-	non-mobilizable	p__Halobacteriota	c__Halobacteria	o__Halobacteriales	f__Haloferacaceae	g__Halolamina	s__Halolamina sp000224475
CP002990.1	1	23659	0.6146075489242995	eaf099ad83e39b8d4260c252473c3fd4	-	-	-	-	-	-	-	-	non-mobilizable	CP031193	0.295981	Humibacter sp. BT305	AG233	AQ255	-	-	-	-	-	-	-	non-mobilizable	p__Halobacteriota	c__Halobacteria	o__Halobacteriales	f__Haloferacaceae	g__Halolamina	s__Halolamina sp000224475
CP003317.1	1	16887	0.5057736720554272	6016f10dd3199560aedde088827429a8	-	-	-	-	-	-	-	-	non-mobilizable	CP042549	0.295981	Klebsiella michiganensis	AB111	AJ686	-	-	-	-	-	-	-	non-mobilizable	p__Thermoproteota	c__Thermoprotei	o__Thermoproteales	f__Thermoproteaceae	g__Pyrobaculum	s__Pyrobaculum oguniense
CP007061.1	1	315592	0.5693458642804634	b854e0942168dc4d82d72b23ce0e0aca	-	-	-	-	MPF_T	NC_002608_00127,NC_015955_00540	-	-	non-mobilizable	CP003250	0.295981	Thermus oshimai JL-2	AD842	AN504	-	-	-	-	-	-	-	mobilizable	p__Halobacteriota	c__Halobacteria	o__Halobacteriales	f__Halobacteriaceae	g__Halobacterium	s__Halobacterium sp000230955
CP031298.1	1	89886	0.5474823665531896	8c7716e37078a37f6cf851748519c387	-	-	-	-	MPF_T	NC_019963_00206	-	-	non-mobilizable	CP031654	1.0	Escherichia coli	AA379	AI397	-	-	-	-	-	-	-	non-mobilizable	p__Halobacteriota	c__Halobacteria	o__Halobacteriales	f__Natrialbaceae	g__Natrinema	s__Natrinema thermotolerans
CP031299.1	1	86496	0.622884295227525	86c954ba03539f342246b445debd83d2	-	-	-	-	-	-	-	-	non-mobilizable	CP044118	0.295981	Roseomonas mucosa	AF405	AP350	-	-	-	-	-	-	-	non-mobilizable	p__Halobacteriota	c__Halobacteria	o__Halobacteriales	f__Natrialbaceae	g__Natrinema	s__Natrinema thermotolerans
CP031300.1	1	29796	0.5580279232111692	4b46bd4e870ccfa923222730e0a4e616	-	-	-	-	-	-	-	-	non-mobilizable	CP031654	1.0	Escherichia coli	AA379	AI397	-	-	-	-	-	-	-	non-mobilizable	p__Halobacteriota	c__Halobacteria	o__Halobacteriales	f__Natrialbaceae	g__Natrinema	s__Natrinema thermotolerans
CP031301.1	1	49411	0.6174738418570763	072547ffe3fdd8e4b628cbdb4225a1bc	-	-	-	-	-	-	-	-	non-mobilizable	CP031654	1.0	Escherichia coli	AA379	AI397	-	-	-	-	-	-	-	non-mobilizable	p__Halobacteriota	c__Halobacteria	o__Halobacteriales	f__Natrialbaceae	g__Natrinema	s__Natrinema thermotolerans
CP031302.1	1	17189	0.6398859735877596	c945fe3c1a421dd8fd6ab5912e28a8e0	-	-	-	-	-	-	-	-	non-mobilizable	CP031654	1.0	Escherichia coli	AA379	AI397	-	-	-	-	-	-	-	non-mobilizable	p__Halobacteriota	c__Halobacteria	o__Halobacteriales	f__Natrialbaceae	g__Natrinema	s__Natrinema thermotolerans
CP031304.1	1	987326	0.6382623368573298	fbaec80023ddc1e7c0c2b39e668d9240	-	-	-	-	-	-	-	-	non-mobilizable	CP033323	0.263022	Azospirillum brasilense	AD931	AN625	-	-	-	-	-	-	-	non-mobilizable	p__Halobacteriota	c__Halobacteria	o__Halobacteriales	f__Natrialbaceae	g__Natrinema	s__Natrinema thermotolerans
CP040679.1	1	322915	0.6076366845764365	8a3ca0a1fd7f7073420932d361794348	-	-	-	-	-	-	-	-	non-mobilizable	CP016084	0.295981	Streptomyces sp. SAT1	AB903	AK876	-	-	-	-	-	-	-	non-mobilizable	p__Halobacteriota	c__Halobacteria	o__Halobacteriales	f__QS-9-68-17	g__Halostella	s__Halostella pelagica
CP040680.1	1	316071	0.5822520889293861	145c701eeec27a710440f993e68a0e0d	-	-	-	-	MPF_T	NC_015955_00255	-	-	non-mobilizable	CP014516	0.295981	Frondihabitans sp. PAMC 28766	AF545	AP507	-	-	-	-	-	-	-	non-mobilizable	p__Halobacteriota	c__Halobacteria	o__Halobacteriales	f__QS-9-68-17	g__Halostella	s__Halostella pelagica
CP040681.1	1	100265	0.6159876327731512	3d36f1864fb21393bffe51b4ab5e0adb	-	-	-	-	-	-	-	-	non-mobilizable	CP011771	0.295981	Croceicoccus naphthovorans	AB681	AK558	-	-	-	-	-	-	-	non-mobilizable	p__Halobacteriota	c__Halobacteria	o__Halobacteriales	f__QS-9-68-17	g__Halostella	s__Halostella pelagica
CP046867.1	1	316107	0.5822332311527426	d7a7ba738c60f5be90229d82f6fd9381	-	-	-	-	MPF_T	NC_015955_00255	-	-	non-mobilizable	CP014516	0.295981	Frondihabitans sp. PAMC 28766	AF545	AP507	-	-	-	-	-	-	-	non-mobilizable	p__Halobacteriota	c__Halobacteria	o__Halobacteriales	f__Haloarculaceae	g__Salinibaculum	s__Salinibaculum litoreum
CP046868.1	1	100260	0.6159385597446638	c92660608d5e5998fa6a1ae594910c03	-	-	-	-	-	-	-	-	non-mobilizable	CP011771	0.295981	Croceicoccus naphthovorans	AB681	AK558	-	-	-	-	-	-	-	non-mobilizable	p__Halobacteriota	c__Halobacteria	o__Halobacteriales	f__Haloarculaceae	g__Salinibaculum	s__Salinibaculum litoreum
CP050015.1	1	535368	0.6199548721626993	6d0b4f57ac300170faa5584a5d159217	-	-	-	-	-	-	-	-	non-mobilizable	CP007745	0.295981	Burkholderia cepacia ATCC 25416	AF428	AP376	-	-	-	-	-	-	-	non-mobilizable	p__Halobacteriota	c__Halobacteria	o__Halobacteriales	f__Haloarculaceae	g__Halomicroarcula	s__Halomicroarcula pellucida
CP050016.1	1	355823	0.5784420905899843	55fba65dbd189a0c07af5d766c16926e	-	-	-	-	-	-	-	-	non-mobilizable	CP014802	0.295981	Salipiger profundus	AC364	AL532	-	-	-	-	-	-	-	mobilizable	p__Halobacteriota	c__Halobacteria	o__Halobacteriales	f__Haloarculaceae	g__Halomicroarcula	s__Halomicroarcula pellucida
CP050017.1	1	255392	0.5690546297456459	ff00e79615b83046ea443e0ec74087a9	-	-	-	-	-	-	-	-	non-mobilizable	CP000385	0.295981	Mycobacterium sp. MCS	AD515	AN095	-	-	-	-	-	-	-	mobilizable	p__Halobacteriota	c__Halobacteria	o__Halobacteriales	f__Haloarculaceae	g__Halomicroarcula	s__Halomicroarcula pellucida
CP050018.1	1	133715	0.5975171072804099	fe50c0be1f67f45bc7d76ac19c86a0ff	-	-	-	-	-	-	-	-	non-mobilizable	CP022424	0.295981	Vitreoscilla filiformis	AC616	AL880	-	-	-	-	-	-	-	non-mobilizable	p__Halobacteriota	c__Halobacteria	o__Halobacteriales	f__Haloarculaceae	g__Halomicroarcula	s__Halomicroarcula pellucida
CP050019.1	1	53962	0.5649716467143545	aae5229e810df517365ac00e8cf024d3	-	-	-	-	-	-	-	-	non-mobilizable	CP031654	1.0	Escherichia coli	AA379	AI397	-	-	-	-	-	-	-	mobilizable	p__Halobacteriota	c__Halobacteria	o__Halobacteriales	f__Haloarculaceae	g__Halomicroarcula	s__Halomicroarcula pellucida
CP104004.1	1	249332	0.5972558676784367	4f03140ea544df469a1da23dabc3ab90	-	-	-	-	-	-	-	-	non-mobilizable	CP020907	0.295981	Rhizobium etli	AD575	AN175	-	-	-	-	-	-	-	non-mobilizable	p__Halobacteriota	c__Halobacteria	o__Halobacteriales	f__Haloarculaceae	g__	s__[Genus] [species 0022]
CP119561.1	1	363408	0.5883387267203803	d5bb0c9ac20616fd106795d4f79ba152	-	-	-	-	-	-	-	-	non-mobilizable	CP016458	0.295981	Blastomonas sp. RAC04	AA340	AI287	-	-	-	-	-	-	-	mobilizable	p__Halobacteriota	c__Halobacteria	o__Halobacteriales	f__Haloarculaceae	g__	s__[Genus] [species 0002]
CP119562.1	1	114495	0.5686361849862439	aab7af4419c48bab85cc9fbb896c9b16	-	-	-	-	-	-	-	-	non-mobilizable	CP031654	1.0	Escherichia coli	AA379	AI397	-	-	-	-	-	-	-	mobilizable	p__Halobacteriota	c__Halobacteria	o__Halobacteriales	f__Haloarculaceae	g__	s__[Genus] [species 0002]
CP119780.1	1	284460	0.6535787105392674	0331cfa2b41d3c116a0eb38a0e68d9da	-	-	-	-	-	-	-	-	non-mobilizable	CP026928	0.295981	Agrobacterium tumefaciens	AB152	AJ761	-	-	-	-	-	-	-	non-mobilizable	p__Halobacteriota	c__Halobacteria	o__Halobacteriales	f__Haloarculaceae	g__Halomicroarcula	s__Halomicroarcula [species 0007]
CP119781.1	1	200553	0.5936086720218595	3c37aa1e8be7108f83270ce5f119deb3	-	-	-	-	MPF_T	NC_002608_00127,NC_002608_00126	-	-	non-mobilizable	CP014802	0.295981	Salipiger profundus	AC364	AL532	-	-	-	-	-	-	-	non-mobilizable	p__Halobacteriota	c__Halobacteria	o__Halobacteriales	f__Haloarculaceae	g__Halomicroarcula	s__Halomicroarcula [species 0007]
CP119793.1	1	330897	0.5505610507197104	2db7638f10c3f67b46b7e2d1e0d8add2	-	-	-	-	MPF_T	NC_013746_00233	-	-	non-mobilizable	CP031654	1.0	Escherichia coli	AA379	AI397	-	-	-	-	-	-	-	non-mobilizable	p__Halobacteriota	c__Halobacteria	o__Halobacteriales	f__	g__	s__[Genus] [species 0001]
CP119803.1	1	163478	0.592061317119123	f73fc90b27ea7577226e3c6cca087a88	-	-	-	-	-	-	-	-	non-mobilizable	CP031654	1.0	Escherichia coli	AA379	AI397	-	-	-	-	-	-	-	non-mobilizable	p__Halobacteriota	c__Halobacteria	o__Halobacteriales	f__Haloarculaceae	g__Halosegnis	s__Halosegnis [species 0023]
CP119805.1	1	430223	0.6506579146163733	9c0861cc2d553858c393b52cc5dbc9dd	-	-	-	-	-	-	-	-	non-mobilizable	CP028042	0.295981	Nissabacter sp. SGAir0207	AG119	AQ138	-	-	-	-	-	-	-	non-mobilizable	p__Halobacteriota	c__Halobacteria	o__Halobacteriales	f__Haladaptataceae	g__Halorussus	s__Halorussus [species 0012]
CP119807.1	1	102607	0.5915775726802265	50d842d6db198e0b95ed61449cd68289	-	-	-	-	-	-	-	-	non-mobilizable	AP021851	0.295981	Deinococcus grandis	AD770	AN425	-	-	-	-	-	-	-	non-mobilizable	p__Halobacteriota	c__Halobacteria	o__Halobacteriales	f__Haladaptataceae	g__Halorussus	s__Halorussus [species 0012]
CP119808.1	1	131528	0.556193358068244	1b076622cf78cb87116ad18bddd8e1b8	-	-	-	-	MPF_T	NC_015955_00540,NC_015667_00008	-	-	non-mobilizable	CP013746	0.295981	Arthrobacter alpinus	AH064	AR120	-	-	-	-	-	-	-	non-mobilizable	p__Halobacteriota	c__Halobacteria	o__Halobacteriales	f__Haladaptataceae	g__Halorussus	s__Halorussus [species 0012]
CP120469.1	1	429105	0.6236958320224654	e7b95d787678d7fb489da9e236cc6a83	-	-	-	-	-	-	-	-	non-mobilizable	CP031654	1.0	Escherichia coli	AA379	AI397	-	-	-	-	-	-	-	non-mobilizable	p__Halobacteriota	c__Halobacteria	o__Halobacteriales	f__Haloferacaceae	g__Halobaculum	s__Halobaculum [species 0020]
CP126163.1	1	258123	0.5599733460404536	3d763a9901df3e6e5d0b48e7643a78f6	-	-	-	-	-	-	-	-	non-mobilizable	CP031654	1.0	Escherichia coli	AA379	AI397	-	-	-	-	-	-	-	mobilizable	p__Halobacteriota	c__Halobacteria	o__Halobacteriales	f__Haloarculaceae	g__	s__[Genus] [species 0003]
CP135527.1	1	76233	0.6006847428279092	ba8f2f2bdeb3dfa0fe5827c9f50f6637	-	-	-	-	-	-	-	-	non-mobilizable	KX388536	0.295981	Agrobacterium tumefaciens	AC943	AM323	-	-	-	-	-	-	-	non-mobilizable	p__Halobacteriota	c__Halobacteria	o__Halobacteriales	f__Natrialbaceae	g__KZCA124	s__KZCA124 sp017357405
KF527230.1	1	18345	0.5131098391932407	24292df828e04a0d397be53650cc8650	-	-	-	-	-	-	-	-	non-mobilizable	CP031654	1.0	Escherichia coli	AA379	AI397	-	-	-	-	-	-	-	non-mobilizable	p__Methanobacteriota_B	c__Thermococci	o__Thermococcales	f__Thermococcaceae	g__Thermococcus	s__Thermococcus nautili
NC_000905.1	1	6205	0.4525382755842063	d4f313e5db64f2e389313e98da66d08a	rep_cluster_22	001489__NC_014409_00001	-	-	-	-	-	-	non-mobilizable	CP031654	1.0	Escherichia coli	AA379	AI397	-	-	-	-	-	-	-	non-mobilizable	p__Methanobacteriota	c__Methanobacteria	o__Methanobacteriales	f__Methanothermobacteraceae	g__Methanothermobacter	s__Methanothermobacter thermautotrophicus
NC_001336.1	1	13514	0.41771496226135857	6a538275e52b43e750f62ca8ff33560d	-	-	-	-	-	-	-	-	non-mobilizable	CP031654	1.0	Escherichia coli	AA379	AI397	-	-	-	-	-	-	-	non-mobilizable	p__Methanobacteriota	c__Methanobacteria	o__Methanobacteriales	f__Methanothermobacteraceae	g__Methanothermobacter	s__Methanothermobacter thermautotrophicus
NC_001337.1	1	11014	0.4250953332122753	c62e5d57c3785b34a804212544435103	-	-	-	-	-	-	-	-	non-mobilizable	CP031654	1.0	Escherichia coli	AA379	AI397	-	-	-	-	-	-	-	non-mobilizable	p__Methanobacteriota	c__Methanobacteria	o__Methanobacteriales	f__Methanothermobacteraceae	g__Methanothermobacter	s__Methanothermobacter thermautotrophicus
NC_001375.1	1	6354	0.560434372049103	4a0e67625d7caee5c2c1c7c3c095bdc6	-	-	-	-	-	-	-	-	non-mobilizable	-	1	-	-	-	-	-	-	-	-	-	-	non-mobilizable	p__Halobacteriota	c__Halobacteria	o__Halobacteriales	f__Haloferacaceae	g__Haloferax	s__Haloferax volcanii
NC_001732.1	1	58407	0.28191079530862084	d50931f0257ec99ae44df464ed052306	rep_cluster_1119,rep_cluster_88	000396__NC_001732_00058,002359__NC_001732_00046	-	-	-	-	-	-	non-mobilizable	KF640086	0.295981	Francisella tularensis subsp. novicida PA10-7858	AD615	AN227	-	-	-	-	-	-	-	non-mobilizable	p__Methanobacteriota	c__Methanococci	o__Methanococcales	f__Methanocaldococcaceae	g__Methanocaldococcus	s__Methanocaldococcus jannaschii
NC_001733.1	1	16550	0.2888821752265861	3db305a4bd1b322d1cb1ccc3a14ca596	-	-	-	-	-	-	-	-	non-mobilizable	CP031654	1.0	Escherichia coli	AA379	AI397	-	-	-	-	-	-	-	non-mobilizable	p__Methanobacteriota	c__Methanococci	o__Methanococcales	f__Methanocaldococcaceae	g__Methanocaldococcus	s__Methanocaldococcus jannaschii
NC_001771.1	1	5350	0.37271028037383175	0031d603e9dd3e282173c07140f0347c	-	-	-	-	-	-	-	-	non-mobilizable	CP031654	1.0	Escherichia coli	AA379	AI397	-	-	-	-	-	-	-	non-mobilizable	p__Thermoproteota	c__Thermoprotei_A	o__Sulfolobales	f__Sulfolobaceae	g__Saccharolobus	s__Saccharolobus islandicus
NC_001773.1	1	3444	0.4343786295005807	db343c3fc042914fd577e26eaea11d49	-	-	-	-	-	-	-	-	non-mobilizable	CP031654	1.0	Escherichia coli	AA379	AI397	-	-	-	-	-	-	-	non-mobilizable	p__Methanobacteriota_B	c__Thermococci	o__Thermococcales	f__Thermococcaceae	g__Pyrococcus	s__Pyrococcus abyssi
NC_001811.1	1	8285	0.2724200362100181	f062d906481a1a778da3b2d54e9164c2	rep_cluster_11	000355__NC_001811_00002	-	-	-	-	-	-	non-mobilizable	CP031654	1.0	Escherichia coli	AA379	AI397	-	-	-	-	-	-	-	non-mobilizable	p__Methanobacteriota	c__Methanococci	o__Methanococcales	f__Methanococcaceae	g__Methanococcus	s__Methanococcus maripaludis_D
NC_001869.1	1	191346	0.5790870987634965	31ad5c7ba18d740d5412da766a42e388	-	-	-	-	-	-	-	-	non-mobilizable	LR134455	0.295981	Tsukamurella tyrosinosolvens	AE457	AO240	-	-	-	-	-	-	-	non-mobilizable	p__Halobacteriota	c__Halobacteria	o__Halobacteriales	f__Halobacteriaceae	g__Halobacterium	s__Halobacterium salinarum
NC_002097.1	1	5467	0.37534296689226265	9af7e643630fdb9ba98162aad2ffd123	-	-	-	-	-	-	-	-	non-mobilizable	CP031654	1.0	Escherichia coli	AA379	AI397	-	-	-	-	-	-	-	non-mobilizable	p__Halobacteriota	c__Methanosarcinia	o__Methanosarcinales	f__Methanosarcinaceae	g__Methanosarcina	s__Methanosarcina acetivorans
NC_002101.1	1	6959	0.3736168989797385	76450d092b04b41a514e85dc0ef669b6	-	-	-	-	-	-	-	-	non-mobilizable	CP031654	1.0	Escherichia coli	AA379	AI397	-	-	-	-	-	-	-	non-mobilizable	p__Thermoproteota	c__Thermoprotei_A	o__Sulfolobales	f__Sulfolobaceae	g__Saccharolobus	s__Saccharolobus islandicus
NC_002121.1	1	1736	0.6411290322580645	4ebf6d5da9a448677913404a983cfd94	-	-	-	-	-	-	-	-	non-mobilizable	CP031654	1.0	Escherichia coli	AA379	AI397	-	-	-	-	-	-	-	non-mobilizable	p__Halobacteriota	c__Halobacteria	o__Halobacteriales	f__Halobacteriaceae	g__Halobacterium	s__Halobacterium salinarum
NC_002125.1	1	4439	0.45415634151836	1e10fd81e93aa61f22d7767b6a23192b	rep_cluster_22	001489__NC_014409_00001	-	-	-	-	-	-	non-mobilizable	CP031654	1.0	Escherichia coli	AA379	AI397	-	-	-	-	-	-	-	non-mobilizable	p__Methanobacteriota	c__Methanobacteria	o__Methanobacteriales	f__Methanothermobacteraceae	g__Methanothermobacter	s__Methanothermobacter thermautotrophicus
NC_002608.1	1	365425	0.5922419101046726	0fdee79e86e1de0758033c34a357d9f1	-	-	-	-	MPF_T	NC_002608_00127,NC_002608_00126	-	-	non-mobilizable	LR134455	0.295981	Tsukamurella tyrosinosolvens	AE457	AO240	-	-	-	-	-	-	-	non-mobilizable	p__Halobacteriota	c__Halobacteria	o__Halobacteriales	f__Halobacteriaceae	g__Halobacterium	s__Halobacterium salinarum
NC_004852.1	1	24554	0.37338111916592004	15ffd0599acc25839457023503e294d5	-	-	MOB_Unknown	CAG38222	MPF_T	NC_006422_00012	-	-	conjugative	CP031654	1.0	Escherichia coli	AA379	AI397	-	-	-	-	-	-	-	non-mobilizable	p__Thermoproteota	c__Thermoprotei_A	o__Sulfolobales	f__Sulfolobaceae	g__Saccharolobus	s__Saccharolobus islandicus
NC_004853.1	1	7830	0.3500638569604087	a6d4fc2d541795fd0a704a5d0e2113d1	-	-	-	-	-	-	-	-	non-mobilizable	CP031654	1.0	Escherichia coli	AA379	AI397	-	-	-	-	-	-	-	non-mobilizable	p__Thermoproteota	c__Thermoprotei_A	o__Sulfolobales	f__Sulfolobaceae	g__Saccharolobus	s__Saccharolobus islandicus
NC_005562.1	1	7598	0.37970518557515137	b492722c922202317e6aed780ec6e18b	-	-	-	-	-	-	-	-	non-mobilizable	CP031654	1.0	Escherichia coli	AA379	AI397	-	-	-	-	-	-	-	non-mobilizable	p__Thermoproteota	c__Thermoprotei_A	o__Sulfolobales	f__Sulfolobaceae	g__Acidianus	s__Acidianus ambivalens
NC_005907.1	1	4967	0.44030601973021943	7be3974437d94bae635937300ac4b9aa	-	-	-	-	-	-	-	-	non-mobilizable	CP031654	1.0	Escherichia coli	AA379	AI397	-	-	-	-	-	-	-	non-mobilizable	p__Thermoproteota	c__Thermoprotei_A	o__Sulfolobales	f__Sulfolobaceae	g__Saccharolobus	s__Saccharolobus solfataricus
NC_006389.1	1	33303	0.5425337056721616	a04c49d8ee613540cbdd0098f16648f8	-	-	-	-	-	-	-	-	non-mobilizable	NC_019763	0.295981	Oscillatoria nigro-viridis PCC 7112	AG189	AQ210	-	-	-	-	-	-	-	non-mobilizable	p__Halobacteriota	c__Halobacteria	o__Halobacteriales	f__Haloarculaceae	g__Haloarcula	s__Haloarcula marismortui
NC_006390.1	1	33452	0.5562597154131292	a1415f2dd575ebf93e1d5e85b3dca2b6	-	-	-	-	-	-	-	-	non-mobilizable	CP031654	1.0	Escherichia coli	AA379	AI397	-	-	-	-	-	-	-	non-mobilizable	p__Halobacteriota	c__Halobacteria	o__Halobacteriales	f__Haloarculaceae	g__Haloarcula	s__Haloarcula marismortui
NC_006391.1	1	39521	0.6001872422256522	c42bfda74ca0d5206f10a1213794c6cd	-	-	-	-	-	-	-	-	non-mobilizable	CP031654	1.0	Escherichia coli	AA379	AI397	-	-	-	-	-	-	-	non-mobilizable	p__Halobacteriota	c__Halobacteria	o__Halobacteriales	f__Haloarculaceae	g__Haloarcula	s__Haloarcula marismortui
NC_006392.1	1	50060	0.5734918098282061	9cb42f46b0a6797ea4e491bf4975e2ca	-	-	-	-	-	-	-	-	non-mobilizable	CP031654	1.0	Escherichia coli	AA379	AI397	-	-	-	-	-	-	-	non-mobilizable	p__Halobacteriota	c__Halobacteria	o__Halobacteriales	f__Haloarculaceae	g__Haloarcula	s__Haloarcula marismortui
NC_006393.1	1	132678	0.5448228040820633	0a54da500367d42c59cf3f45a0adacf8	-	-	-	-	MPF_T	NC_006393_00092	-	-	non-mobilizable	NC_019763	0.295981	Oscillatoria nigro-viridis PCC 7112	AG189	AQ210	-	-	-	-	-	-	-	mobilizable	p__Halobacteriota	c__Halobacteria	o__Halobacteriales	f__Haloarculaceae	g__Haloarcula	s__Haloarcula marismortui
NC_006394.1	1	155300	0.5833290405666453	d055700bd58d495a523dc3ac6e7505b8	-	-	-	-	-	-	-	-	non-mobilizable	CP023440	0.295981	Thauera sp. K11	AG105	AQ123	-	-	-	-	-	-	-	non-mobilizable	p__Halobacteriota	c__Halobacteria	o__Halobacteriales	f__Haloarculaceae	g__Haloarcula	s__Haloarcula marismortui
NC_006422.1	1	28930	0.37106809540269614	d26d3afde53c686ed0744c74bd230a34	-	-	MOB_Unknown	CAG38222	MPF_T	NC_006422_00012	-	-	conjugative	CP031654	1.0	Escherichia coli	AA379	AI397	-	-	-	-	-	-	-	non-mobilizable	p__Thermoproteota	c__Thermoprotei_A	o__Sulfolobales	f__Sulfolobaceae	g__Saccharolobus	s__Saccharolobus islandicus
NC_006423.1	1	26200	0.36263358778625954	5e56d1c414d84480c8737302d0fbff5c	-	-	-	-	-	-	-	-	non-mobilizable	CP031654	1.0	Escherichia coli	AA379	AI397	-	-	-	-	-	-	-	non-mobilizable	p__Thermoproteota	c__Thermoprotei_A	o__Sulfolobales	f__Sulfolobaceae	g__Saccharolobus	s__Saccharolobus islandicus
NC_006424.1	1	26476	0.3710152591025835	de4aea6af1f4399cb5800b1cf9f5f337	-	-	-	-	MPF_T	NC_006424_00012	-	-	non-mobilizable	CP031654	1.0	Escherichia coli	AA379	AI397	-	-	-	-	-	-	-	non-mobilizable	p__Thermoproteota	c__Thermoprotei_A	o__Sulfolobales	f__Sulfolobaceae	g__Saccharolobus	s__Saccharolobus islandicus
NC_006425.1	1	35422	0.3732143865394388	d5711202853f7b8bf119b64fc2c77104	rep_cluster_1343	000661__NC_006425_00045	MOB_Unknown	CAG38222	MPF_T	NC_006425_00013	-	-	conjugative	CP031654	1.0	Escherichia coli	AA379	AI397	-	-	-	-	-	-	-	non-mobilizable	p__Thermoproteota	c__Thermoprotei_A	o__Sulfolobales	f__Sulfolobaceae	g__Saccharolobus	s__Saccharolobus islandicus
NC_007427.1	1	130989	0.5722159876020124	506933120354080681358ebadaf13899	-	-	-	-	-	-	-	-	non-mobilizable	CP031654	1.0	Escherichia coli	AA379	AI397	-	-	-	-	-	-	-	non-mobilizable	p__Halobacteriota	c__Halobacteria	o__Halobacteriales	f__Haloarculaceae	g__Natronomonas	s__Natronomonas pharaonis
NC_007428.1	1	23486	0.6059354509069232	7f1c0909326725c6b7f02130d219c583	-	-	-	-	-	-	-	-	non-mobilizable	NC_007801	0.295981	Jannaschia sp. CCS1	AE299	AO051	-	-	-	-	-	-	-	non-mobilizable	p__Halobacteriota	c__Halobacteria	o__Halobacteriales	f__Haloarculaceae	g__Natronomonas	s__Natronomonas pharaonis
NC_008213.1	1	46867	0.47673202893293787	b7e95bff4017b597b6d89ad24f380127	-	-	-	-	-	-	-	-	non-mobilizable	CP031654	1.0	Escherichia coli	AA379	AI397	-	-	-	-	-	-	-	non-mobilizable	p__Halobacteriota	c__Halobacteria	o__Halobacteriales	f__Haloferacaceae	g__Haloquadratum	s__Haloquadratum walsbyi
NC_008696.1	1	31504	0.5654202640934485	2cbca0d0d31a262afb12eda7c5025219	-	-	-	-	-	-	-	-	non-mobilizable	NC_011667	0.295981	Thauera sp. MZ1T	AF383	AP325	-	-	-	-	-	-	-	non-mobilizable	p__Thermoproteota	c__Thermoprotei	o__Thermofilales	f__Thermofilaceae	g__Thermofilum_B	s__Thermofilum_B pendens
NC_009136.1	1	8285	0.2724200362100181	5c5af4f508fb2fcd474d2bf2c6bb62da	rep_cluster_11	000355__NC_001811_00002	-	-	-	-	-	-	non-mobilizable	CP031654	1.0	Escherichia coli	AA379	AI397	-	-	-	-	-	-	-	non-mobilizable	p__Methanobacteriota	c__Methanococci	o__Methanococcales	f__Methanococcaceae	g__Methanococcus	s__Methanococcus maripaludis_D
NC_009658.1	1	3619	0.45813760707377726	53d1170a97ebfe4361a7e799b6ff24ef	-	-	-	-	-	-	-	-	non-mobilizable	CP031654	1.0	Escherichia coli	AA379	AI397	-	-	-	-	-	-	-	non-mobilizable	p__Methanobacteriota_B	c__Thermococci	o__Thermococcales	f__Thermococcaceae	g__Thermococcus	s__Thermococcus nautili
NC_010011.1	1	5705	0.3872042068361087	a7a44453465b95c8f759ff600efd24d0	-	-	-	-	-	-	-	-	non-mobilizable	CP031654	1.0	Escherichia coli	AA379	AI397	-	-	-	-	-	-	-	non-mobilizable	p__Thermoproteota	c__Thermoprotei_A	o__Sulfolobales	f__Sulfolobaceae	g__Saccharolobus	s__Saccharolobus islandicus
NC_010088.1	1	12041	0.6131550535669795	60730c4a872ec1fb3fe65ffb966b8c13	-	-	-	-	-	-	-	-	non-mobilizable	CP022767	0.295981	Ralstonia solanacearum	AG445	AQ480	-	-	-	-	-	-	-	non-mobilizable	p__Halobacteriota	c__Halobacteria	o__Halobacteriales	f__Halobacteriaceae	g__Halobacterium	s__Halobacterium salinarum
NC_010365.1	1	6970	0.3945480631276901	926672c405f08cca973622aa6ee782d6	-	-	-	-	-	-	-	-	non-mobilizable	CP031654	1.0	Escherichia coli	AA379	AI397	-	-	-	-	-	-	-	non-mobilizable	p__Thermoproteota	c__Thermoprotei_A	o__Sulfolobales	f__Sulfolobaceae	g__Saccharolobus	s__Saccharolobus islandicus
NC_010366.1	1	147625	0.5744826418289585	3005e142b1a85f39960b23ca9490cb85	-	-	-	-	-	-	-	-	non-mobilizable	LR134455	0.295981	Tsukamurella tyrosinosolvens	AE457	AO240	-	-	-	-	-	-	-	non-mobilizable	p__Halobacteriota	c__Halobacteria	o__Halobacteriales	f__Halobacteriaceae	g__Halobacterium	s__Halobacterium salinarum
NC_010367.1	1	40894	0.579106959456155	15ca5fcc477d16e83d1628dfe0e63c53	-	-	-	-	-	-	-	-	non-mobilizable	NC_023068	0.295981	Streptomyces sp. F11	AG351	AQ382	-	-	-	-	-	-	-	non-mobilizable	p__Halobacteriota	c__Halobacteria	o__Halobacteriales	f__Halobacteriaceae	g__Halobacterium	s__Halobacterium salinarum
NC_010369.1	1	194963	0.585900914532501	f178ac6e6dc88fedfbd41679290b06ef	-	-	-	-	-	-	-	-	non-mobilizable	LR134455	0.295981	Tsukamurella tyrosinosolvens	AE457	AO240	-	-	-	-	-	-	-	non-mobilizable	p__Halobacteriota	c__Halobacteria	o__Halobacteriales	f__Halobacteriaceae	g__Halobacterium	s__Halobacterium salinarum
NC_010597.1	1	29000	0.35817241379310344	2e3f20d6bb318542f34f0927739bae40	-	-	-	-	MPF_T	NC_010597_00011	-	-	non-mobilizable	CP031654	1.0	Escherichia coli	AA379	AI397	-	-	-	-	-	-	-	non-mobilizable	p__Thermoproteota	c__Thermoprotei_A	o__Sulfolobales	f__Sulfolobaceae	g__Saccharolobus	s__Saccharolobus islandicus
NC_010598.1	1	25960	0.36733436055469953	dd841dcbebab6fc0aab1dab0ab0f54fe	-	-	MOB_Unknown	ABE99654	MPF_T	NC_010598_00011	-	-	conjugative	CP015644	0.295981	Staphylococcus simulans	AA564	AI778	-	-	-	-	-	-	-	non-mobilizable	p__Thermoproteota	c__Thermoprotei_A	o__Sulfolobales	f__Sulfolobaceae	g__Saccharolobus	s__Saccharolobus islandicus
NC_011299.1	1	28649	0.35920974554085655	2ce726def3489c4327546dfbc354efd5	-	-	-	-	-	-	-	-	non-mobilizable	CP033848	0.295981	Escherichia coli	AA378	AI390	-	-	-	-	-	-	-	non-mobilizable	p__Thermoproteota	c__Thermoprotei_A	o__Sulfolobales	f__Sulfolobaceae	g__Acidianus	s__Acidianus hospitalis
NC_012030.1	1	431338	0.5486092113377444	0fa74ddc3e7bb7f6b6ffbc8af217866a	-	-	-	-	MPF_unknown	NC_012030_00379	-	-	non-mobilizable	CP031654	1.0	Escherichia coli	AA379	AI397	-	-	-	-	-	-	-	non-mobilizable	p__Halobacteriota	c__Halobacteria	o__Halobacteriales	f__Haloferacaceae	g__Halorubrum	s__Halorubrum lacusprofundi
NC_012624.1	1	42245	0.3610841519706474	52769fd84a63941587052c8297ec6e71	-	-	-	-	-	-	-	-	non-mobilizable	AP019843	0.295981	Leptotrichia wadei	AF354	AP295	-	-	-	-	-	-	-	non-mobilizable	p__Thermoproteota	c__Thermoprotei_A	o__Sulfolobales	f__Sulfolobaceae	g__Saccharolobus	s__Saccharolobus islandicus
NC_012890.1	1	2802	0.3986438258386866	22f5e76a1c7b1d21d75ebeba530994fc	-	-	-	-	-	-	-	-	non-mobilizable	CP031654	1.0	Escherichia coli	AA379	AI397	-	-	-	-	-	-	-	non-mobilizable	p__Halobacteriota	c__Archaeoglobi	o__Archaeoglobales	f__Archaeoglobaceae	g__Archaeoglobus_B	s__Archaeoglobus_B profundus
NC_013157.1	1	22190	0.32785038305543035	d0c733132e2b9566a43f8f255e6dd1e3	-	-	-	-	-	-	-	-	non-mobilizable	CP031654	1.0	Escherichia coli	AA379	AI397	-	-	-	-	-	-	-	non-mobilizable	p__Methanobacteriota	c__Methanococci	o__Methanococcales	f__Methanocaldococcaceae	g__Methanocaldococcus	s__Methanocaldococcus fervens
NC_013201.1	1	221862	0.6415158972694738	77089b1272f7b394d785681064b31f9e	-	-	-	-	-	-	-	-	non-mobilizable	CP031654	1.0	Escherichia coli	AA379	AI397	-	-	-	-	-	-	-	non-mobilizable	p__Halobacteriota	c__Halobacteria	o__Halobacteriales	f__Haloarculaceae	g__Halomicrobium	s__Halomicrobium mukohataei
NC_013408.1	1	10704	0.4631913303437967	5f02f3376b696111e660579cee71871e	-	-	-	-	-	-	-	-	non-mobilizable	CP031654	1.0	Escherichia coli	AA379	AI397	-	-	-	-	-	-	-	non-mobilizable	p__Methanobacteriota	c__Methanococci	o__Methanococcales	f__Methanocaldococcaceae	g__Methanocaldococcus	s__Methanocaldococcus vulcanius
NC_013409.1	1	4704	0.3008078231292517	aebffc539ac0eafe0d703a2b17b1329b	-	-	-	-	-	-	-	-	non-mobilizable	CP031654	1.0	Escherichia coli	AA379	AI397	-	-	-	-	-	-	-	non-mobilizable	p__Methanobacteriota	c__Methanococci	o__Methanococcales	f__Methanocaldococcaceae	g__Methanocaldococcus	s__Methanocaldococcus vulcanius
NC_013536.1	1	2272	0.6769366197183099	456ce4a98a905b8048942bf59b5d292c	-	-	-	-	-	-	-	-	non-mobilizable	CP031654	1.0	Escherichia coli	AA379	AI397	-	-	-	-	-	-	-	non-mobilizable	p__Halobacteriota	c__Halobacteria	o__Halobacteriales	f__Natrialbaceae	g__Natrinema	s__Natrinema thermotolerans
NC_013742.1	1	2801	0.39842913245269546	a7fe3fe4eb904fb76f06cef2ad38467a	-	-	-	-	-	-	-	-	non-mobilizable	CP031654	1.0	Escherichia coli	AA379	AI397	-	-	-	-	-	-	-	non-mobilizable	p__Halobacteriota	c__Archaeoglobi	o__Archaeoglobales	f__Archaeoglobaceae	g__Archaeoglobus_B	s__Archaeoglobus_B profundus
NC_013744.1	1	698495	0.61158920249966	742cbdd2a18d090fab307afb2fe49abf	-	-	-	-	-	-	-	-	non-mobilizable	CP007745	0.295981	Burkholderia cepacia ATCC 25416	AF428	AP376	-	-	-	-	-	-	-	non-mobilizable	p__Halobacteriota	c__Halobacteria	o__Halobacteriales	f__Natrialbaceae	g__Haloterrigena	s__Haloterrigena turkmenica
NC_013745.1	1	413648	0.5975370363207365	7e93f4da707ada5e284ee0fb4f88fb68	-	-	-	-	-	-	-	-	non-mobilizable	LR134470	0.295981	Tsukamurella tyrosinosolvens	AG100	AQ117	-	-	-	-	-	-	-	non-mobilizable	p__Halobacteriota	c__Halobacteria	o__Halobacteriales	f__Natrialbaceae	g__Haloterrigena	s__Haloterrigena turkmenica
NC_013746.1	1	180781	0.5472975589248871	860237e65051780c59d4bc8af8058bd2	-	-	-	-	MPF_T	NC_013746_00233	-	-	non-mobilizable	CP031654	1.0	Escherichia coli	AA379	AI397	-	-	-	-	-	-	-	non-mobilizable	p__Halobacteriota	c__Halobacteria	o__Halobacteriales	f__Natrialbaceae	g__Haloterrigena	s__Haloterrigena turkmenica
NC_013747.1	1	171943	0.6460862029858733	4e5f944edfdfb04e8b3d355e816a66a5	-	-	-	-	-	-	-	-	non-mobilizable	CP020613	0.295981	Paracoccus contaminans	AF906	AP914	-	-	-	-	-	-	-	non-mobilizable	p__Halobacteriota	c__Halobacteria	o__Halobacteriales	f__Natrialbaceae	g__Haloterrigena	s__Haloterrigena turkmenica
NC_013748.1	1	71062	0.5995609467788692	8cc2fa99908c2621bf9a4a318bb0cf27	-	-	-	-	-	-	-	-	non-mobilizable	CP031654	1.0	Escherichia coli	AA379	AI397	-	-	-	-	-	-	-	non-mobilizable	p__Halobacteriota	c__Halobacteria	o__Halobacteriales	f__Natrialbaceae	g__Haloterrigena	s__Haloterrigena turkmenica
NC_013749.1	1	15815	0.5814732848561492	32ba60e6df24419002022f9791596f25	-	-	-	-	-	-	-	-	non-mobilizable	CP031654	1.0	Escherichia coli	AA379	AI397	-	-	-	-	-	-	-	non-mobilizable	p__Halobacteriota	c__Halobacteria	o__Halobacteriales	f__Natrialbaceae	g__Haloterrigena	s__Haloterrigena turkmenica
NC_013770.1	1	26615	0.36141273717828293	126af83e887563ee2fdee4527bdf4245	-	-	-	-	-	-	-	-	non-mobilizable	CP031654	1.0	Escherichia coli	AA379	AI397	-	-	-	-	-	-	-	non-mobilizable	p__Thermoproteota	c__Thermoprotei_A	o__Sulfolobales	f__Sulfolobaceae	g__Saccharolobus	s__Saccharolobus islandicus
NC_013777.1	1	5740	0.39041811846689894	3780757b6e3a1e4ef9759c999008f246	-	-	-	-	-	-	-	-	non-mobilizable	CP012741	0.295981	Vibrio vulnificus	AD412	AM968	-	-	-	-	-	-	-	non-mobilizable	p__Thermoproteota	c__Thermoprotei_A	o__Sulfolobales	f__Sulfolobaceae	g__Saccharolobus	s__Saccharolobus solfataricus
NC_013888.1	1	12197	0.31647126342543247	3b2dbb8aa3d00028d4a3e4bd5dd5d8c0	-	-	-	-	-	-	-	-	non-mobilizable	CP031654	1.0	Escherichia coli	AA379	AI397	-	-	-	-	-	-	-	non-mobilizable	p__Methanobacteriota	c__Methanococci	o__Methanococcales	f__Methanocaldococcaceae	g__Methanocaldococcus	s__Methanocaldococcus sp000025525
NC_013923.1	1	378348	0.6009176736760866	19d8f60366ab1cea88a878c5b1d13158	-	-	-	-	-	-	-	-	non-mobilizable	CP040761	0.295981	Paracoccus sp. 2251	AB554	AK390	-	-	-	-	-	-	-	non-mobilizable	p__Halobacteriota	c__Halobacteria	o__Halobacteriales	f__Natrialbaceae	g__Natrialba	s__Natrialba magadii
NC_013924.1	1	254950	0.5682329868601687	12b5a1c82cf32ddab42cd9b4cf334c5f	-	-	-	-	-	-	-	-	non-mobilizable	CP020041	0.295981	Streptomyces sp. 3211	AG373	AQ404	-	-	-	-	-	-	-	non-mobilizable	p__Halobacteriota	c__Halobacteria	o__Halobacteriales	f__Natrialbaceae	g__Natrialba	s__Natrialba magadii
NC_013925.1	1	58487	0.6189922546890763	ee3a29697f9a4b9f704889f7cebc96a2	-	-	-	-	-	-	-	-	non-mobilizable	CP031654	1.0	Escherichia coli	AA379	AI397	-	-	-	-	-	-	-	non-mobilizable	p__Halobacteriota	c__Halobacteria	o__Halobacteriales	f__Natrialbaceae	g__Natrialba	s__Natrialba magadii
NC_013964.1	1	437906	0.6555950363776701	d4597c44a14b2b81f90c854fda9a6e38	-	-	-	-	-	-	-	-	non-mobilizable	CP026928	0.295981	Agrobacterium tumefaciens	AB152	AJ761	-	-	-	-	-	-	-	non-mobilizable	p__Halobacteriota	c__Halobacteria	o__Halobacteriales	f__Haloferacaceae	g__Haloferax	s__Haloferax volcanii
NC_013965.1	1	6359	0.5606227394244379	542b2d50de187496a4204df7f880234b	-	-	-	-	-	-	-	-	non-mobilizable	-	1	-	-	-	-	-	-	-	-	-	-	non-mobilizable	p__Halobacteriota	c__Halobacteria	o__Halobacteriales	f__Haloferacaceae	g__Haloferax	s__Haloferax volcanii
NC_013966.1	1	635786	0.6166524585316443	1f9d9b7b7bc83dd49a7573facd3a128b	-	-	-	-	-	-	-	-	non-mobilizable	CP029555	0.295981	Chromobacterium sp. IIBBL 274-1	AB197	AJ868	-	-	-	-	-	-	-	non-mobilizable	p__Halobacteriota	c__Halobacteria	o__Halobacteriales	f__Haloferacaceae	g__Haloferax	s__Haloferax volcanii
NC_013968.1	1	85092	0.5549875428947492	c56486afdb11ecb9810935cf9d39b60c	-	-	-	-	-	-	-	-	non-mobilizable	CP014515	0.295981	Frondihabitans sp. PAMC 28766	AF546	AP508	-	-	-	-	-	-	-	non-mobilizable	p__Halobacteriota	c__Halobacteria	o__Halobacteriales	f__Haloferacaceae	g__Haloferax	s__Haloferax volcanii
NC_014115.1	1	13015	0.48367268536304264	cf26225c7082e5c68d6e9bf6abb38950	-	-	-	-	-	-	-	-	non-mobilizable	CP031654	1.0	Escherichia coli	AA379	AI397	-	-	-	-	-	-	-	non-mobilizable	p__Methanobacteriota_B	c__Thermococci	o__Thermococcales	f__Thermococcaceae	g__Thermococcus	s__Thermococcus nautili
NC_014254.1	1	163915	0.3363633590580484	6a43f9cc653740ed7873099a1d42a4a8	-	-	-	-	-	-	-	-	non-mobilizable	-	1	-	-	-	-	-	-	-	-	-	-	non-mobilizable	p__Halobacteriota	c__Methanosarcinia	o__Methanosarcinales	f__Methanosarcinaceae	g__Methanohalobium	s__Methanohalobium evestigatum
NC_014298.1	1	406285	0.5526563865266992	611a36a07f631c04b528117b6330d0c9	-	-	-	-	-	-	-	-	non-mobilizable	CP031654	1.0	Escherichia coli	AA379	AI397	-	-	-	-	-	-	-	non-mobilizable	p__Halobacteriota	c__Halobacteria	o__Halobacteriales	f__Halalkalicoccaceae	g__Halalkalicoccus	s__Halalkalicoccus jeotgali
NC_014299.1	1	363534	0.5416329696809652	7eb4a3005cb497f2cecbf55cec08dee5	-	-	MOBP	NC_014299_00210	MPF_T	NC_014299_00035,NC_014299_00211	-	-	conjugative	CP026928	0.295981	Agrobacterium tumefaciens	AB152	AJ761	-	-	-	-	-	-	-		p__Halobacteriota	c__Halobacteria	o__Halobacteriales	f__Halalkalicoccaceae	g__Halalkalicoccus	s__Halalkalicoccus jeotgali
NC_014300.1	1	44576	0.5890165111270639	d235569ec374c30ebe76f0abc028d808	-	-	-	-	MPF_unknown	NC_014300_00024	-	-	non-mobilizable	CP031654	1.0	Escherichia coli	AA379	AI397	-	-	-	-	-	-	-	non-mobilizable	p__Halobacteriota	c__Halobacteria	o__Halobacteriales	f__Halalkalicoccaceae	g__Halalkalicoccus	s__Halalkalicoccus jeotgali
NC_014301.1	1	44459	0.5491126656020153	21c75b5b77f1f8ddca03c4a29594b198	-	-	-	-	MPF_T	NC_014299_00035	-	-	non-mobilizable	CP031654	1.0	Escherichia coli	AA379	AI397	-	-	-	-	-	-	-	mobilizable	p__Halobacteriota	c__Halobacteria	o__Halobacteriales	f__Halalkalicoccaceae	g__Halalkalicoccus	s__Halalkalicoccus jeotgali
NC_014302.1	1	23727	0.47641926918700217	38bab591705cf94c87010ba751a5aaf6	-	-	-	-	-	-	-	-	non-mobilizable	CP031654	1.0	Escherichia coli	AA379	AI397	-	-	-	-	-	-	-	non-mobilizable	p__Halobacteriota	c__Halobacteria	o__Halobacteriales	f__Halalkalicoccaceae	g__Halalkalicoccus	s__Halalkalicoccus jeotgali
NC_014303.1	1	6951	0.605955977557186	44870ab1031233f8c6ed9684f4020c8d	-	-	-	-	-	-	-	-	non-mobilizable	CP031654	1.0	Escherichia coli	AA379	AI397	-	-	-	-	-	-	-	non-mobilizable	p__Halobacteriota	c__Halobacteria	o__Halobacteriales	f__Halalkalicoccaceae	g__Halalkalicoccus	s__Halalkalicoccus jeotgali
NC_014409.1	1	4440	0.4540540540540541	292eb74013b932c109053b2dfd3fb49d	rep_cluster_22	001489__NC_014409_00001	-	-	-	-	-	-	non-mobilizable	CP031654	1.0	Escherichia coli	AA379	AI397	-	-	-	-	-	-	-	non-mobilizable	p__Methanobacteriota	c__Methanobacteria	o__Methanobacteriales	f__Methanothermobacteraceae	g__Methanothermobacter	s__Methanothermobacter marburgensis
NC_014731.1	1	339010	0.5725760302055987	ee51d682b6bce9e907dac5dae7c7afc2	-	-	-	-	-	-	-	-	non-mobilizable	CP031654	1.0	Escherichia coli	AA379	AI397	-	-	-	-	-	-	-	non-mobilizable	p__Halobacteriota	c__Halobacteria	o__Halobacteriales	f__Haloferacaceae	g__Halogeometricum	s__Halogeometricum borinquense
NC_014732.1	1	194834	0.5882700144738598	5b5ce2ba5892732844648e4cd44c4e34	-	-	-	-	-	-	-	-	non-mobilizable	CP031654	1.0	Escherichia coli	AA379	AI397	-	-	-	-	-	-	-	non-mobilizable	p__Halobacteriota	c__Halobacteria	o__Halobacteriales	f__Haloferacaceae	g__Halogeometricum	s__Halogeometricum borinquense
NC_014735.1	1	362194	0.5610170240257983	737a2cb4b6c3b43d4935bec4d78d9ac1	-	-	-	-	-	-	-	-	non-mobilizable	CP026928	0.295981	Agrobacterium tumefaciens	AB152	AJ761	-	-	-	-	-	-	-	non-mobilizable	p__Halobacteriota	c__Halobacteria	o__Halobacteriales	f__Haloferacaceae	g__Halogeometricum	s__Halogeometricum borinquense
NC_014736.1	1	210350	0.564559068219634	b145abda30e1030ce20b643ef106d18e	-	-	-	-	-	-	-	-	non-mobilizable	CP031654	1.0	Escherichia coli	AA379	AI397	-	-	-	-	-	-	-	non-mobilizable	p__Halobacteriota	c__Halobacteria	o__Halobacteriales	f__Haloferacaceae	g__Halogeometricum	s__Halogeometricum borinquense
NC_014737.1	1	17535	0.6464784716281722	587c72ee54d9783011d9aac36d6f0eb0	-	-	-	-	-	-	-	-	non-mobilizable	CP031654	1.0	Escherichia coli	AA379	AI397	-	-	-	-	-	-	-	non-mobilizable	p__Halobacteriota	c__Halobacteria	o__Halobacteriales	f__Haloferacaceae	g__Halogeometricum	s__Halogeometricum borinquense
NC_015430.1	1	18019	0.438814584605139	a18405e75af7ced2c5eadb32f96503e6	-	-	-	-	-	-	-	-	non-mobilizable	CP031654	1.0	Escherichia coli	AA379	AI397	-	-	-	-	-	-	-	non-mobilizable	p__Halobacteriota	c__Methanosarcinia	o__Methanotrichales	f__Methanotrichaceae	g__Methanothrix	s__Methanothrix soehngenii
NC_015471.1	1	54159	0.38322347162983067	09a825fe4466686223871ba8350868d7	-	-	-	-	-	-	-	-	non-mobilizable	MG205641	0.295981	Paeniclostridium sordellii	AD705	AN335	-	-	-	-	-	-	-	non-mobilizable	p__Methanobacteriota_B	c__Thermococci	o__Thermococcales	f__Thermococcaceae	g__Thermococcus_B	s__Thermococcus_B barophilus
NC_015632.1	1	14930	0.26838580040187543	fc109236fe6981dc007b6b31fceba448	rep_cluster_20	001436__NC_015632_00002	-	-	-	-	-	-	non-mobilizable	CP033812	0.295981	Staphylococcus haemolyticus	AH080	AR136	-	-	-	-	-	-	-	non-mobilizable	p__Methanobacteriota	c__Methanococci	o__Methanococcales	f__Methanococcaceae	g__Methanothermococcus_A	s__Methanothermococcus_A okinawensis
NC_015658.1	1	436718	0.6153215576184173	b84a7d0eee83dadd52e093457b806048	-	-	-	-	-	-	-	-	non-mobilizable	CP007745	0.295981	Burkholderia cepacia ATCC 25416	AF428	AP376	-	-	-	-	-	-	-	non-mobilizable	p__Halobacteriota	c__Halobacteria	o__Halobacteriales	f__Natrialbaceae	g__Halopiger	s__Halopiger xanaduensis
NC_015659.1	1	68763	0.6215115687215509	176dee9e474c9e012273e98cecc42091	-	-	-	-	-	-	-	-	non-mobilizable	CP031654	1.0	Escherichia coli	AA379	AI397	-	-	-	-	-	-	-	non-mobilizable	p__Halobacteriota	c__Halobacteria	o__Halobacteriales	f__Natrialbaceae	g__Halopiger	s__Halopiger xanaduensis
NC_015667.1	1	181778	0.5899723838968413	89acadde559b0259b2b31e13a27380b9	-	-	-	-	MPF_T	NC_002608_00127,NC_015667_00008	-	-	non-mobilizable	CP015733	0.295981	Arthrobacter sp. U41	AG151	AQ172	-	-	-	-	-	-	-	non-mobilizable	p__Halobacteriota	c__Halobacteria	o__Halobacteriales	f__Natrialbaceae	g__Halopiger	s__Halopiger xanaduensis
NC_015944.1	1	405816	0.5988723953713013	9926c8ab78a52a9446307525db50f1f3	-	-	-	-	-	-	-	-	non-mobilizable	CP031755	0.295981	Rhodobacter sphaeroides	AG653	AQ704	-	-	-	-	-	-	-	non-mobilizable	p__Halobacteriota	c__Halobacteria	o__Halobacteriales	f__Haloarculaceae	g__Haloarcula	s__Haloarcula hispanica
NC_016049.1	1	7646	0.30538843839916296	52faff748c26291258ab932d7066f447	-	-	-	-	-	-	-	-	non-mobilizable	NC_012232	0.295981	Borreliella burgdorferi 118a	AC799	AM138	-	-	-	-	-	-	-	non-mobilizable	p__Thermoplasmatota	c__Thermoplasmata	o__Thermoplasmatales	f__Thermoplasmataceae	g__Picrophilus	s__Picrophilus oshimae
NC_016637.1	1	11991	0.5397381369360353	b061a15e7faf2e794c2ffbed114708a0	-	-	-	-	-	-	-	-	non-mobilizable	CP031654	1.0	Escherichia coli	AA379	AI397	-	-	-	-	-	-	-	non-mobilizable	p__Halobacteriota	c__Methanosarcinia	o__Methanotrichales	f__Methanotrichaceae	g__Methanothrix_A	s__Methanothrix_A harundinacea_E
NC_017457.1	1	100258	0.43856849328731873	5cf81097ad2d41cdd3e4ebe4bca0753e	-	-	-	-	-	-	-	-	non-mobilizable	CP031654	1.0	Escherichia coli	AA379	AI397	-	-	-	-	-	-	-	non-mobilizable	p__Halobacteriota	c__Halobacteria	o__Halobacteriales	f__Haloferacaceae	g__Haloquadratum	s__Haloquadratum walsbyi
NC_017458.1	1	6056	0.5203104359313078	af607ead68af83961adece1d6befcde0	-	-	-	-	-	-	-	-	non-mobilizable	CP031654	1.0	Escherichia coli	AA379	AI397	-	-	-	-	-	-	-	non-mobilizable	p__Halobacteriota	c__Halobacteria	o__Halobacteriales	f__Haloferacaceae	g__Haloquadratum	s__Haloquadratum walsbyi
NC_017460.1	1	6129	0.5105237395986295	53e0d930321843aee5fee7dcc9082011	-	-	-	-	-	-	-	-	non-mobilizable	CP031654	1.0	Escherichia coli	AA379	AI397	-	-	-	-	-	-	-	non-mobilizable	p__Halobacteriota	c__Halobacteria	o__Halobacteriales	f__Haloferacaceae	g__Haloquadratum	s__Haloquadratum walsbyi
NC_017942.1	1	129210	0.575574645925238	c2107c1778df41e19af03c42774f4976	-	-	-	-	-	-	-	-	non-mobilizable	CP031654	1.0	Escherichia coli	AA379	AI397	-	-	-	-	-	-	-	non-mobilizable	p__Halobacteriota	c__Halobacteria	o__Halobacteriales	f__Haloferacaceae	g__Haloferax	s__Haloferax mediterranei
NC_017943.1	1	321908	0.5789853001478683	b07566aa3ec671487eaf4574644091e8	-	-	-	-	-	-	-	-	non-mobilizable	LR134455	0.295981	Tsukamurella tyrosinosolvens	AE457	AO240	-	-	-	-	-	-	-	non-mobilizable	p__Halobacteriota	c__Halobacteria	o__Halobacteriales	f__Haloferacaceae	g__Haloferax	s__Haloferax mediterranei
NC_017944.1	1	504705	0.5751022874748616	2368f8de37e3640cc93e21b8713e07ee	-	-	-	-	-	-	-	-	non-mobilizable	JX683454	0.295981	Agrobacterium tumefaciens	AC837	AM187	-	-	-	-	-	-	-	non-mobilizable	p__Halobacteriota	c__Halobacteria	o__Halobacteriales	f__Haloferacaceae	g__Haloferax	s__Haloferax mediterranei
NC_018225.1	1	95989	0.5860463178072487	82a94084e3c10fd1b716787ae315e4d9	-	-	-	-	MPF_T	NC_002608_00127,NC_002608_00126	-	-	non-mobilizable	CP014802	0.295981	Salipiger profundus	AC364	AL532	-	-	-	-	-	-	-	non-mobilizable	p__Halobacteriota	c__Halobacteria	o__Halobacteriales	f__Natrialbaceae	g__Natrinema	s__Natrinema gari
NC_019285.1	1	10795	0.6100046317739695	70c49f9c91bcb3dcfd3a56c27234052a	-	-	-	-	-	-	-	-	non-mobilizable	CP031654	1.0	Escherichia coli	AA379	AI397	-	-	-	-	-	-	-	non-mobilizable	p__Halobacteriota	c__Halobacteria	o__Halobacteriales	f__Haloferacaceae	g__Haloferax	s__Haloferax volcanii
NC_019963.1	1	275821	0.5834436101674637	3e3a442473452f9df28ef0a7e0b3031e	-	-	-	-	MPF_T	NC_015955_00255,NC_019963_00206,NC_019963_00204	-	-	non-mobilizable	LR134445	0.295981	Tsukamurella tyrosinosolvens	AF049	AO952	-	-	-	-	-	-	-	non-mobilizable	p__Halobacteriota	c__Halobacteria	o__Halobacteriales	f__Natrialbaceae	g__Natrinema	s__Natrinema pellirubrum
NC_019967.1	1	287800	0.5701285615010424	fb2c4c530d5d2f06abd87296680fe67e	-	-	-	-	MPF_T	NC_019963_00206	-	-	non-mobilizable	CP031654	1.0	Escherichia coli	AA379	AI397	-	-	-	-	-	-	-	non-mobilizable	p__Halobacteriota	c__Halobacteria	o__Halobacteriales	f__Natrialbaceae	g__Natrinema	s__Natrinema pellirubrum
NC_019972.1	1	285109	0.3541733161703068	5929bfcb1d8f17913d35ed2e876960a9	rep_cluster_57	001968__NC_019972_00156	-	-	-	-	-	-	non-mobilizable	NC_011875	0.295981	Borreliella garinii Far04	AD256	AM735	-	-	-	-	-	-	-	non-mobilizable	p__Halobacteriota	c__Methanosarcinia	o__Methanosarcinales	f__Methanosarcinaceae	g__Methanomethylovorans	s__Methanomethylovorans hollandica
NC_019975.1	1	12939	0.5484195069170724	038122309f016705428fe06d35d4bd6f	-	-	-	-	-	-	-	-	non-mobilizable	CP031654	1.0	Escherichia coli	AA379	AI397	-	-	-	-	-	-	-	non-mobilizable	p__Halobacteriota	c__Halobacteria	o__Halobacteriales	f__Natrialbaceae	g__Natronococcus	s__Natronococcus occultus
NC_019976.1	1	287963	0.6131204356115195	7c1ee53b05265672c460b5aa5e69f812	-	-	-	-	-	-	-	-	non-mobilizable	CP001647	0.295981	Ralstonia pickettii 12D	AE834	AO696	-	-	-	-	-	-	-	non-mobilizable	p__Halobacteriota	c__Halobacteria	o__Halobacteriales	f__Natrialbaceae	g__Natronococcus	s__Natronococcus occultus
NC_021913.1	1	330369	0.5740944216921079	bcbbcbb89b1590cd3c185ff83a25d89b	rep_cluster_15,rep_cluster_31	000836__NC_021913_00326,001620__NC_021913_00176	-	-	-	-	-	-	non-mobilizable	NC_019763	0.295981	Oscillatoria nigro-viridis PCC 7112	AG189	AQ210	-	-	-	-	-	-	-	non-mobilizable	p__Halobacteriota	c__Halobacteria	o__Halobacteriales	f__Haloarculaceae	g__Halorhabdus	s__Halorhabdus tiamatea
NC_021914.1	1	27975	0.3954602323503128	0d421bc70f5471a76c70fc996cab4ca8	-	-	-	-	-	-	-	-	non-mobilizable	CP031654	1.0	Escherichia coli	AA379	AI397	-	-	-	-	-	-	-	non-mobilizable	p__Thermoproteota	c__Thermoprotei_A	o__Sulfolobales	f__Sulfolobaceae	g__Saccharolobus	s__Saccharolobus solfataricus
NC_023011.1	1	125764	0.5531392131293534	a659fafec23633b2d63e416a42176544	-	-	-	-	MPF_T	NC_006393_00092	-	-	non-mobilizable	NC_021278	0.295981	Mycobacteroides abscessus subsp. bolletii 50594	AG700	AQ754	-	-	-	-	-	-	-	mobilizable	p__Halobacteriota	c__Halobacteria	o__Halobacteriales	f__Haloarculaceae	g__Haloarcula	s__Haloarcula hispanica
NC_025188.1	1	13053	0.6637554585152838	0b1e4dc646bfb171bbfe41c1ab4f895d	-	-	-	-	-	-	-	-	non-mobilizable	CP031654	1.0	Escherichia coli	AA379	AI397	-	-	-	-	-	-	-	non-mobilizable	p__Halobacteriota	c__Halobacteria	o__Halobacteriales	f__Haloferacaceae	g__Halorubrum	s__Halorubrum sp000296615
NZ_AP011527.1	1	12084	0.28914266799073157	3e01c14ea40ad15acc92d45d7a3c8760	-	-	-	-	-	-	-	-	non-mobilizable	CP031654	1.0	Escherichia coli	AA379	AI397	-	-	-	-	-	-	-	non-mobilizable	p__Methanobacteriota	c__Methanococci	o__Methanococcales	f__Methanococcaceae	g__Methanococcus	s__Methanococcus maripaludis
NZ_AP011953.1	1	11015	0.4250567408079891	74a2f004215af8f245c9a2b41113aa2f	-	-	-	-	-	-	-	-	non-mobilizable	CP031654	1.0	Escherichia coli	AA379	AI397	-	-	-	-	-	-	-	non-mobilizable	p__Methanobacteriota	c__Methanobacteria	o__Methanobacteriales	f__Methanothermobacteraceae	g__Methanothermobacter	s__Methanothermobacter sp000828575
NZ_AP017559.1	1	138020	0.5320315896246921	7d0c1ef906fe79a0625bc352187e1b60	-	-	-	-	-	-	-	-	non-mobilizable	CP004854	0.295981	Alteromonas mediterranea UM7	AF003	AO900	-	-	-	-	-	-	-	non-mobilizable	p__Halobacteriota	c__Halobacteria	o__Halobacteriales	f__Haloferacaceae	g__Halopenitus	s__Halopenitus persicus_A
NZ_AP017570.1	1	141523	0.5647138627643563	9491b753558598d614457ff007e32e3b	-	-	-	-	MPF_T	NC_002608_00127,NC_002608_00126	-	-	non-mobilizable	CP032182	0.295981	Citrobacter freundii	AE227	AN960	-	-	-	-	-	-	-	non-mobilizable	p__Halobacteriota	c__Halobacteria	o__Halobacteriales	f__Haloferacaceae	g__Halorubrum	s__Halorubrum trapanicum_A
NZ_AP017571.1	1	103081	0.5771286658065017	8cc9fd48123c000143749b7879c83447	-	-	-	-	MPF_T	NC_002608_00127	-	-	non-mobilizable	CP031654	1.0	Escherichia coli	AA379	AI397	-	-	-	-	-	-	-	non-mobilizable	p__Halobacteriota	c__Halobacteria	o__Halobacteriales	f__Haloferacaceae	g__Halorubrum	s__Halorubrum trapanicum_A
NZ_AP025699.1	1	22428	0.38407347957909754	111dc984fb00cb55e2bd7a497d199c6c	-	-	-	-	-	-	-	-	non-mobilizable	NC_011775	0.295981	Bacillus cereus G9842	AG554	AQ601	-	-	-	-	-	-	-	non-mobilizable	p__Methanobacteriota	c__Methanobacteria	o__Methanobacteriales	f__Methanothermobacteraceae_A	g__Methanothermobacter_A	s__Methanothermobacter_A tenebrarum
NZ_CP007056.1	1	573680	0.5982638404685539	f1aafafb5cbfea223745fb27e9cf4d99	-	-	-	-	-	-	-	-	non-mobilizable	CP016441	0.295981	Bordetella pseudohinzii	AH111	AR167	-	-	-	-	-	-	-	non-mobilizable	p__Halobacteriota	c__Halobacteria	o__Halobacteriales	f__Natrialbaceae	g__Halostagnicola	s__Halostagnicola larsenii
NZ_CP007057.1	1	464581	0.5696961347967309	bf098b74493a298919b26824336f5c51	-	-	-	-	-	-	-	-	non-mobilizable	CP031654	1.0	Escherichia coli	AA379	AI397	-	-	-	-	-	-	-	non-mobilizable	p__Halobacteriota	c__Halobacteria	o__Halobacteriales	f__Natrialbaceae	g__Halostagnicola	s__Halostagnicola larsenii
NZ_CP007058.1	1	172663	0.5919218361779883	5e4450d4c069b9e7b37dab89eeb2831b	-	-	-	-	-	-	-	-	non-mobilizable	CP036430	0.295981	Planctomycetes bacterium ElP	AH462	AR518	-	-	-	-	-	-	-	non-mobilizable	p__Halobacteriota	c__Halobacteria	o__Halobacteriales	f__Natrialbaceae	g__Halostagnicola	s__Halostagnicola larsenii
NZ_CP007059.1	1	130926	0.5942364389044192	f8f65b8dd34c32a907a907f08015ce45	-	-	-	-	-	-	-	-	non-mobilizable	CP024423	0.295981	Paracoccus yeei	AF954	AP963	-	-	-	-	-	-	-	non-mobilizable	p__Halobacteriota	c__Halobacteria	o__Halobacteriales	f__Natrialbaceae	g__Halostagnicola	s__Halostagnicola larsenii
NZ_CP007552.1	1	131983	0.5727030181757545	e3dc5093149c91d782d954b83f83f6f7	-	-	-	-	-	-	-	-	non-mobilizable	CP031654	1.0	Escherichia coli	AA379	AI397	-	-	-	-	-	-	-	non-mobilizable	p__Halobacteriota	c__Halobacteria	o__Halobacteriales	f__Haloferacaceae	g__Haloferax	s__Haloferax mediterranei
NZ_CP007554.1	1	505931	0.575062521623091	68f9cc85ae02dbeaa2394f9349814045	-	-	-	-	-	-	-	-	non-mobilizable	JX683454	0.295981	Agrobacterium tumefaciens	AC837	AM187	-	-	-	-	-	-	-	non-mobilizable	p__Halobacteriota	c__Halobacteria	o__Halobacteriales	f__Haloferacaceae	g__Haloferax	s__Haloferax mediterranei
NZ_CP008875.1	1	124256	0.554065799639454	f8d30fa77fa01cb2e4df8311e85fc632	-	-	-	-	MPF_T	NC_002608_00127,NC_002608_00126	-	-	non-mobilizable	CP042995	0.295981	Acinetobacter nosocomialis	AB410	AK180	-	-	-	-	-	-	-	non-mobilizable	p__Halobacteriota	c__Halobacteria	o__Halobacteriales	f__Halobacteriaceae	g__Halanaeroarchaeum	s__Halanaeroarchaeum sulfurireducens
NZ_CP008888.1	1	3629	0.4670708184072747	3aa1561c561100b94f9ea9e427da793a	-	-	-	-	-	-	-	-	non-mobilizable	CP031654	1.0	Escherichia coli	AA379	AI397	-	-	-	-	-	-	-	non-mobilizable	p__Methanobacteriota_B	c__Thermococci	o__Thermococcales	f__Thermococcaceae	g__Thermococcus	s__Thermococcus eurythermalis
NZ_CP009519.1	1	58133	0.34543202655978533	93e48d03afda4b9a1483dac81a16abf0	-	-	-	-	-	-	-	-	non-mobilizable	CP031654	1.0	Escherichia coli	AA379	AI397	-	-	-	-	-	-	-	non-mobilizable	p__Halobacteriota	c__Methanosarcinia	o__Methanosarcinales	f__Methanosarcinaceae	g__Methanosarcina	s__Methanosarcina vacuolata
NZ_CP009523.1	1	54381	0.3431529394457623	08df339c2002153cea24908bc18bcc21	-	-	-	-	-	-	-	-	non-mobilizable	CP031654	1.0	Escherichia coli	AA379	AI397	-	-	-	-	-	-	-	non-mobilizable	p__Halobacteriota	c__Methanosarcinia	o__Methanosarcinales	f__Methanosarcinaceae	g__Methanosarcina	s__Methanosarcina vacuolata
NZ_CP009525.1	1	32371	0.3432139214292338	de415ed5fbe798809cf116f512be8a82	-	-	-	-	-	-	-	-	non-mobilizable	CP001529	0.295981	Borreliella burgdorferi 118a	AB806	AK750	-	-	-	-	-	-	-	non-mobilizable	p__Halobacteriota	c__Methanosarcinia	o__Methanosarcinales	f__Methanosarcinaceae	g__Methanosarcina	s__Methanosarcina barkeri_B
NZ_CP009527.1	1	41698	0.3584584392536812	2dbfa5bbd182dad8d2c255d8ceb70218	-	-	-	-	-	-	-	-	non-mobilizable	CP014175	0.295981	Clostridium argentinense	AC496	AL707	-	-	-	-	-	-	-	non-mobilizable	p__Halobacteriota	c__Methanosarcinia	o__Methanosarcinales	f__Methanosarcinaceae	g__Methanosarcina	s__Methanosarcina barkeri
NZ_CP009529.1	1	39586	0.35787904814833527	2a55310021c0548cc8b087b3fb74f404	-	-	-	-	-	-	-	-	non-mobilizable	CP014175	0.295981	Clostridium argentinense	AC496	AL707	-	-	-	-	-	-	-	non-mobilizable	p__Halobacteriota	c__Methanosarcinia	o__Methanosarcinales	f__Methanosarcinaceae	g__Methanosarcina	s__Methanosarcina barkeri
NZ_CP010530.1	1	405316	0.5985157260014409	ad2ebead84e878a1f07b6cf71967a8e7	-	-	-	-	-	-	-	-	non-mobilizable	CP031755	0.295981	Rhodobacter sphaeroides	AG653	AQ704	-	-	-	-	-	-	-	non-mobilizable	p__Halobacteriota	c__Halobacteria	o__Halobacteriales	f__Haloarculaceae	g__Haloarcula	s__Haloarcula hispanica
NZ_CP010531.1	1	133853	0.5538912090128724	3fe854b4dda59394a61b66019b7a7beb	-	-	-	-	-	-	-	-	non-mobilizable	NC_009829	0.295981	Serratia proteamaculans 568	AF771	AP768	-	-	-	-	-	-	-	non-mobilizable	p__Halobacteriota	c__Halobacteria	o__Halobacteriales	f__Haloarculaceae	g__Haloarcula	s__Haloarcula hispanica
NZ_CP010532.1	1	116496	0.5420357780524653	bedcac420ddf5c7c0f98c3129c15e051	-	-	-	-	MPF_T	NC_006393_00092	-	-	non-mobilizable	CP031654	1.0	Escherichia coli	AA379	AI397	-	-	-	-	-	-	-	mobilizable	p__Halobacteriota	c__Halobacteria	o__Halobacteriales	f__Haloarculaceae	g__Haloarcula	s__Haloarcula hispanica
NZ_CP010533.1	1	104322	0.5374896953662698	8a885d05723a7961dba249167ff84a9f	-	-	-	-	MPF_T	NC_006393_00092	-	-	non-mobilizable	CP031654	1.0	Escherichia coli	AA379	AI397	-	-	-	-	-	-	-	mobilizable	p__Halobacteriota	c__Halobacteria	o__Halobacteriales	f__Haloarculaceae	g__Haloarcula	s__Haloarcula hispanica
NZ_CP010534.1	1	41915	0.6181796492902303	929cf4c4fc2ce53a421b70a47232af0f	-	-	-	-	-	-	-	-	non-mobilizable	CP031654	1.0	Escherichia coli	AA379	AI397	-	-	-	-	-	-	-	non-mobilizable	p__Halobacteriota	c__Halobacteria	o__Halobacteriales	f__Haloarculaceae	g__Haloarcula	s__Haloarcula hispanica
NZ_CP011565.1	1	124256	0.553961176925058	62b834e0a4e6a0427f639bf26d9b983a	-	-	-	-	MPF_T	NC_002608_00127,NC_002608_00126	-	-	non-mobilizable	CP042995	0.295981	Acinetobacter nosocomialis	AB410	AK180	-	-	-	-	-	-	-	non-mobilizable	p__Halobacteriota	c__Halobacteria	o__Halobacteriales	f__Halobacteriaceae	g__Halanaeroarchaeum	s__Halanaeroarchaeum sulfurireducens
NZ_CP011948.1	1	488062	0.6457868057746762	a3e1f3e062586cbbc6dff07225a056d2	-	-	-	-	-	-	-	-	non-mobilizable	NC_012854	0.263022	Rhizobium leguminosarum bv. trifolii WSM1325	AC689	AL979	-	-	-	-	-	-	-	non-mobilizable	p__Halobacteriota	c__Halobacteria	o__Halobacteriales	f__Haloferacaceae	g__Haloferax	s__Haloferax gibbonsii
NZ_CP011949.1	1	335881	0.6685373688895769	634739147eca9a659f31777086055410	-	-	-	-	-	-	-	-	non-mobilizable	CP031654	1.0	Escherichia coli	AA379	AI397	-	-	-	-	-	-	-	non-mobilizable	p__Halobacteriota	c__Halobacteria	o__Halobacteriales	f__Haloferacaceae	g__Haloferax	s__Haloferax gibbonsii
NZ_CP011950.1	1	113655	0.5284501341779948	567b4572bdcff62965ff810a1ffd2256	-	-	-	-	-	-	-	-	non-mobilizable	CP026928	0.295981	Agrobacterium tumefaciens	AB152	AJ761	-	-	-	-	-	-	-	non-mobilizable	p__Halobacteriota	c__Halobacteria	o__Halobacteriales	f__Haloferacaceae	g__Haloferax	s__Haloferax gibbonsii
NZ_CP011951.1	1	35465	0.5399407866911039	926abef7d7e6cac6debf5c45dbebf197	-	-	-	-	-	-	-	-	non-mobilizable	CP031654	1.0	Escherichia coli	AA379	AI397	-	-	-	-	-	-	-	non-mobilizable	p__Halobacteriota	c__Halobacteria	o__Halobacteriales	f__Haloferacaceae	g__Haloferax	s__Haloferax gibbonsii
NZ_CP014751.1	1	49106	0.5198753716450129	3f1ce1182bc0dc39578855c919386829	-	-	-	-	-	-	-	-	non-mobilizable	CP031654	1.0	Escherichia coli	AA379	AI397	-	-	-	-	-	-	-	non-mobilizable	p__Methanobacteriota_B	c__Thermococci	o__Thermococcales	f__Thermococcaceae	g__Thermococcus	s__Thermococcus peptonophilus
NZ_CP014863.1	1	38045	0.4391378630569063	171268e2b39ef60dcf34d6e4d85ac3e1	-	-	-	-	-	-	-	-	non-mobilizable	CP031654	1.0	Escherichia coli	AA379	AI397	-	-	-	-	-	-	-	non-mobilizable	p__Methanobacteriota_B	c__Thermococci	o__Thermococcales	f__Thermococcaceae	g__Thermococcus	s__Thermococcus profundus
NZ_CP019068.1	1	276813	0.6118679397282643	67def7aecb9c72955d3a88621ea50bca	-	-	-	-	MPF_T	NC_013746_00233	-	-	non-mobilizable	CP013518	0.295981	Rhizobium sp. N113	AC695	AL991	-	-	-	-	-	-	-	non-mobilizable	p__Halobacteriota	c__Halobacteria	o__Halobacteriales	f__Haloarculaceae	g__Halorientalis	s__Halorientalis sp001989615
NZ_CP019069.1	1	120563	0.6517422426449242	0051ebb296d35fb0ef28b95656138962	-	-	-	-	-	-	-	-	non-mobilizable	NC_015162	0.295981	Deinococcus proteolyticus MRP	AE550	AO354	-	-	-	-	-	-	-	non-mobilizable	p__Halobacteriota	c__Halobacteria	o__Halobacteriales	f__Haloarculaceae	g__Halorientalis	s__Halorientalis sp001989615
NZ_CP019156.1	1	129893	0.5531013988436636	4cd42e76048c2ff5f0740cb70d7e3ccd	-	-	-	-	MPF_T	NC_006393_00092	-	-	non-mobilizable	CP031654	1.0	Escherichia coli	AA379	AI397	-	-	-	-	-	-	-	mobilizable	p__Halobacteriota	c__Halobacteria	o__Halobacteriales	f__Haloarculaceae	g__Haloarcula	s__Haloarcula taiwanensis
NZ_CP019157.1	1	100322	0.5569765355555113	8d8f01462c54e5c0623b54fa434eaacc	-	-	-	-	-	-	-	-	non-mobilizable	CP031654	1.0	Escherichia coli	AA379	AI397	-	-	-	-	-	-	-	non-mobilizable	p__Halobacteriota	c__Halobacteria	o__Halobacteriales	f__Haloarculaceae	g__Haloarcula	s__Haloarcula taiwanensis
NZ_CP019286.1	1	216196	0.5641131195766804	7eed0504dedfbedc01cca2476ad070d8	-	-	-	-	MPF_T	NC_002608_00127,NC_002608_00126	-	-	non-mobilizable	NC_019763	0.295981	Oscillatoria nigro-viridis PCC 7112	AG189	AQ210	-	-	-	-	-	-	-	non-mobilizable	p__Halobacteriota	c__Halobacteria	o__Halobacteriales	f__Natrialbaceae	g__Halobiforma	s__Halobiforma lacisalsi
NZ_CP019287.1	1	3760	0.6132978723404255	584eac648bdbf37bd7c77e905269a98f	-	-	-	-	-	-	-	-	non-mobilizable	CP031654	1.0	Escherichia coli	AA379	AI397	-	-	-	-	-	-	-	non-mobilizable	p__Halobacteriota	c__Halobacteria	o__Halobacteriales	f__Natrialbaceae	g__Halobiforma	s__Halobiforma lacisalsi
NZ_CP019328.1	1	202531	0.6097486310737615	2226f4a2373d1cb77ecd13c83f148b19	-	-	-	-	-	-	-	-	non-mobilizable	NC_015169	0.295981	Deinococcus proteolyticus MRP	AG050	AQ065	-	-	-	-	-	-	-	non-mobilizable	p__Halobacteriota	c__Halobacteria	o__Halobacteriales	f__Natrialbaceae	g__Natronorubrum	s__Natronorubrum daqingense
NZ_CP019329.1	1	180835	0.5597146570077696	6028c5523e1fa0573585d85b311ee0cb	-	-	-	-	-	-	-	-	non-mobilizable	CP036351	0.295981	Planctomycetes bacterium K2D	AG933	AQ989	-	-	-	-	-	-	-	non-mobilizable	p__Halobacteriota	c__Halobacteria	o__Halobacteriales	f__Natrialbaceae	g__Natronorubrum	s__Natronorubrum daqingense
NZ_CP019330.1	1	54993	0.5766370265306494	b317932fcf69b9006ac98a02244aed64	-	-	-	-	-	-	-	-	non-mobilizable	CP031654	1.0	Escherichia coli	AA379	AI397	-	-	-	-	-	-	-	non-mobilizable	p__Halobacteriota	c__Halobacteria	o__Halobacteriales	f__Natrialbaceae	g__Natronorubrum	s__Natronorubrum daqingense
NZ_CP024045.1	1	101047	0.526606430670876	bb54dcf9ddcf4e836e0960cd8a4885c2	-	-	-	-	-	-	-	-	non-mobilizable	CP031654	1.0	Escherichia coli	AA379	AI397	-	-	-	-	-	-	-	non-mobilizable	p__Halobacteriota	c__Halobacteria	o__Halobacteriales	f__Natrialbaceae	g__Natrarchaeobaculum	s__Natrarchaeobaculum sulfurireducens
NZ_CP024046.1	1	166472	0.5670322937190638	2f2de8eb1d74f3a524f034d047fdee70	-	-	-	-	-	-	-	-	non-mobilizable	CP044223	0.295981	Nitrincola sp. KXZD1103	AF454	AP403	-	-	-	-	-	-	-	non-mobilizable	p__Halobacteriota	c__Halobacteria	o__Halobacteriales	f__Natrialbaceae	g__Natrarchaeobaculum	s__Natrarchaeobaculum sulfurireducens
NZ_CP026310.1	1	237003	0.575507483027641	99d79208b531d0fc2060b698c3ff1f9b	-	-	-	-	-	-	-	-	non-mobilizable	CP000665	0.295981	Rhodobacter sphaeroides ATCC 17025	AG652	AQ703	-	-	-	-	-	-	-	non-mobilizable	p__Halobacteriota	c__Halobacteria	o__Halobacteriales	f__Haloferacaceae	g__Salinigranum	s__Salinigranum rubrum
NZ_CP026311.1	1	198037	0.5918338492301943	c4d8d6a1c12ecfc59d21f655812c0b37	-	-	-	-	-	-	-	-	non-mobilizable	CP031654	1.0	Escherichia coli	AA379	AI397	-	-	-	-	-	-	-	non-mobilizable	p__Halobacteriota	c__Halobacteria	o__Halobacteriales	f__Haloferacaceae	g__Salinigranum	s__Salinigranum rubrum
NZ_CP026312.1	1	118877	0.5884990368195698	5fa0b7180164f2dc2311d439954b4042	-	-	-	-	MPF_T	NC_015955_00540	-	-	non-mobilizable	CP000664	0.295981	Rhodobacter sphaeroides ATCC 17025	AC650	AL924	-	-	-	-	-	-	-	non-mobilizable	p__Halobacteriota	c__Halobacteria	o__Halobacteriales	f__Haloferacaceae	g__Salinigranum	s__Salinigranum rubrum
NZ_CP026313.1	1	129442	0.5786452619706123	8898f09f2bd910853a2bbfede01228fd	-	-	-	-	MPF_T	NC_015955_00540,NC_002608_00126	-	-	non-mobilizable	CP014802	0.295981	Salipiger profundus	AC364	AL532	-	-	-	-	-	-	-	non-mobilizable	p__Halobacteriota	c__Halobacteria	o__Halobacteriales	f__Haloferacaceae	g__Salinigranum	s__Salinigranum rubrum
NZ_CP026314.1	1	39196	0.6324624961730789	cb7f51a23432369a84bc807c22662d3a	-	-	-	-	-	-	-	-	non-mobilizable	CP031654	1.0	Escherichia coli	AA379	AI397	-	-	-	-	-	-	-	non-mobilizable	p__Halobacteriota	c__Halobacteria	o__Halobacteriales	f__Haloferacaceae	g__Salinigranum	s__Salinigranum rubrum
NZ_CP027032.1	1	235493	0.5693629959276921	7f8b7f3a415b3810ebe16a51a56e6b7b	-	-	-	-	-	-	-	-	non-mobilizable	CP044223	0.295981	Nitrincola sp. KXZD1103	AF454	AP403	-	-	-	-	-	-	-	non-mobilizable	p__Halobacteriota	c__Halobacteria	o__Halobacteriales	f__Natrialbaceae	g__Natrarchaeobaculum	s__Natrarchaeobaculum sulfurireducens
NZ_CP030065.1	1	300774	0.5701689640726925	4e46b48ad310be3de67e7bfcea337eda	-	-	-	-	-	-	-	-	non-mobilizable	CP031654	1.0	Escherichia coli	AA379	AI397	-	-	-	-	-	-	-	non-mobilizable	p__Halobacteriota	c__Halobacteria	o__Halobacteriales	f__Haloferacaceae	g__Halorubrum	s__Halorubrum sp003990725
NZ_CP031147.1	1	225191	0.5717812878845069	69d9816d1fce210e63fc299f25a01804	-	-	-	-	-	-	-	-	non-mobilizable	CP014580	0.295981	Burkholderia sp. OLGA172	AA654	AI925	-	-	-	-	-	-	-	non-mobilizable	p__Halobacteriota	c__Halobacteria	o__Halobacteriales	f__Haloferacaceae	g__Haloplanus	s__Haloplanus rubicundus
NZ_CP031149.1	1	147062	0.5668493560539092	a3b5fc7ed167894d40f2ddf193ef0280	-	-	-	-	-	-	-	-	non-mobilizable	CP031654	1.0	Escherichia coli	AA379	AI397	-	-	-	-	-	-	-	non-mobilizable	p__Halobacteriota	c__Halobacteria	o__Halobacteriales	f__Haloferacaceae	g__Haloplanus	s__Haloplanus rubicundus
NZ_CP031151.1	1	112309	0.5811644658932054	1f38d9958ebdc4ef648f0053fb67eda4	-	-	-	-	-	-	-	-	non-mobilizable	CP035513	0.295981	Haematobacter massiliensis	AF009	AO907	-	-	-	-	-	-	-	non-mobilizable	p__Halobacteriota	c__Halobacteria	o__Halobacteriales	f__Haloferacaceae	g__Haloplanus	s__Haloplanus rubicundus
NZ_CP031152.1	1	91783	0.5886819999346284	7a50fc89198d9849462be04f17a1163d	-	-	-	-	-	-	-	-	non-mobilizable	AP012038	0.295981	Acidiphilium multivorum AIU301	AD777	AN432	-	-	-	-	-	-	-	non-mobilizable	p__Halobacteriota	c__Halobacteria	o__Halobacteriales	f__Haloferacaceae	g__Haloplanus	s__Haloplanus rubicundus
NZ_CP031306.1	1	827667	0.5936880412049773	c0b670bfc9d96adfcf74b1ef99095212	-	-	-	-	-	-	-	-	non-mobilizable	LR134450	0.295981	Tsukamurella tyrosinosolvens	AE452	AO235	-	-	-	-	-	-	-	non-mobilizable	p__Halobacteriota	c__Halobacteria	o__Halobacteriales	f__Natrialbaceae	g__Natronorubrum	s__Natronorubrum bangense
NZ_CP031307.1	1	213905	0.5903648816063206	42753281535138301e3c1f04c5e880f2	-	-	-	-	-	-	-	-	non-mobilizable	CP031654	1.0	Escherichia coli	AA379	AI397	-	-	-	-	-	-	-	non-mobilizable	p__Halobacteriota	c__Halobacteria	o__Halobacteriales	f__Natrialbaceae	g__Natronorubrum	s__Natronorubrum bangense
NZ_CP031308.1	1	146189	0.5538515209762704	db1e1c43eb397f57ae8ac849cfd533b0	-	-	-	-	-	-	-	-	non-mobilizable	CP031654	1.0	Escherichia coli	AA379	AI397	-	-	-	-	-	-	-	non-mobilizable	p__Halobacteriota	c__Halobacteria	o__Halobacteriales	f__Natrialbaceae	g__Natronorubrum	s__Natronorubrum bangense
NZ_CP031309.1	1	115465	0.5766595938163079	4665d7a34ab3cab8e4e8cf105fb9bc53	-	-	-	-	-	-	-	-	non-mobilizable	CP031654	1.0	Escherichia coli	AA379	AI397	-	-	-	-	-	-	-	non-mobilizable	p__Halobacteriota	c__Halobacteria	o__Halobacteriales	f__Natrialbaceae	g__Natronorubrum	s__Natronorubrum bangense
NZ_CP031312.1	1	397862	0.659032528866793	db646a0b43bd6b2f10d91288d449dc21	-	-	-	-	-	-	-	-	non-mobilizable	CP026928	0.295981	Agrobacterium tumefaciens	AB152	AJ761	-	-	-	-	-	-	-	non-mobilizable	p__Halobacteriota	c__Halobacteria	o__Halobacteriales	f__Haloferacaceae	g__Halobellus	s__Halobellus limi
NZ_CP031313.1	1	207965	0.5669463611665424	e5ec4af1eb53377424b9583d3bf826a5	-	-	-	-	-	-	-	-	non-mobilizable	CP045322	0.295981	Roseivivax sp. THAF197b	AD005	AM403	-	-	-	-	-	-	-	non-mobilizable	p__Halobacteriota	c__Halobacteria	o__Halobacteriales	f__Haloferacaceae	g__Halobellus	s__Halobellus limi
NZ_CP031314.1	1	185668	0.5984768511536721	920f06b80f224552fac72ba7c743c6ad	-	-	-	-	-	-	-	-	non-mobilizable	CP031654	1.0	Escherichia coli	AA379	AI397	-	-	-	-	-	-	-	non-mobilizable	p__Halobacteriota	c__Halobacteria	o__Halobacteriales	f__Haloferacaceae	g__Halobellus	s__Halobellus limi
NZ_CP034146.1	1	41138	0.567674656035782	981ed1fe6e8ba30afbdc7aa4e146bcbc	-	-	-	-	-	-	-	-	non-mobilizable	CP031654	1.0	Escherichia coli	AA379	AI397	-	-	-	-	-	-	-	non-mobilizable	p__Halobacteriota	c__Halobacteria	o__Halobacteriales	f__Haloferacaceae	g__Haloplanus	s__Haloplanus aerogenes
NZ_CP034344.1	1	267815	0.584407146724418	36d56c9f39017fe95ad71a81fb54145c	-	-	-	-	MPF_T	NC_002608_00127	-	-	non-mobilizable	CP023440	0.295981	Thauera sp. K11	AG105	AQ123	-	-	-	-	-	-	-	non-mobilizable	p__Halobacteriota	c__Halobacteria	o__Halobacteriales	f__Haloferacaceae	g__Haloplanus	s__Haloplanus salinarum
NZ_CP034690.1	1	13972	0.6759948468365302	4936ad80a91482ce42fc97509e91ee03	-	-	-	-	-	-	-	-	non-mobilizable	CP039913	0.295981	Agrobacterium tumefaciens	AC344	AL505	-	-	-	-	-	-	-	non-mobilizable	p__Halobacteriota	c__Halobacteria	o__Halobacteriales	f__Haloferacaceae	g__Halorubrum	s__Halorubrum sp004114375
NZ_CP034691.1	1	117216	0.5481845481845482	e2659258dfb0ea9502c7068106528256	-	-	-	-	-	-	-	-	non-mobilizable	NC_008537	0.295981	Arthrobacter sp. FB24	AA165	AH813	-	-	-	-	-	-	-	non-mobilizable	p__Halobacteriota	c__Halobacteria	o__Halobacteriales	f__Haloferacaceae	g__Halorubrum	s__Halorubrum sp004114375
NZ_CP034693.1	1	163120	0.5512567435017165	05c550cf7efda34069a7433c5d86e988	-	-	-	-	-	-	-	-	non-mobilizable	NC_008537	0.295981	Arthrobacter sp. FB24	AA165	AH813	-	-	-	-	-	-	-	non-mobilizable	p__Halobacteriota	c__Halobacteria	o__Halobacteriales	f__Haloferacaceae	g__Halorubrum	s__Halorubrum sp004114375
NZ_CP034941.1	1	606697	0.573815265280692	0bcc247da0a3d1c2ae4cd501ab62027a	-	-	-	-	-	-	-	-	non-mobilizable	CP029211	0.295981	Aquabacterium olei	AF410	AP355	-	-	-	-	-	-	-	non-mobilizable	p__Halobacteriota	c__Halobacteria	o__Halobacteriales	f__Haloferacaceae	g__Halorubrum	s__Halorubrum ezzemoulense
NZ_CP034942.1	1	57310	0.5465887279706857	5393902adbf8def6b3e690553b088e39	-	-	-	-	-	-	-	-	non-mobilizable	CP031654	1.0	Escherichia coli	AA379	AI397	-	-	-	-	-	-	-	non-mobilizable	p__Halobacteriota	c__Halobacteria	o__Halobacteriales	f__Haloferacaceae	g__Halorubrum	s__Halorubrum ezzemoulense
NZ_CP035120.1	1	303357	0.6429025867212558	a6b5a3552743d5c3966c52ec80a9deee	-	-	-	-	-	-	-	-	non-mobilizable	MH328007	0.295981	Escherichia coli	AA363	AI333	-	-	-	-	-	-	-	non-mobilizable	p__Halobacteriota	c__Halobacteria	o__Halobacteriales	f__Haladaptataceae	g__Halorussus	s__Halorussus pelagicus
NZ_CP035121.1	1	111878	0.5440658574518672	d78d572acaf65bdc856f8d44e0570e4c	-	-	-	-	MPF_T	NC_015955_00540,NC_015667_00008	-	-	non-mobilizable	CP031654	1.0	Escherichia coli	AA379	AI397	-	-	-	-	-	-	-	non-mobilizable	p__Halobacteriota	c__Halobacteria	o__Halobacteriales	f__Haladaptataceae	g__Halorussus	s__Halorussus pelagicus
NZ_CP035122.1	1	58328	0.549873131257715	77b257df7f3ae7d44fd971ba78e72ad8	-	-	-	-	-	-	-	-	non-mobilizable	CP031654	1.0	Escherichia coli	AA379	AI397	-	-	-	-	-	-	-	non-mobilizable	p__Halobacteriota	c__Halobacteria	o__Halobacteriales	f__Haladaptataceae	g__Halorussus	s__Halorussus pelagicus
NZ_CP038632.1	1	148406	0.6059930191501691	3ac4cb093ef2760c679ba6ca3c5a934b	-	-	-	-	-	-	-	-	non-mobilizable	CP031654	1.0	Escherichia coli	AA379	AI397	-	-	-	-	-	-	-	non-mobilizable	p__Halobacteriota	c__Halobacteria	o__Halobacteriales	f__Halobacteriaceae	g__Halobacterium	s__Halobacterium salinarum
NZ_CP038633.1	1	102666	0.5648608107844856	709feb1f4a1f4ed342eb5c51727190e4	-	-	-	-	-	-	-	-	non-mobilizable	NC_019763	0.295981	Oscillatoria nigro-viridis PCC 7112	AG189	AQ210	-	-	-	-	-	-	-	non-mobilizable	p__Halobacteriota	c__Halobacteria	o__Halobacteriales	f__Halobacteriaceae	g__Halobacterium	s__Halobacterium salinarum
NZ_CP039132.1	1	33451	0.5562464500313892	08ecd3d0863f78601cecf33d3513be5a	-	-	-	-	-	-	-	-	non-mobilizable	CP031654	1.0	Escherichia coli	AA379	AI397	-	-	-	-	-	-	-	non-mobilizable	p__Halobacteriota	c__Halobacteria	o__Halobacteriales	f__Haloarculaceae	g__Haloarcula	s__Haloarcula marismortui
NZ_CP039133.1	1	33297	0.5424512718863561	5c0a12455c0a971858759294bf419665	-	-	-	-	-	-	-	-	non-mobilizable	NC_019763	0.295981	Oscillatoria nigro-viridis PCC 7112	AG189	AQ210	-	-	-	-	-	-	-	non-mobilizable	p__Halobacteriota	c__Halobacteria	o__Halobacteriales	f__Haloarculaceae	g__Haloarcula	s__Haloarcula marismortui
NZ_CP039134.1	1	155291	0.5833048921057885	0ad1e4a50b0ca0b9cea5f6fa768de21e	-	-	-	-	-	-	-	-	non-mobilizable	CP023440	0.295981	Thauera sp. K11	AG105	AQ123	-	-	-	-	-	-	-	non-mobilizable	p__Halobacteriota	c__Halobacteria	o__Halobacteriales	f__Haloarculaceae	g__Haloarcula	s__Haloarcula marismortui
NZ_CP039135.1	1	132675	0.5448200489918975	69230f7f5e6938796482d42a53c51f0e	-	-	-	-	MPF_T	NC_006393_00092	-	-	non-mobilizable	NC_019763	0.295981	Oscillatoria nigro-viridis PCC 7112	AG189	AQ210	-	-	-	-	-	-	-	mobilizable	p__Halobacteriota	c__Halobacteria	o__Halobacteriales	f__Haloarculaceae	g__Haloarcula	s__Haloarcula marismortui
NZ_CP039136.1	1	288045	0.5722890520578382	13ae1e8a4ba4060b1c1e0d9f36723c5a	-	-	-	-	-	-	-	-	non-mobilizable	CP032344	0.295981	Azospirillum brasilense	AD931	AN625	-	-	-	-	-	-	-	non-mobilizable	p__Halobacteriota	c__Halobacteria	o__Halobacteriales	f__Haloarculaceae	g__Haloarcula	s__Haloarcula marismortui
NZ_CP039137.1	1	410547	0.59118444416839	339e6b794b90fdc832fee3a7cce2a166	-	-	-	-	-	-	-	-	non-mobilizable	CP044066	0.295981	Cupriavidus pauculus	AF584	AP557	-	-	-	-	-	-	-	non-mobilizable	p__Halobacteriota	c__Halobacteria	o__Halobacteriales	f__Haloarculaceae	g__Haloarcula	s__Haloarcula marismortui
NZ_CP039142.1	1	131975	0.5726690661110059	2bf036472dec2506b4d8a41b4ea27a1e	-	-	-	-	-	-	-	-	non-mobilizable	CP031654	1.0	Escherichia coli	AA379	AI397	-	-	-	-	-	-	-	non-mobilizable	p__Halobacteriota	c__Halobacteria	o__Halobacteriales	f__Haloferacaceae	g__Haloferax	s__Haloferax mediterranei
NZ_CP039376.1	1	221861	0.6415097741378611	aaa6606cdc9c24180b275afbb072e443	-	-	-	-	-	-	-	-	non-mobilizable	CP031654	1.0	Escherichia coli	AA379	AI397	-	-	-	-	-	-	-	non-mobilizable	p__Halobacteriota	c__Halobacteria	o__Halobacteriales	f__Haloarculaceae	g__Halomicrobium	s__Halomicrobium mukohataei
NZ_CP040329.1	1	2465	0.6924949290060852	76c5a40c8e530119bc4e0bbca51c4756	-	-	-	-	-	-	-	-	non-mobilizable	CP031654	1.0	Escherichia coli	AA379	AI397	-	-	-	-	-	-	-	non-mobilizable	p__Halobacteriota	c__Halobacteria	o__Halobacteriales	f__Natrialbaceae	g__Natrinema	s__Natrinema versiforme_A
NZ_CP040331.1	1	492102	0.5628711120865186	dd0964131256a5dbe758bb6dae191872	-	-	-	-	MPF_T	NC_019963_00206,NC_019963_00204	-	-	non-mobilizable	CP016354	0.295981	Prauserella marina	AH450	AR506	-	-	-	-	-	-	-	non-mobilizable	p__Halobacteriota	c__Halobacteria	o__Halobacteriales	f__Natrialbaceae	g__Natrinema	s__Natrinema versiforme_A
NZ_CP040332.1	1	413865	0.5997390453408721	ae93568c1aa1d6f6c6547135ca84729e	-	-	-	-	-	-	-	-	non-mobilizable	CP013581	0.295981	Rhizobium phaseoli	AC693	AL988	-	-	-	-	-	-	-	non-mobilizable	p__Halobacteriota	c__Halobacteria	o__Halobacteriales	f__Natrialbaceae	g__Natrinema	s__Natrinema versiforme_A
NZ_CP040333.1	1	18925	0.6352972258916777	88a18df9d548ba523a862b82fd33ecb1	-	-	-	-	-	-	-	-	non-mobilizable	CP029374	0.295981	Acidovorax citrulli	AH419	AR475	-	-	-	-	-	-	-	non-mobilizable	p__Halobacteriota	c__Halobacteria	o__Halobacteriales	f__Natrialbaceae	g__Natrinema	s__Natrinema versiforme_A
NZ_CP040638.1	1	203201	0.6056810744041614	b0a35a421191e59471ed27f3a85d4a2d	-	-	-	-	-	-	-	-	non-mobilizable	KY000065	0.295981	Agrobacterium tumefaciens	AB361	AK102	-	-	-	-	-	-	-	non-mobilizable	p__Halobacteriota	c__Halobacteria	o__Halobacteriales	f__Natrialbaceae	g__Natrinema	s__Natrinema pallidum
NZ_CP040639.1	1	70939	0.6050409506759329	02b2d9cadd8634110259008c57beeba3	-	-	-	-	-	-	-	-	non-mobilizable	LR134460	0.295981	Tsukamurella tyrosinosolvens	AG621	AQ669	-	-	-	-	-	-	-	non-mobilizable	p__Halobacteriota	c__Halobacteria	o__Halobacteriales	f__Natrialbaceae	g__Natrinema	s__Natrinema pallidum
NZ_CP040847.1	1	7674	0.4474850143341152	c54aa3ffb14d96ba03f4f2c25dbd40d7	-	-	-	-	-	-	-	-	non-mobilizable	CP031654	1.0	Escherichia coli	AA379	AI397	-	-	-	-	-	-	-	non-mobilizable	p__Methanobacteriota_B	c__Thermococci	o__Thermococcales	f__Thermococcaceae	g__Thermococcus	s__Thermococcus indicus
NZ_CP042240.1	1	178915	0.6377665371824609	003d2af8f0d07a2732ce08f813089ea1	-	-	-	-	-	-	-	-	non-mobilizable	CP026745	0.295981	Nocardia cyriacigeorgica	AE467	AO252	-	-	-	-	-	-	-	non-mobilizable	p__Halobacteriota	c__Halobacteria	o__Halobacteriales	f__Halobacteriaceae	g__Salarchaeum	s__Salarchaeum sp007833275
NZ_CP044130.1	1	223917	0.6406882907505906	c87332de73d2896c38d65b53e431abad	-	-	-	-	-	-	-	-	non-mobilizable	AB677526	0.295981	Thermus thermophilus HB8	AG121	AQ140	-	-	-	-	-	-	-	non-mobilizable	p__Halobacteriota	c__Halobacteria	o__Halobacteriales	f__Haloarculaceae	g__Halomicrobium	s__Halomicrobium sp009617995
NZ_CP044524.1	1	531768	0.62045102375472	0e5228331791223bcf6e90fee9c5ba45	-	-	-	-	-	-	-	-	non-mobilizable	CP026928	0.295981	Agrobacterium tumefaciens	AB152	AJ761	-	-	-	-	-	-	-	non-mobilizable	p__Halobacteriota	c__Halobacteria	o__Halobacteriales	f__Haladaptataceae	g__Halorussus	s__Halorussus halophilus
NZ_CP044525.1	1	219256	0.5805359944539716	f5571f5640b78cd13832893f0723a4ba	-	-	-	-	-	-	-	-	non-mobilizable	CP000748	0.295981	Phenylobacterium zucineum HLK1	AB084	AJ653	-	-	-	-	-	-	-	non-mobilizable	p__Halobacteriota	c__Halobacteria	o__Halobacteriales	f__Haladaptataceae	g__Halorussus	s__Halorussus halophilus
NZ_CP044526.1	1	63455	0.5956662201560161	9ef47b2462380d11ab2e8de3f1299b91	-	-	-	-	-	-	-	-	non-mobilizable	-	1	-	-	-	-	-	-	-	-	-	-	non-mobilizable	p__Halobacteriota	c__Halobacteria	o__Halobacteriales	f__Haladaptataceae	g__Halorussus	s__Halorussus halophilus
NZ_CP045489.1	1	431477	0.5475401933359136	76ff09914942c12b489fb411045b7689	-	-	-	-	MPF_T	NC_019963_00206	-	-	non-mobilizable	CP031654	1.0	Escherichia coli	AA379	AI397	-	-	-	-	-	-	-	non-mobilizable	p__Halobacteriota	c__Halobacteria	o__Halobacteriales	f__Natrialbaceae	g__Natronorubrum	s__Natronorubrum aibiense
NZ_CP045490.1	1	356702	0.5912442318798324	ab44b05d6ddb347ca60500d1b21420b8	-	-	-	-	-	-	-	-	non-mobilizable	CP013299	0.295981	Arthrobacter sp. YC-RL1	AE990	AO885	-	-	-	-	-	-	-	non-mobilizable	p__Halobacteriota	c__Halobacteria	o__Halobacteriales	f__Natrialbaceae	g__Natronorubrum	s__Natronorubrum aibiense
NZ_CP045491.1	1	207310	0.6109160194877237	df6bf8cf2673c6c39ee1aaf997b5de8c	-	-	-	-	-	-	-	-	non-mobilizable	CP031654	1.0	Escherichia coli	AA379	AI397	-	-	-	-	-	-	-	non-mobilizable	p__Halobacteriota	c__Halobacteria	o__Halobacteriales	f__Natrialbaceae	g__Natronorubrum	s__Natronorubrum aibiense
NZ_CP053942.1	1	247617	0.5847013734921269	021579248520d9b54735ec2e3ef7aafd	-	-	-	-	-	-	-	-	non-mobilizable	CP031654	1.0	Escherichia coli	AA379	AI397	-	-	-	-	-	-	-	non-mobilizable	p__Halobacteriota	c__Halobacteria	o__Halobacteriales	f__Haloferacaceae	g__Halorubrum	s__Halorubrum salinarum
NZ_CP053943.1	1	155204	0.5916149068322981	206b517df437134c1534f10f5f3ac6d6	-	-	-	-	MPF_T	NC_002608_00127,NC_002608_00126	-	-	non-mobilizable	CP014802	0.295981	Salipiger profundus	AC364	AL532	-	-	-	-	-	-	-	non-mobilizable	p__Halobacteriota	c__Halobacteria	o__Halobacteriales	f__Haloferacaceae	g__Halorubrum	s__Halorubrum salinarum
NZ_CP054586.1	1	363938	0.5832092279454193	dc41f8d4210f4ba989b15f96975fa7db	-	-	-	-	MPF_T	NC_002608_00127	-	-	non-mobilizable	CP025016	0.295981	Rhizobium leguminosarum	AD579	AN183	-	-	-	-	-	-	-	non-mobilizable	p__Halobacteriota	c__Halobacteria	o__Halobacteriales	f__Haloferacaceae	g__Halorubrum	s__Halorubrum sp003721435
NZ_CP054588.1	1	254488	0.6590448272610103	b2d68f2b5333b02ca870cb25b02f0752	-	-	-	-	-	-	-	-	non-mobilizable	CP000385	0.295981	Mycobacterium sp. MCS	AD515	AN095	-	-	-	-	-	-	-	non-mobilizable	p__Halobacteriota	c__Halobacteria	o__Halobacteriales	f__Haloferacaceae	g__Halolamina	s__Halolamina sp002025255
NZ_CP054589.1	1	253363	0.5827409684918476	7d21a4d41d90f3e6ae795facb1282c22	-	-	-	-	MPF_T	NC_002608_00127,NC_002608_00126	-	-	non-mobilizable	CP000929	0.295981	Caulobacter sp. K31	AG154	AQ175	-	-	-	-	-	-	-	non-mobilizable	p__Halobacteriota	c__Halobacteria	o__Halobacteriales	f__Haloferacaceae	g__Halolamina	s__Halolamina sp002025255
NZ_CP054590.1	1	52906	0.579310475182399	53614ee16069cd23241c249a6428e7c5	-	-	-	-	-	-	-	-	non-mobilizable	CP031654	1.0	Escherichia coli	AA379	AI397	-	-	-	-	-	-	-	non-mobilizable	p__Halobacteriota	c__Halobacteria	o__Halobacteriales	f__Haloferacaceae	g__Halolamina	s__Halolamina sp002025255
NZ_CP054708.1	1	602938	0.6910179819483927	fb89528bd9ba0e3e461915290b3fac4a	-	-	-	-	-	-	-	-	non-mobilizable	NC_019326	0.295981	Arthrobacter sp. 31.31	AB567	AK405	-	-	-	-	-	-	-	non-mobilizable	p__Halobacteriota	c__Halobacteria	o__Halobacteriales	f__Halobacteriaceae	g__Halarchaeum	s__Halarchaeum grantii
NZ_CP054709.1	1	419060	0.6399751825514246	d7a31920a37d38e412d0f58b5ff67db6	-	-	-	-	MPF_T	NC_015955_00540	-	-	non-mobilizable	LR134469	0.295981	Tsukamurella tyrosinosolvens	AG083	AQ099	-	-	-	-	-	-	-	non-mobilizable	p__Halobacteriota	c__Halobacteria	o__Halobacteriales	f__Halobacteriaceae	g__Halarchaeum	s__Halarchaeum grantii
NZ_CP054710.1	1	132808	0.5976974278657912	37a365ee56df8dccdd5af7806f7fd08b	-	-	-	-	-	-	-	-	non-mobilizable	CP033429	0.295981	Burkholderia gladioli	AF426	AP374	-	-	-	-	-	-	-	non-mobilizable	p__Halobacteriota	c__Halobacteria	o__Halobacteriales	f__Halobacteriaceae	g__Halarchaeum	s__Halarchaeum grantii
NZ_CP054711.1	1	24593	0.6470540397674135	ea4edcfc0bc4057dcb3b0d5d31cd4de6	-	-	-	-	-	-	-	-	non-mobilizable	CP031654	1.0	Escherichia coli	AA379	AI397	-	-	-	-	-	-	-	non-mobilizable	p__Halobacteriota	c__Halobacteria	o__Halobacteriales	f__Halobacteriaceae	g__Halarchaeum	s__Halarchaeum grantii
NZ_CP054712.1	1	14560	0.63125	68d3245129fd1bbfe5a811a4804d6f00	-	-	-	-	-	-	-	-	non-mobilizable	CP031654	1.0	Escherichia coli	AA379	AI397	-	-	-	-	-	-	-	non-mobilizable	p__Halobacteriota	c__Halobacteria	o__Halobacteriales	f__Halobacteriaceae	g__Halarchaeum	s__Halarchaeum grantii
NZ_CP058530.1	1	263745	0.6939581793019773	c2833a269082d9b923f41e6d1aabcdf1	-	-	-	-	-	-	-	-	non-mobilizable	-	1	-	-	-	-	-	-	-	-	-	-	non-mobilizable	p__Halobacteriota	c__Halobacteria	o__Halobacteriales	f__Haloferacaceae	g__Halobaculum	s__Halobaculum halophilum
NZ_CP058531.1	1	186742	0.5733525398678391	29fc88eb09f5f053dda805c005bff4a2	-	-	-	-	-	-	-	-	non-mobilizable	CP025615	0.295981	Niveispirillum cyanobacteriorum	AF770	AP767	-	-	-	-	-	-	-	non-mobilizable	p__Halobacteriota	c__Halobacteria	o__Halobacteriales	f__Haloferacaceae	g__Halobaculum	s__Halobaculum halophilum
NZ_CP058532.1	1	148857	0.6112846557434316	2ecd304a4837c1d11667486b491f6844	-	-	-	-	-	-	-	-	non-mobilizable	CP013205	0.295981	Paenibacillus sp. IHB B 3084	AD605	AN215	-	-	-	-	-	-	-	non-mobilizable	p__Halobacteriota	c__Halobacteria	o__Halobacteriales	f__Haloferacaceae	g__Halobaculum	s__Halobaculum halophilum
NZ_CP058580.1	1	239483	0.7137500365370402	fcb323a97b6c255c1c2b26de7521f0e7	-	-	-	-	-	-	-	-	non-mobilizable	CP016082	0.263022	Streptomyces sp. SAT1	AH371	AR427	-	-	-	-	-	-	-	non-mobilizable	p__Halobacteriota	c__Halobacteria	o__Halobacteriales	f__Haloferacaceae	g__Halobaculum	s__Halobaculum salinum
NZ_CP063206.1	1	608598	0.6165366958156288	32db3e8c8d52115fefee497979fa1071	-	-	-	-	MPF_T	NC_015955_00540	-	-	non-mobilizable	CP007745	0.295981	Burkholderia cepacia ATCC 25416	AF428	AP376	-	-	-	-	-	-	-	non-mobilizable	p__Halobacteriota	c__Halobacteria	o__Halobacteriales	f__Haloferacaceae	g__Haloferax	s__Haloferax gibbonsii
NZ_CP063207.1	1	322970	0.6691147784623959	d2c5a23d1ef8d63498e1a86ebdf8d867	-	-	-	-	-	-	-	-	non-mobilizable	CP031654	1.0	Escherichia coli	AA379	AI397	-	-	-	-	-	-	-	non-mobilizable	p__Halobacteriota	c__Halobacteria	o__Halobacteriales	f__Haloferacaceae	g__Haloferax	s__Haloferax gibbonsii
NZ_CP063208.1	1	65035	0.5581609902360267	0588495dee4c6d000efcd19b31882a9f	-	-	-	-	-	-	-	-	non-mobilizable	CP014515	0.295981	Frondihabitans sp. PAMC 28766	AF546	AP508	-	-	-	-	-	-	-	non-mobilizable	p__Halobacteriota	c__Halobacteria	o__Halobacteriales	f__Haloferacaceae	g__Haloferax	s__Haloferax gibbonsii
NZ_CP064336.1	1	11015	0.42514752610077167	7e8f9730c5b0dfcc8eed04bada459286	-	-	-	-	-	-	-	-	non-mobilizable	CP031654	1.0	Escherichia coli	AA379	AI397	-	-	-	-	-	-	-	non-mobilizable	p__Methanobacteriota	c__Methanobacteria	o__Methanobacteriales	f__Methanothermobacteraceae	g__Methanothermobacter	s__Methanothermobacter thermautotrophicus
NZ_CP064790.1	1	137790	0.5697002685245663	8f4375a2171ff8ba68ec9b7a691d4334	-	-	-	-	MPF_T	NC_015955_00540,NC_002608_00126	-	-	non-mobilizable	NC_008537	0.295981	Arthrobacter sp. FB24	AA165	AH813	-	-	-	-	-	-	-	non-mobilizable	p__Halobacteriota	c__Halobacteria	o__Halobacteriales	f__Haloarculaceae	g__Halapricum	s__Halapricum desulfuricans
NZ_CP064792.1	1	180725	0.5618923779222575	9b3b8951c20a8bf3368276c95240c5f3	-	-	-	-	-	-	-	-	non-mobilizable	CP031654	1.0	Escherichia coli	AA379	AI397	-	-	-	-	-	-	-	non-mobilizable	p__Halobacteriota	c__Halobacteria	o__Halobacteriales	f__Haloarculaceae	g__Halapricum	s__Halapricum sp017094465
NZ_CP069189.1	1	138030	0.5572122002463232	3c77a9d50498c1883c83870adad16df5	-	-	-	-	MPF_T	NC_019963_00206	-	-	non-mobilizable	CP014797	0.295981	Salipiger profundus	AF476	AP427	-	-	-	-	-	-	-	non-mobilizable	p__Halobacteriota	c__Halobacteria	o__Halobacteriales	f__Natrialbaceae	g__Haloterrigena	s__Haloterrigena salifodinae
NZ_CP069190.1	1	171484	0.6417624967927037	8d9b06c59cd855805f3bc59cba59f2b3	-	-	-	-	-	-	-	-	non-mobilizable	CP045481	0.295981	Amycolatopsis sp. YIM 10	AH040	AR096	-	-	-	-	-	-	-	non-mobilizable	p__Halobacteriota	c__Halobacteria	o__Halobacteriales	f__Natrialbaceae	g__Haloterrigena	s__Haloterrigena salifodinae
NZ_CP069191.1	1	220397	0.6217189889154571	7c61d14f73a45d0772598baf6b2acf54	-	-	-	-	-	-	-	-	non-mobilizable	CP007745	0.295981	Burkholderia cepacia ATCC 25416	AF428	AP376	-	-	-	-	-	-	-	non-mobilizable	p__Halobacteriota	c__Halobacteria	o__Halobacteriales	f__Natrialbaceae	g__Haloterrigena	s__Haloterrigena salifodinae
NZ_CP069192.1	1	280619	0.6191134598868929	6b998850617fe7b24982c9ed54b40cf6	-	-	-	-	-	-	-	-	non-mobilizable	CP007745	0.295981	Burkholderia cepacia ATCC 25416	AF428	AP376	-	-	-	-	-	-	-	non-mobilizable	p__Halobacteriota	c__Halobacteria	o__Halobacteriales	f__Natrialbaceae	g__Haloterrigena	s__Haloterrigena salifodinae
NZ_CP069193.1	1	96392	0.583959249730268	2c24c750a17ef4de53e0dbf9ab332675	-	-	-	-	MPF_T	NC_002608_00127,NC_002608_00126	-	-	non-mobilizable	CP014802	0.295981	Salipiger profundus	AC364	AL532	-	-	-	-	-	-	-	non-mobilizable	p__Halobacteriota	c__Halobacteria	o__Halobacteriales	f__Natrialbaceae	g__Haloterrigena	s__Haloterrigena salifodinae
NZ_CP069377.1	1	4441	0.4539518126548075	98f98a40bdeb80186e07b9288d18cb6f	rep_cluster_22	001489__NC_014409_00001	-	-	-	-	-	-	non-mobilizable	CP031654	1.0	Escherichia coli	AA379	AI397	-	-	-	-	-	-	-	non-mobilizable	p__Methanobacteriota	c__Methanobacteria	o__Methanobacteriales	f__Methanothermobacteraceae	g__Methanothermobacter	s__Methanothermobacter marburgensis
NZ_CP070333.1	1	100133	0.6188868804490029	51a738428287c98af60f248beb096c85	-	-	-	-	-	-	-	-	non-mobilizable	LT853883	0.295981	Xanthomonas fragariae	AE956	AO842	-	-	-	-	-	-	-	non-mobilizable	p__Halobacteriota	c__Halobacteria	o__Halobacteriales	f__Halobacteriaceae	g__Halobacterium	s__Halobacterium salinarum
NZ_CP070334.1	1	105947	0.600413414254297	d250a1c86621b542a156a595974c6035	-	-	-	-	MPF_T	NC_002608_00127,NC_002608_00126	-	-	non-mobilizable	CP023440	0.295981	Thauera sp. K11	AG105	AQ123	-	-	-	-	-	-	-	non-mobilizable	p__Halobacteriota	c__Halobacteria	o__Halobacteriales	f__Halobacteriaceae	g__Halobacterium	s__Halobacterium salinarum
NZ_CP070335.2	1	299663	0.5914577375251533	e92f7f07a14ab8f73f8bdc7c6aada19b	-	-	-	-	MPF_T	NC_002608_00127,NC_002608_00126	-	-	non-mobilizable	CP031654	1.0	Escherichia coli	AA379	AI397	-	-	-	-	-	-	-	non-mobilizable	p__Halobacteriota	c__Halobacteria	o__Halobacteriales	f__Halobacteriaceae	g__Halobacterium	s__Halobacterium salinarum
NZ_CP070336.1	1	2144	0.6152052238805971	eda7454d7d4b7fd80846290c5f127aa4	-	-	-	-	-	-	-	-	non-mobilizable	CP031654	1.0	Escherichia coli	AA379	AI397	-	-	-	-	-	-	-	non-mobilizable	p__Halobacteriota	c__Halobacteria	o__Halobacteriales	f__Halobacteriaceae	g__Halobacterium	s__Halobacterium salinarum
NZ_CP070337.2	1	49847	0.584448412141152	8d154519634f1206421b86a92db1d33e	-	-	-	-	-	-	-	-	non-mobilizable	CP031654	1.0	Escherichia coli	AA379	AI397	-	-	-	-	-	-	-	non-mobilizable	p__Halobacteriota	c__Halobacteria	o__Halobacteriales	f__Halobacteriaceae	g__Halobacterium	s__Halobacterium salinarum
NZ_CP070375.1	1	284178	0.5907424220031108	5fba2eb8ff11164b8554c20609f277e7	-	-	-	-	MPF_T	NC_002608_00127,NC_002608_00126	-	-	non-mobilizable	CP031654	1.0	Escherichia coli	AA379	AI397	-	-	-	-	-	-	-	non-mobilizable	p__Halobacteriota	c__Halobacteria	o__Halobacteriales	f__Halobacteriaceae	g__Halobacterium	s__Halobacterium salinarum
NZ_CP070376.1	1	54914	0.6137414866882762	6f8c0ab9fc8121f0c0dd56f562aefdef	-	-	-	-	-	-	-	-	non-mobilizable	CP031654	1.0	Escherichia coli	AA379	AI397	-	-	-	-	-	-	-	non-mobilizable	p__Halobacteriota	c__Halobacteria	o__Halobacteriales	f__Halobacteriaceae	g__Halobacterium	s__Halobacterium salinarum
NZ_CP073367.1	1	116596	0.5639301519777694	a52f568358ff308df695be2a988b0744	-	-	-	-	-	-	-	-	non-mobilizable	NC_019763	0.295981	Oscillatoria nigro-viridis PCC 7112	AG189	AQ210	-	-	-	-	-	-	-	non-mobilizable	p__Halobacteriota	c__Halobacteria	o__Halobacteriales	f__Haloarculaceae	g__Haloarcula	s__Haloarcula marismortui
NZ_CP073368.1	1	540110	0.5668511969783933	a9c4befe0e1a3dc5dea616418496ca03	-	-	-	-	-	-	-	-	non-mobilizable	CP022371	0.295981	Bosea sp. AS-1	AE262	AO007	-	-	-	-	-	-	-	non-mobilizable	p__Halobacteriota	c__Halobacteria	o__Halobacteriales	f__Haloarculaceae	g__Haloarcula	s__Haloarcula marismortui
NZ_CP073369.1	1	387656	0.5926362548238645	afb41620d9721fa1ce14737b128182d8	-	-	-	-	-	-	-	-	non-mobilizable	CP044066	0.295981	Cupriavidus pauculus	AF584	AP557	-	-	-	-	-	-	-	non-mobilizable	p__Halobacteriota	c__Halobacteria	o__Halobacteriales	f__Haloarculaceae	g__Haloarcula	s__Haloarcula marismortui
NZ_CP073370.1	1	55294	0.5470756320758129	0bc638ede6bca501ee70d88f91b9fda5	-	-	-	-	-	-	-	-	non-mobilizable	NC_019763	0.295981	Oscillatoria nigro-viridis PCC 7112	AG189	AQ210	-	-	-	-	-	-	-	mobilizable	p__Halobacteriota	c__Halobacteria	o__Halobacteriales	f__Haloarculaceae	g__Haloarcula	s__Haloarcula marismortui
NZ_CP073371.1	1	204099	0.5503260672516769	47f2462acf9c88ff38ca3d0c54cb1874	-	-	-	-	-	-	-	-	non-mobilizable	NC_019763	0.295981	Oscillatoria nigro-viridis PCC 7112	AG189	AQ210	-	-	-	-	-	-	-	non-mobilizable	p__Halobacteriota	c__Halobacteria	o__Halobacteriales	f__Haloarculaceae	g__Haloarcula	s__Haloarcula marismortui
NZ_CP073372.1	1	139649	0.5404549978875609	9473d21d7cf4ee39c40bba76085a7663	-	-	-	-	MPF_T	NC_006393_00092	-	-	non-mobilizable	CP031654	1.0	Escherichia coli	AA379	AI397	-	-	-	-	-	-	-	mobilizable	p__Halobacteriota	c__Halobacteria	o__Halobacteriales	f__Haloarculaceae	g__Haloarcula	s__Haloarcula marismortui
NZ_CP077714.1	1	37750	0.3553377483443709	cc97f33e7b658915458ced4c0e6ecc87	-	-	-	-	-	-	-	-	non-mobilizable	CP036924	0.295981	Borrelia miyamotoi	AA384	AI405	-	-	-	-	-	-	-	non-mobilizable	p__Thermoproteota	c__Thermoprotei_A	o__Sulfolobales	f__Sulfolobaceae	g__Saccharolobus	s__Saccharolobus shibatae
NZ_CP077716.1	1	37840	0.355946088794926	5a0461ce4bdf878a5d00d2eb5b9b91b3	-	-	-	-	-	-	-	-	non-mobilizable	CP031654	1.0	Escherichia coli	AA379	AI397	-	-	-	-	-	-	-	non-mobilizable	p__Thermoproteota	c__Thermoprotei_A	o__Sulfolobales	f__Sulfolobaceae	g__Saccharolobus	s__Saccharolobus shibatae
NZ_CP078064.1	1	344046	0.5695023339902222	07fb7224158301a1bd524758a22972d6	-	-	-	-	-	-	-	-	non-mobilizable	CP026928	0.295981	Agrobacterium tumefaciens	AB152	AJ761	-	-	-	-	-	-	-	non-mobilizable	p__Halobacteriota	c__Halobacteria	o__Halobacteriales	f__Haloferacaceae	g__Haloferax	s__Haloferax larsenii
NZ_CP078065.1	1	327798	0.614863421985491	ab16e3aa6978a27b270da4114e0a866e	-	-	-	-	-	-	-	-	non-mobilizable	CP038257	0.295981	Microbacterium sediminis	AG439	AQ474	-	-	-	-	-	-	-	non-mobilizable	p__Halobacteriota	c__Halobacteria	o__Halobacteriales	f__Haloferacaceae	g__Haloferax	s__Haloferax larsenii
NZ_CP081959.1	1	271515	0.5706204077122811	4bb6324565ec81b8ce02863e0bf44028	-	-	-	-	-	-	-	-	non-mobilizable	CP014802	0.295981	Salipiger profundus	AC364	AL532	-	-	-	-	-	-	-	non-mobilizable	p__Halobacteriota	c__Halobacteria	o__Halobacteriales	f__Haloferacaceae	g__Halobaculum	s__Halobaculum magnesiiphilum
NZ_CP081960.1	1	487397	0.644121732386535	a2da67d669bc9b48fe6e9de7a7d0e71a	-	-	-	-	-	-	-	-	non-mobilizable	CP000663	0.295981	Rhodobacter sphaeroides ATCC 17025	AG108	AQ126	-	-	-	-	-	-	-	non-mobilizable	p__Halobacteriota	c__Halobacteria	o__Halobacteriales	f__Haloferacaceae	g__Halobaculum	s__Halobaculum magnesiiphilum
NZ_CP081961.1	1	8308	0.5554886856042369	bd9d8c3e731c51ab841cd8e03ca99176	-	-	-	-	-	-	-	-	non-mobilizable	CP031654	1.0	Escherichia coli	AA379	AI397	-	-	-	-	-	-	-	non-mobilizable	p__Halobacteriota	c__Halobacteria	o__Halobacteriales	f__Haloferacaceae	g__Halobaculum	s__Halobaculum magnesiiphilum
NZ_CP082247.1	1	891417	0.576678479320004	724e757aa7540108608ef1d93b0e6112	-	-	-	-	-	-	-	-	non-mobilizable	CP012556	0.295981	Raoultella ornithinolytica	AC213	AL312	-	-	-	-	-	-	-	non-mobilizable	p__Halobacteriota	c__Halobacteria	o__Halobacteriales	f__Natrialbaceae	g__Natrinema	s__Natrinema sp019879105
NZ_CP082248.1	1	881002	0.5642223286666772	bbef2976be1fdd40acd892f3315b8055	-	-	-	-	MPF_T	NC_019963_00206,NC_019963_00204	-	-	non-mobilizable	CP020043	0.295981	Streptomyces katrae	AD126	AM567	-	-	-	-	-	-	-	non-mobilizable	p__Halobacteriota	c__Halobacteria	o__Halobacteriales	f__Natrialbaceae	g__Natrinema	s__Natrinema sp019879105
NZ_CP082285.1	1	93698	0.5902473905526265	846679f0272e345e6fa9f1170cb32cfd	-	-	-	-	-	-	-	-	non-mobilizable	LT559120	0.295981	Nonomuraea gerenzanensis	AH139	AR195	-	-	-	-	-	-	-	non-mobilizable	p__Halobacteriota	c__Halobacteria	o__Halobacteriales	f__Haloferacaceae	g__Halobaculum	s__Halobaculum rubrum
NZ_CP082287.1	1	240419	0.5852615641858588	7c849da26ec58ba33846d850a9126a3f	-	-	-	-	MPF_T	NC_002608_00127,NC_002608_00126	-	-	non-mobilizable	CP031654	1.0	Escherichia coli	AA379	AI397	-	-	-	-	-	-	-	non-mobilizable	p__Halobacteriota	c__Halobacteria	o__Halobacteriales	f__Haloferacaceae	g__Halobaculum	s__Halobaculum roseum
NZ_CP082288.1	1	336694	0.6752956690644918	0a6cd7c8388d49baeda1ad7e03e6ffcd	-	-	-	-	-	-	-	-	non-mobilizable	CP000663	0.295981	Rhodobacter sphaeroides ATCC 17025	AG108	AQ126	-	-	-	-	-	-	-	non-mobilizable	p__Halobacteriota	c__Halobacteria	o__Halobacteriales	f__Haloferacaceae	g__Halobaculum	s__Halobaculum roseum
NZ_CP082289.1	1	161865	0.5874154387915855	59b428040cd984ee0e9064deaa1238bd	-	-	-	-	-	-	-	-	non-mobilizable	CP031654	1.0	Escherichia coli	AA379	AI397	-	-	-	-	-	-	-	non-mobilizable	p__Halobacteriota	c__Halobacteria	o__Halobacteriales	f__Haloferacaceae	g__Halobaculum	s__Halobaculum roseum
NZ_CP083664.1	1	356276	0.5914122758760062	26ebef88e6e604593455b9c2e234f811	-	-	-	-	-	-	-	-	non-mobilizable	CP031654	1.0	Escherichia coli	AA379	AI397	-	-	-	-	-	-	-	non-mobilizable	p__Halobacteriota	c__Halobacteria	o__Halobacteriales	f__Haloferacaceae	g__Haloprofundus	s__Haloprofundus sp020097815
NZ_CP083665.1	1	48463	0.6163671254358996	a9ba6bda8261cd8b0a4e9797047be726	-	-	-	-	-	-	-	-	non-mobilizable	CP031654	1.0	Escherichia coli	AA379	AI397	-	-	-	-	-	-	-	non-mobilizable	p__Halobacteriota	c__Halobacteria	o__Halobacteriales	f__Haloferacaceae	g__Haloprofundus	s__Haloprofundus sp020097815
NZ_CP083667.1	1	422800	0.616996215704825	5a80d5e2acb9d17aa212137489db50bf	-	-	-	-	-	-	-	-	non-mobilizable	-	1	-	-	-	-	-	-	-	-	-	-	non-mobilizable	p__Halobacteriota	c__Halobacteria	o__Halobacteriales	f__Haloferacaceae	g__Haloprofundus	s__Haloprofundus sp020097835
NZ_CP083668.1	1	149551	0.5374554499802743	2d5fe4f9a05e3a60586f95c9491d716c	-	-	-	-	-	-	-	-	non-mobilizable	CP009123	0.295981	Sphingopyxis fribergensis	AG626	AQ674	-	-	-	-	-	-	-	non-mobilizable	p__Halobacteriota	c__Halobacteria	o__Halobacteriales	f__Haloferacaceae	g__Haloprofundus	s__Haloprofundus sp020097835
NZ_CP083669.1	1	99406	0.5628734684023097	b283ef7fe19f2d558f90f34f8b3e246d	-	-	-	-	MPF_T	NC_015955_00540,NC_015667_00008	-	-	non-mobilizable	CP031654	1.0	Escherichia coli	AA379	AI397	-	-	-	-	-	-	-	non-mobilizable	p__Halobacteriota	c__Halobacteria	o__Halobacteriales	f__Haloferacaceae	g__Haloprofundus	s__Haloprofundus sp020097835
NZ_CP083670.1	1	49319	0.6171860743324074	4e4bfbd1bb01abb0fae4ef98e735aa4b	-	-	-	-	-	-	-	-	non-mobilizable	CP033202	0.295981	Xanthomonas oryzae pv. oryzae	AD399	AM953	-	-	-	-	-	-	-	non-mobilizable	p__Halobacteriota	c__Halobacteria	o__Halobacteriales	f__Haloferacaceae	g__Haloprofundus	s__Haloprofundus sp020097835
NZ_CP084319.1	1	285490	0.5969946407930226	82fdcf3039f1bcc0c64140aa15ba64df	-	-	-	-	-	-	-	-	non-mobilizable	CP012383	0.295981	Streptomyces ambofaciens ATCC 23877	AF420	AP366	-	-	-	-	-	-	-	non-mobilizable	p__Halobacteriota	c__Halobacteria	o__Halobacteriales	f__Natrialbaceae	g__Haloterrigena	s__Haloterrigena alkaliphila
NZ_CP084320.1	1	161705	0.6552240190470301	bbe27bda8c86b36903420fc0f1c0589b	-	-	-	-	-	-	-	-	non-mobilizable	CP020445	0.295981	Paracoccus yeei	AC885	AM242	-	-	-	-	-	-	-	non-mobilizable	p__Halobacteriota	c__Halobacteria	o__Halobacteriales	f__Natrialbaceae	g__Haloterrigena	s__Haloterrigena alkaliphila
NZ_CP084464.1	1	394162	0.675597850629944	dfc54ea46e333138fb91e26aa7f3e88d	-	-	-	-	-	-	-	-	non-mobilizable	LR134459	0.263022	Tsukamurella tyrosinosolvens	AG438	AQ473	-	-	-	-	-	-	-	non-mobilizable	p__Halobacteriota	c__Halobacteria	o__Halobacteriales	f__Haloarculaceae	g__Halomicrobium	s__Halomicrobium salinisoli
NZ_CP084465.1	1	80696	0.5734732824427481	76f11f4345ded92337d743259f17bd71	-	-	-	-	-	-	-	-	non-mobilizable	CP031654	1.0	Escherichia coli	AA379	AI397	-	-	-	-	-	-	-	mobilizable	p__Halobacteriota	c__Halobacteria	o__Halobacteriales	f__Haloarculaceae	g__Halomicrobium	s__Halomicrobium salinisoli
NZ_CP084467.1	1	524325	0.6502398321651648	4530ae17ec12d9ba5f6a8deca1c69056	-	-	-	-	-	-	-	-	non-mobilizable	CP007745	0.295981	Burkholderia cepacia ATCC 25416	AF428	AP376	-	-	-	-	-	-	-	mobilizable	p__Halobacteriota	c__Halobacteria	o__Halobacteriales	f__Haloarculaceae	g__Halomicrobium	s__Halomicrobium salinisoli
NZ_CP084468.1	1	103645	0.5564378407062569	3ee7dbf7a1edaee89b92e734c7f84db8	-	-	-	-	MPF_T	NC_002608_00127	-	-	non-mobilizable	CP031654	1.0	Escherichia coli	AA379	AI397	-	-	-	-	-	-	-	non-mobilizable	p__Halobacteriota	c__Halobacteria	o__Halobacteriales	f__Haloarculaceae	g__Halomicrobium	s__Halomicrobium salinisoli
NZ_CP084470.1	1	400082	0.5741697951919856	345d032c67efe784707ee104ee2ad80d	-	-	-	-	MPF_T	NC_002608_00127,NC_002608_00126	-	-	non-mobilizable	CP031591	0.295981	Rhodobacteraceae bacterium	AB496	AK303	-	-	-	-	-	-	-	non-mobilizable	p__Halobacteriota	c__Halobacteria	o__Halobacteriales	f__Natrialbaceae	g__Natrinema	s__Natrinema salinisoli
NZ_CP084471.1	1	113814	0.5460927478166131	d97879f21ebb3f5fe18d0872a2635c8e	-	-	-	-	MPF_T	NC_002608_00127,NC_015667_00008	-	-	non-mobilizable	CP031654	1.0	Escherichia coli	AA379	AI397	-	-	-	-	-	-	-	non-mobilizable	p__Halobacteriota	c__Halobacteria	o__Halobacteriales	f__Natrialbaceae	g__Natrinema	s__Natrinema salinisoli
NZ_CP084473.1	1	320393	0.5762423024223375	a89459f08eb6b576d5311ac1ab9f49ec	-	-	-	-	MPF_T	NC_019963_00206	-	-	non-mobilizable	CP035513	0.295981	Haematobacter massiliensis	AF009	AO907	-	-	-	-	-	-	-	non-mobilizable	p__Halobacteriota	c__Halobacteria	o__Halobacteriales	f__Natrialbaceae	g__Natrinema	s__Natrinema sp020405225
NZ_CP084474.1	1	334334	0.5502252238779185	992a88ed33fe1bb6435385f6cd0b4fbc	-	-	-	-	MPF_T	NC_013746_00233,NC_019963_00206,NC_019963_00204	-	-	non-mobilizable	CP031654	1.0	Escherichia coli	AA379	AI397	-	-	-	-	-	-	-	non-mobilizable	p__Halobacteriota	c__Halobacteria	o__Halobacteriales	f__Natrialbaceae	g__Natrinema	s__Natrinema sp020405225
NZ_CP084475.1	1	161989	0.5586058312601473	c9227d9484889f8712d37dabf5486cb5	-	-	-	-	MPF_T	NC_019963_00206	-	-	non-mobilizable	NC_008271	0.295981	Rhodococcus jostii RHA1	AG191	AQ212	-	-	-	-	-	-	-	non-mobilizable	p__Halobacteriota	c__Halobacteria	o__Halobacteriales	f__Natrialbaceae	g__Natrinema	s__Natrinema sp020405225
NZ_CP084476.1	1	79583	0.6090371059145797	8208c95e11ea7eca791401d684a2d652	-	-	-	-	-	-	-	-	non-mobilizable	LR134399	0.295981	Listeria monocytogenes	AG939	AQ995	-	-	-	-	-	-	-	non-mobilizable	p__Halobacteriota	c__Halobacteria	o__Halobacteriales	f__Natrialbaceae	g__Natrinema	s__Natrinema sp020405225
NZ_CP084477.1	1	57942	0.616461288875082	6b69d23fe6e6bccf49ddcf2f68f4e52b	-	-	-	-	-	-	-	-	non-mobilizable	CP031654	1.0	Escherichia coli	AA379	AI397	-	-	-	-	-	-	-	non-mobilizable	p__Halobacteriota	c__Halobacteria	o__Halobacteriales	f__Natrialbaceae	g__Natrinema	s__Natrinema sp020405225
NZ_CP084478.1	1	33932	0.5812507367676529	6efeff931205a670cf8e76be3aff387c	-	-	-	-	-	-	-	-	non-mobilizable	CP031654	1.0	Escherichia coli	AA379	AI397	-	-	-	-	-	-	-	non-mobilizable	p__Halobacteriota	c__Halobacteria	o__Halobacteriales	f__Natrialbaceae	g__Natrinema	s__Natrinema sp020405225
NZ_CP084880.1	1	425401	0.5533226297070294	7938e4545b67849dcc693c04c871f794	-	-	-	-	-	-	-	-	non-mobilizable	CP031654	1.0	Escherichia coli	AA379	AI397	-	-	-	-	-	-	-	non-mobilizable	p__Halobacteriota	c__Halobacteria	o__Halobacteriales	f__Natrialbaceae	g__Natrinema	s__Natrinema halophilum
NZ_CP084881.1	1	56996	0.5902694925959716	54d19699e237f8c8d06a9a1b44063ec2	-	-	-	-	-	-	-	-	non-mobilizable	CP031654	1.0	Escherichia coli	AA379	AI397	-	-	-	-	-	-	-	non-mobilizable	p__Halobacteriota	c__Halobacteria	o__Halobacteriales	f__Natrialbaceae	g__Natrinema	s__Natrinema halophilum
NZ_CP084882.1	1	508040	0.5452818675694827	61363d715389702c5a6ad8d87d4507b4	-	-	-	-	MPF_T	NC_013746_00233	-	-	non-mobilizable	CP028904	0.295981	Azospirillum humicireducens	AG728	AQ783	-	-	-	-	-	-	-	non-mobilizable	p__Halobacteriota	c__Halobacteria	o__Halobacteriales	f__Natrialbaceae	g__Natrinema	s__Natrinema sp013456555
NZ_CP084883.1	1	465323	0.5943011628481721	5b3a9c3d85d19209428ca5fb6ca2e673	-	-	-	-	-	-	-	-	non-mobilizable	CP020556	0.295981	Streptomyces sp. Sge12	AG372	AQ403	-	-	-	-	-	-	-	non-mobilizable	p__Halobacteriota	c__Halobacteria	o__Halobacteriales	f__Natrialbaceae	g__Natrinema	s__Natrinema sp013456555
NZ_CP084884.1	1	358925	0.5717629031134638	fe35a3957a7574fa27300fe7fdb6d831	-	-	-	-	MPF_T	NC_013746_00233	-	-	non-mobilizable	AP008932	0.295981	Rhodococcus erythropolis PR4	AD998	AN696	-	-	-	-	-	-	-	non-mobilizable	p__Halobacteriota	c__Halobacteria	o__Halobacteriales	f__Natrialbaceae	g__Natrinema	s__Natrinema sp013456555
NZ_CP084885.1	1	224373	0.5460371791614855	32a6186d931857c2ec5e9c834da2a9a2	-	-	-	-	MPF_T	NC_013746_00233	-	-	non-mobilizable	CP031654	1.0	Escherichia coli	AA379	AI397	-	-	-	-	-	-	-	non-mobilizable	p__Halobacteriota	c__Halobacteria	o__Halobacteriales	f__Natrialbaceae	g__Natrinema	s__Natrinema sp013456555
NZ_CP085325.1	1	135207	0.588268358886744	a60c746254a5157cf6bcf8499b7bd6ab	-	-	-	-	MPF_T	NC_002608_00127	-	-	non-mobilizable	CP000929	0.295981	Caulobacter sp. K31	AG154	AQ175	-	-	-	-	-	-	-	non-mobilizable	p__Halobacteriota	c__Halobacteria	o__Halobacteriales	f__Halobacteriaceae	g__Salarchaeum	s__Salarchaeum japonicum
NZ_CP085883.1	1	235323	0.6018876182948543	92d6691f98570ba4d6dd0fcd0ec21b3c	-	-	-	-	MPF_T	NC_002608_00127,NC_002608_00126	-	-	non-mobilizable	CP014802	0.295981	Salipiger profundus	AC364	AL532	-	-	-	-	-	-	-	non-mobilizable	p__Halobacteriota	c__Halobacteria	o__Halobacteriales	f__Halobacteriaceae	g__Halobacterium	s__Halobacterium salinarum
NZ_CP085884.1	1	42817	0.5781815633977159	92f92cc9edf4e65ca848b95a1e97369a	-	-	-	-	-	-	-	-	non-mobilizable	NC_023068	0.295981	Streptomyces sp. F11	AG351	AQ382	-	-	-	-	-	-	-	non-mobilizable	p__Halobacteriota	c__Halobacteria	o__Halobacteriales	f__Halobacteriaceae	g__Halobacterium	s__Halobacterium salinarum
NZ_CP087722.1	1	166871	0.552210989327085	f672457a87fbfaa54db8c62a0d8a5d57	-	-	-	-	-	-	-	-	non-mobilizable	CP017949	0.295981	Tenericutes bacterium MO-XQ	AG931	AQ987	-	-	-	-	-	-	-	non-mobilizable	p__Halobacteriota	c__Halobacteria	o__Halobacteriales	f__Haloferacaceae	g__Halalkaliarchaeum	s__Halalkaliarchaeum sp024972735
NZ_CP087725.1	1	34990	0.5284081166047442	6c2446ff88ef7e1c67a9266c8c7bce83	-	-	-	-	-	-	-	-	non-mobilizable	CP031654	1.0	Escherichia coli	AA379	AI397	-	-	-	-	-	-	-	non-mobilizable	p__Halobacteriota	c__Halobacteria	o__Halobacteriales	f__Halobacteriaceae	g__Halanaeroarchaeum	s__Halanaeroarchaeum sp024972755
NZ_CP089467.1	1	11599	0.6927321320803518	60039156cad7b288d7ebe499c97b95e6	-	-	-	-	-	-	-	-	non-mobilizable	KX009064	0.295981	Pseudomonas syringae pv. actinidiae	AG492	AQ535	-	-	-	-	-	-	-	non-mobilizable	p__Halobacteriota	c__Halobacteria	o__Halobacteriales	f__Halobacteriaceae	g__Halobacterium	s__Halobacterium litoreum
NZ_CP089469.1	1	368639	0.5859770669950819	3a043d64760f383230093c6ed83278e6	-	-	-	-	MPF_T	NC_002608_00127,NC_002608_00126	-	-	non-mobilizable	CP031654	1.0	Escherichia coli	AA379	AI397	-	-	-	-	-	-	-	mobilizable	p__Halobacteriota	c__Halobacteria	o__Halobacteriales	f__Halobacteriaceae	g__Halobacterium	s__Halobacterium noricense
NZ_CP089470.1	1	54438	0.5822770858591425	c1c66fb520e750456ac625b1c74e3252	-	-	-	-	-	-	-	-	non-mobilizable	CP034189	0.295981	Deinococcus sp. S14-83	AH208	AR264	-	-	-	-	-	-	-	non-mobilizable	p__Halobacteriota	c__Halobacteria	o__Halobacteriales	f__Halobacteriaceae	g__Halobacterium	s__Halobacterium noricense
NZ_CP089594.1	1	197166	0.668238945862877	48fb85f49bd6cfb95309992cc3adb493	-	-	-	-	-	-	-	-	non-mobilizable	AB597522	0.295981	Streptomyces rochei	AG434	AQ469	-	-	-	-	-	-	-	non-mobilizable	p__Halobacteriota	c__Halobacteria	o__Halobacteriales	f__Halobacteriaceae	g__Halobacterium	s__Halobacterium sp021249405
NZ_CP089595.1	1	121104	0.584794887039239	935a4857088ab5f2c579f9c84865132e	-	-	-	-	MPF_T	NC_002608_00127	-	-	non-mobilizable	CP030129	0.295981	Indioceanicola profundi	AH353	AR409	-	-	-	-	-	-	-	non-mobilizable	p__Halobacteriota	c__Halobacteria	o__Halobacteriales	f__Halobacteriaceae	g__Halobacterium	s__Halobacterium sp021249405
NZ_CP089596.1	1	1442	0.6081830790568654	741517442286e7522057d2d2aa8850de	-	-	-	-	-	-	-	-	non-mobilizable	CP031654	1.0	Escherichia coli	AA379	AI397	-	-	-	-	-	-	-	non-mobilizable	p__Halobacteriota	c__Halobacteria	o__Halobacteriales	f__Halobacteriaceae	g__Halobacterium	s__Halobacterium sp021249405
NZ_CP090372.1	1	263782	0.6920259911593665	59647973501160e9f190caccb44e3e8e	-	-	-	-	-	-	-	-	non-mobilizable	CP022568	0.295981	Rhizobium leguminosarum bv. viciae	AC690	AL983	-	-	-	-	-	-	-	non-mobilizable	p__Halobacteriota	c__Halobacteria	o__Halobacteriales	f__Haloferacaceae	g__Halobaculum	s__Halobaculum sp021431925
NZ_CP090373.1	1	135778	0.5775530645612691	cfd69530c61c6a5ef67349b9590ee36d	-	-	-	-	MPF_T	NC_002608_00127	-	-	non-mobilizable	CP000929	0.295981	Caulobacter sp. K31	AG154	AQ175	-	-	-	-	-	-	-	non-mobilizable	p__Halobacteriota	c__Halobacteria	o__Halobacteriales	f__Haloferacaceae	g__Halobaculum	s__Halobaculum sp021431925
NZ_CP090374.1	1	34475	0.6152574329224075	338b844f813a09283ff624d1e7bf1759	-	-	-	-	-	-	-	-	non-mobilizable	CP031654	1.0	Escherichia coli	AA379	AI397	-	-	-	-	-	-	-	non-mobilizable	p__Halobacteriota	c__Halobacteria	o__Halobacteriales	f__Haloferacaceae	g__Halobaculum	s__Halobaculum sp021431925
NZ_CP095006.1	1	406045	0.5567683384846507	71b4335706361f727f33c844e628dad1	-	-	-	-	-	-	-	-	non-mobilizable	CP032292	0.295981	Enterobacter cloacae	AA051	AH646	-	-	-	-	-	-	-	non-mobilizable	p__Halobacteriota	c__Halobacteria	o__Halobacteriales	f__Halococcaceae	g__Halococcus	s__Halococcus morrhuae
NZ_CP095007.1	1	260739	0.5663287808881678	dfb4802e81595d132368227bde3d67e8	-	-	-	-	-	-	-	-	non-mobilizable	CP031654	1.0	Escherichia coli	AA379	AI397	-	-	-	-	-	-	-	non-mobilizable	p__Halobacteriota	c__Halobacteria	o__Halobacteriales	f__Halococcaceae	g__Halococcus	s__Halococcus morrhuae
NZ_CP095008.1	1	123302	0.5708098814293361	b5dfe23db289910d5354e705e09e5d8e	-	-	-	-	-	-	-	-	non-mobilizable	NC_009753	0.295981	Paracoccus methylutens	AE522	AO321	-	-	-	-	-	-	-	non-mobilizable	p__Halobacteriota	c__Halobacteria	o__Halobacteriales	f__Halococcaceae	g__Halococcus	s__Halococcus morrhuae
NZ_CP095009.1	1	350887	0.5784910811742812	eb00558c830b900b58a2e4dba0198cda	-	-	-	-	-	-	-	-	non-mobilizable	CP031654	1.0	Escherichia coli	AA379	AI397	-	-	-	-	-	-	-	non-mobilizable	p__Halobacteriota	c__Halobacteria	o__Halobacteriales	f__Halococcaceae	g__Halococcus	s__Halococcus morrhuae
NZ_CP095010.1	1	56956	0.5658754125991994	267be8ac074f216f75ef0b71fad7bc1b	-	-	-	-	-	-	-	-	non-mobilizable	LR134460	0.295981	Tsukamurella tyrosinosolvens	AG621	AQ669	-	-	-	-	-	-	-	non-mobilizable	p__Halobacteriota	c__Halobacteria	o__Halobacteriales	f__Halococcaceae	g__Halococcus	s__Halococcus morrhuae
NZ_CP095398.1	1	861699	0.592481829501949	bc6d2b3d93da610193c2b7b22c5be0be	-	-	-	-	-	-	-	-	non-mobilizable	CP022568	0.295981	Rhizobium leguminosarum bv. viciae	AC690	AL983	-	-	-	-	-	-	-	non-mobilizable	p__Halobacteriota	c__Halobacteria	o__Halobacteriales	f__Natrialbaceae	g__Halovarius	s__Halovarius luteus
NZ_CP095399.1	1	93900	0.5456762513312035	9bdb03f1fb01716b46bddd40f24bb5e4	-	-	-	-	MPF_T	NC_002608_00127	-	-	non-mobilizable	CP033895	0.295981	Serratia liquefaciens	AF790	AP789	-	-	-	-	-	-	-	non-mobilizable	p__Halobacteriota	c__Halobacteria	o__Halobacteriales	f__Natrialbaceae	g__Halovarius	s__Halovarius luteus
NZ_CP095483.1	1	156912	0.629849852146426	57ccca8c1edb39db2f93b2606ab89e8a	-	-	-	-	-	-	-	-	non-mobilizable	CP002289	0.295981	Achromobacter xylosoxidans A8	AD461	AN026	-	-	-	-	-	-	-	non-mobilizable	p__Halobacteriota	c__Halobacteria	o__Halobacteriales	f__Haloarculaceae	g__Halorientalis	s__Halorientalis litorea
NZ_CP095484.1	1	109717	0.5720535559667144	775fde0995b71919f72719c73e38182e	-	-	-	-	MPF_T	NC_002608_00127	-	-	non-mobilizable	CP031654	1.0	Escherichia coli	AA379	AI397	-	-	-	-	-	-	-	non-mobilizable	p__Halobacteriota	c__Halobacteria	o__Halobacteriales	f__Haloarculaceae	g__Halorientalis	s__Halorientalis litorea
NZ_CP095485.1	1	140250	0.5678003565062388	b990e72fb21f3a2ed2fa5bca7d439b10	-	-	-	-	MPF_T	NC_002608_00127,NC_002608_00126	-	-	non-mobilizable	-	1	-	-	-	-	-	-	-	-	-	-	non-mobilizable	p__Halobacteriota	c__Halobacteria	o__Halobacteriales	f__Haloarculaceae	g__Halorientalis	s__Halorientalis litorea
NZ_CP095486.1	1	8896	0.6241007194244604	31220cd78aaf9b4e91f44c5e75c918fc	-	-	-	-	-	-	-	-	non-mobilizable	CP013003	0.295981	Caulobacter henricii	AG156	AQ177	-	-	-	-	-	-	-	non-mobilizable	p__Halobacteriota	c__Halobacteria	o__Halobacteriales	f__Haloarculaceae	g__Halorientalis	s__Halorientalis litorea
NZ_CP095492.1	1	562212	0.6289833728202173	4353c1cf167cc4b4abea236ab5914320	-	-	-	-	-	-	-	-	non-mobilizable	CP002909	0.295981	Gordonia sp. KTR9	AG146	AQ167	-	-	-	-	-	-	-	non-mobilizable	p__Halobacteriota	c__Halobacteria	o__Halobacteriales	f__Natrialbaceae	g__JALIQP01	s__JALIQP01 sp023028105
NZ_CP095493.1	1	200542	0.6536735446938796	7b8a09845f9fa035b67ff2babb6f3038	-	-	-	-	-	-	-	-	non-mobilizable	CP031654	1.0	Escherichia coli	AA379	AI397	-	-	-	-	-	-	-	non-mobilizable	p__Halobacteriota	c__Halobacteria	o__Halobacteriales	f__Natrialbaceae	g__JALIQP01	s__JALIQP01 sp023028105
NZ_CP095494.1	1	88308	0.5590773202880827	86a85a243fd83d16a44406fe071a9304	-	-	-	-	-	-	-	-	non-mobilizable	CP031654	1.0	Escherichia coli	AA379	AI397	-	-	-	-	-	-	-	non-mobilizable	p__Halobacteriota	c__Halobacteria	o__Halobacteriales	f__Natrialbaceae	g__JALIQP01	s__JALIQP01 sp023028105
NZ_CP096020.1	1	532509	0.5614552993470533	718ea544fd7f88273613c2945667c17c	-	-	-	-	-	-	-	-	non-mobilizable	CP007745	0.295981	Burkholderia cepacia ATCC 25416	AF428	AP376	-	-	-	-	-	-	-	non-mobilizable	p__Halobacteriota	c__Halobacteria	o__Halobacteriales	f__Haloarculaceae	g__Halocatena	s__Halocatena sp023115355
NZ_CP096021.1	1	415306	0.5472663530023645	ed3b4b3bc94f72a236a1478c33ac8ab6	-	-	-	-	-	-	-	-	non-mobilizable	CP022519	0.295981	Pantoea vagans	AC136	AL203	-	-	-	-	-	-	-	non-mobilizable	p__Halobacteriota	c__Halobacteria	o__Halobacteriales	f__Haloarculaceae	g__Halocatena	s__Halocatena sp023115355
NZ_CP096022.1	1	364940	0.5457088836521072	d291bfe33d9e2acc941e32b692eda7e7	-	-	-	-	-	-	-	-	non-mobilizable	CP029211	0.295981	Aquabacterium olei	AF410	AP355	-	-	-	-	-	-	-	non-mobilizable	p__Halobacteriota	c__Halobacteria	o__Halobacteriales	f__Haloarculaceae	g__Halocatena	s__Halocatena sp023115355
NZ_CP096023.1	1	172315	0.5380030757624119	51bf653490bfed4e0af505f91c42e113	-	-	-	-	-	-	-	-	non-mobilizable	CP031654	1.0	Escherichia coli	AA379	AI397	-	-	-	-	-	-	-	non-mobilizable	p__Halobacteriota	c__Halobacteria	o__Halobacteriales	f__Haloarculaceae	g__Halocatena	s__Halocatena sp023115355
NZ_CP098515.1	1	154567	0.574618126767033	ed58442c80e9251ee72dea9686ed754a	-	-	-	-	-	-	-	-	non-mobilizable	CP031654	1.0	Escherichia coli	AA379	AI397	-	-	-	-	-	-	-	non-mobilizable	p__Halobacteriota	c__Halobacteria	o__Halobacteriales	f__Haloferacaceae	g__Haloplanus	s__Haloplanus sp023703775
NZ_CP098516.1	1	163815	0.5814791075298354	d47e56250df2cf7cf4637b417620b672	-	-	-	-	-	-	-	-	non-mobilizable	CP045327	0.295981	Mycobacterium sp. THAF192	AF089	AP001	-	-	-	-	-	-	-	non-mobilizable	p__Halobacteriota	c__Halobacteria	o__Halobacteriales	f__Haloferacaceae	g__Haloplanus	s__Haloplanus sp023703775
NZ_CP098517.1	1	107228	0.5787294363412542	a838a68b40f933852f5648e4648819b1	-	-	-	-	MPF_T	NC_002608_00127,NC_002608_00126	-	-	non-mobilizable	CP000929	0.295981	Caulobacter sp. K31	AG154	AQ175	-	-	-	-	-	-	-	non-mobilizable	p__Halobacteriota	c__Halobacteria	o__Halobacteriales	f__Haloferacaceae	g__Haloplanus	s__Haloplanus sp023703775
NZ_CP098519.1	1	124451	0.5587821712963335	4cf4b465cc5268c4931cd2dcb2795a93	-	-	-	-	MPF_T	NC_002608_00127,NC_002608_00126	-	-	non-mobilizable	CP014802	0.295981	Salipiger profundus	AC364	AL532	-	-	-	-	-	-	-	non-mobilizable	p__Halobacteriota	c__Halobacteria	o__Halobacteriales	f__Haloferacaceae	g__Haloplanus	s__Haloplanus sp023703795
NZ_CP098520.1	1	200002	0.5798092019079809	2a17e8e75408d53f20caaa45face0e7d	-	-	-	-	-	-	-	-	non-mobilizable	AP012038	0.295981	Acidiphilium multivorum AIU301	AD777	AN432	-	-	-	-	-	-	-	non-mobilizable	p__Halobacteriota	c__Halobacteria	o__Halobacteriales	f__Haloferacaceae	g__Haloplanus	s__Haloplanus sp023703795
NZ_CP099392.1	1	392952	0.605926423583542	5ed5aeb34dc211837836ba813e7f1395	-	-	-	-	-	-	-	-	non-mobilizable	CP019314	0.295981	Tateyamaria omphalii	AG437	AQ472	-	-	-	-	-	-	-	non-mobilizable	p__Halobacteriota	c__Halobacteria	o__Halobacteriales	f__Natrialbaceae	g__Natronococcus	s__Natronococcus sp023913515
NZ_CP099393.1	1	378493	0.5559600838060413	98529b6ccf38992c7226e107b1a98b38	-	-	-	-	-	-	-	-	non-mobilizable	NC_014124	0.295981	Pseudomonas putida	AC066	AL098	-	-	-	-	-	-	-	non-mobilizable	p__Halobacteriota	c__Halobacteria	o__Halobacteriales	f__Natrialbaceae	g__Natronococcus	s__Natronococcus sp023913515
NZ_CP100405.1	1	363878	0.5928910239146088	24872700bb921b1c6ab5e2675d911699	-	-	-	-	-	-	-	-	non-mobilizable	CP006765	0.295981	Corynebacterium doosanense CAU 212 = DSM 45436	AA774	AJ119	-	-	-	-	-	-	-	non-mobilizable	p__Halobacteriota	c__Halobacteria	o__Halobacteriales	f__Haloarculaceae	g__Halomicroarcula	s__Halomicroarcula sp024218775
NZ_CP100406.1	1	18001	0.6205766346314093	de019ee589c38d65516043cac559ed4d	-	-	-	-	-	-	-	-	non-mobilizable	CP003955	0.263022	Rhodococcus opacus PD630	AG851	AQ907	-	-	-	-	-	-	-	non-mobilizable	p__Halobacteriota	c__Halobacteria	o__Halobacteriales	f__Haloarculaceae	g__Halomicroarcula	s__Halomicroarcula sp024218775
NZ_CP100408.1	1	310000	0.6009322580645161	ff1de7f2f85c27e1b1edbeb10ea47660	-	-	-	-	-	-	-	-	non-mobilizable	CP006765	0.295981	Corynebacterium doosanense CAU 212 = DSM 45436	AA774	AJ119	-	-	-	-	-	-	-	non-mobilizable	p__Halobacteriota	c__Halobacteria	o__Halobacteriales	f__Haloarculaceae	g__Halomicroarcula	s__Halomicroarcula sp024218775
NZ_CP100409.1	1	187118	0.5490759841383512	584f98b1336ac2713529430a8f2e2332	-	-	-	-	-	-	-	-	non-mobilizable	CP031654	1.0	Escherichia coli	AA379	AI397	-	-	-	-	-	-	-	non-mobilizable	p__Halobacteriota	c__Halobacteria	o__Halobacteriales	f__Haloarculaceae	g__Halomicroarcula	s__Halomicroarcula sp024218775
NZ_CP100410.1	1	94501	0.5445021745801631	a394902388eb1ff952e7aa4e699bced6	-	-	-	-	MPF_T	NC_015955_00540	-	-	non-mobilizable	CP031654	1.0	Escherichia coli	AA379	AI397	-	-	-	-	-	-	-	non-mobilizable	p__Halobacteriota	c__Halobacteria	o__Halobacteriales	f__Haloarculaceae	g__Halomicroarcula	s__Halomicroarcula sp024218775
NZ_CP100446.1	1	715316	0.6025840327911021	1af9da250358aef8e3b8f62eba8f4ff8	-	-	-	-	-	-	-	-	non-mobilizable	CP031654	1.0	Escherichia coli	AA379	AI397	-	-	-	-	-	-	-	non-mobilizable	p__Halobacteriota	c__Halobacteria	o__Halobacteriales	f__Natrialbaceae	g__Natrinema	s__Natrinema sp024227435
NZ_CP100447.1	1	113539	0.566633491575582	db4ba9471f0d60a29e49bb4e88c77d20	-	-	-	-	-	-	-	-	non-mobilizable	CP031654	1.0	Escherichia coli	AA379	AI397	-	-	-	-	-	-	-	non-mobilizable	p__Halobacteriota	c__Halobacteria	o__Halobacteriales	f__Natrialbaceae	g__Natrinema	s__Natrinema sp024227435
NZ_CP100449.1	1	374934	0.6698272229245681	e58116c828eb939b5b96fdf8871922d6	-	-	-	-	-	-	-	-	non-mobilizable	CP032326	0.295981	Azospirillum brasilense	AF224	AP147	-	-	-	-	-	-	-	non-mobilizable	p__Halobacteriota	c__Halobacteria	o__Halobacteriales	f__Haloarculaceae	g__Halomarina	s__Halomarina sp024227715
NZ_CP100450.1	1	118989	0.5780954542016489	8bce99e9123e9c61f99b6bb079ae929b	-	-	-	-	MPF_T	NC_013746_00233	-	-	non-mobilizable	CP028845	0.295981	Methylobacterium currus	AC719	AM022	-	-	-	-	-	-	-	non-mobilizable	p__Halobacteriota	c__Halobacteria	o__Halobacteriales	f__Haloarculaceae	g__Halomarina	s__Halomarina sp024227715
NZ_CP100451.1	1	159483	0.5946966134321526	2c641f24c07108cce17fb62881f22537	-	-	-	-	-	-	-	-	non-mobilizable	CP031654	1.0	Escherichia coli	AA379	AI397	-	-	-	-	-	-	-	non-mobilizable	p__Halobacteriota	c__Halobacteria	o__Halobacteriales	f__Haloarculaceae	g__Halomarina	s__Halomarina sp024227715
NZ_CP100452.1	1	94505	0.687953018358817	15c71c647e76a73f64ffc20b3b6758d2	-	-	-	-	-	-	-	-	non-mobilizable	CP015095	0.295981	Pelagibaca abyssi	AG585	AQ633	-	-	-	-	-	-	-	non-mobilizable	p__Halobacteriota	c__Halobacteria	o__Halobacteriales	f__Haloarculaceae	g__Halomarina	s__Halomarina sp024227715
NZ_CP100453.1	1	10819	0.6394306312967927	64ab63d23bc709a9e53f6b2bdf0d5b3a	-	-	-	-	-	-	-	-	non-mobilizable	CP021119	0.295981	Streptomyces sp. CLI2509	AG689	AQ742	-	-	-	-	-	-	-	non-mobilizable	p__Halobacteriota	c__Halobacteria	o__Halobacteriales	f__Haloarculaceae	g__Halomarina	s__Halomarina sp024227715
NZ_CP100455.1	1	617328	0.679144636238758	2335c80850efda31b8880ec3e554dcd3	-	-	-	-	-	-	-	-	non-mobilizable	CP007745	0.295981	Burkholderia cepacia ATCC 25416	AF428	AP376	-	-	-	-	-	-	-	non-mobilizable	p__Halobacteriota	c__Halobacteria	o__Halobacteriales	f__Haloarculaceae	g__Halomarina	s__Halomarina sp024228315
NZ_CP100456.1	1	104301	0.6257274618651787	24e1a84ca10d8f9ea7bbd1f328940713	-	-	-	-	-	-	-	-	non-mobilizable	CP026928	0.295981	Agrobacterium tumefaciens	AB152	AJ761	-	-	-	-	-	-	-	non-mobilizable	p__Halobacteriota	c__Halobacteria	o__Halobacteriales	f__Haloarculaceae	g__Halomarina	s__Halomarina sp024228315
NZ_CP100457.1	1	144667	0.5653673609046984	e23fb47cb8503f483a00023fe215cff1	-	-	-	-	-	-	-	-	non-mobilizable	CP031654	1.0	Escherichia coli	AA379	AI397	-	-	-	-	-	-	-	mobilizable	p__Halobacteriota	c__Halobacteria	o__Halobacteriales	f__Haloarculaceae	g__Halomarina	s__Halomarina sp024228315
NZ_CP100458.1	1	81511	0.5465151942682582	7b92c1042a0818723b6fa44aa2660e59	-	-	-	-	-	-	-	-	non-mobilizable	CP025550	0.295981	Mycobacterium paragordonae	AG631	AQ679	-	-	-	-	-	-	-	non-mobilizable	p__Halobacteriota	c__Halobacteria	o__Halobacteriales	f__Haloarculaceae	g__Halomarina	s__Halomarina sp024228315
NZ_CP100459.1	1	95860	0.6595660337992907	1d338cdb25d125ab0c13053c839dbae9	-	-	-	-	-	-	-	-	non-mobilizable	LR134445	0.295981	Tsukamurella tyrosinosolvens	AF049	AO952	-	-	-	-	-	-	-	non-mobilizable	p__Halobacteriota	c__Halobacteria	o__Halobacteriales	f__Haloarculaceae	g__Halomarina	s__Halomarina sp024228315
NZ_CP100460.1	1	16726	0.6756546693770178	90ecd627830340b4c421d64f7bc89468	-	-	-	-	-	-	-	-	non-mobilizable	CP031654	1.0	Escherichia coli	AA379	AI397	-	-	-	-	-	-	-	mobilizable	p__Halobacteriota	c__Halobacteria	o__Halobacteriales	f__Haloarculaceae	g__Halomarina	s__Halomarina sp024228315
NZ_CP101155.1	1	147277	0.5663002369684337	376ce698b0520401a4c19f83e7ea5263	-	-	-	-	-	-	-	-	non-mobilizable	CP031654	1.0	Escherichia coli	AA379	AI397	-	-	-	-	-	-	-	non-mobilizable	p__Halobacteriota	c__Halobacteria	o__Halobacteriales	f__Haloarculaceae	g__Natronomonas	s__Natronomonas sp024298905
NZ_CP101324.1	1	107365	0.584482838913985	30ffecfd903790ae16e1fd13ee4c8a7d	-	-	-	-	MPF_T	NC_002608_00127	-	-	non-mobilizable	CP031654	1.0	Escherichia coli	AA379	AI397	-	-	-	-	-	-	-	non-mobilizable	p__Halobacteriota	c__Halobacteria	o__Halobacteriales	f__Haloarculaceae	g__Natronomonas	s__Natronomonas gomsonensis
NZ_CP101826.1	1	241318	0.551322321583968	e1bc9c2a109c509ca3b5b332e5dff397	-	-	-	-	MPF_T	NC_015955_00540,NC_015667_00008	-	-	non-mobilizable	CP014802	0.295981	Salipiger profundus	AC364	AL532	-	-	-	-	-	-	-	non-mobilizable	p__Halobacteriota	c__Halobacteria	o__Halobacteriales	f__Haloferacaceae	g__Halobellus	s__Halobellus inordinatus
NZ_CP101874.1	1	89896	0.5474770846311293	aab0732618c12919c47e11c1f468a58c	-	-	-	-	MPF_T	NC_019963_00206	-	-	non-mobilizable	CP031654	1.0	Escherichia coli	AA379	AI397	-	-	-	-	-	-	-	non-mobilizable	p__Halobacteriota	c__Halobacteria	o__Halobacteriales	f__Natrialbaceae	g__Natrinema	s__Natrinema thermotolerans
NZ_CP101875.1	1	29798	0.5580575877575676	d2cd21ddbafbcfb32ec81474d5d9d7d3	-	-	-	-	-	-	-	-	non-mobilizable	CP031654	1.0	Escherichia coli	AA379	AI397	-	-	-	-	-	-	-	non-mobilizable	p__Halobacteriota	c__Halobacteria	o__Halobacteriales	f__Natrialbaceae	g__Natrinema	s__Natrinema thermotolerans
NZ_CP101876.1	1	17198	0.6400162809629026	4b8b9bf2a395288f5c280e59e4166b08	-	-	-	-	-	-	-	-	non-mobilizable	CP031654	1.0	Escherichia coli	AA379	AI397	-	-	-	-	-	-	-	non-mobilizable	p__Halobacteriota	c__Halobacteria	o__Halobacteriales	f__Natrialbaceae	g__Natrinema	s__Natrinema thermotolerans
NZ_CP104742.1	1	577800	0.6276306680512288	d4cadb9032931772ccdca3368226b9ac	-	-	-	-	-	-	-	-	non-mobilizable	CP026928	0.295981	Agrobacterium tumefaciens	AB152	AJ761	-	-	-	-	-	-	-	non-mobilizable	p__Halobacteriota	c__Halobacteria	o__Halobacteriales	f__Haloferacaceae	g__Haloferax	s__Haloferax volcanii
NZ_CP104743.1	1	285035	0.6665953303980213	7b05ae0bd308e7303f27e5bd05ec682e	-	-	-	-	-	-	-	-	non-mobilizable	CP031654	1.0	Escherichia coli	AA379	AI397	-	-	-	-	-	-	-	non-mobilizable	p__Halobacteriota	c__Halobacteria	o__Halobacteriales	f__Haloferacaceae	g__Haloferax	s__Haloferax volcanii
NZ_CP104744.1	1	145200	0.5528512396694215	377e9e2d180bc3532224da6fdd80fbd4	-	-	-	-	MPF_T	NC_015955_00540	-	-	non-mobilizable	CP031654	1.0	Escherichia coli	AA379	AI397	-	-	-	-	-	-	-	non-mobilizable	p__Halobacteriota	c__Halobacteria	o__Halobacteriales	f__Haloferacaceae	g__Haloferax	s__Haloferax volcanii
NZ_CP106967.1	1	540216	0.6327246879026167	9ee8a083cf17d43d58d328bf7245acc1	-	-	-	-	MPF_T	NC_015955_00540	-	-	non-mobilizable	CP026928	0.295981	Agrobacterium tumefaciens	AB152	AJ761	-	-	-	-	-	-	-	non-mobilizable	p__Halobacteriota	c__Halobacteria	o__Halobacteriales	f__Haloferacaceae	g__Haloferax	s__Haloferax volcanii
NZ_CP106968.1	1	296688	0.6643814377393087	c2f81d53cf97a3d38c9ea927b3e9ba61	-	-	-	-	-	-	-	-	non-mobilizable	KY000038	0.295981	Agrobacterium rhizogenes	AC838	AM188	-	-	-	-	-	-	-	non-mobilizable	p__Halobacteriota	c__Halobacteria	o__Halobacteriales	f__Haloferacaceae	g__Haloferax	s__Haloferax volcanii
NZ_CP106969.1	1	137009	0.5716996693647862	41bafbecc6a2a989291b7c04c07d6f44	-	-	-	-	-	-	-	-	non-mobilizable	AP017627	0.295981	Pleomorphomonas sp. SM30	AE071	AN779	-	-	-	-	-	-	-	non-mobilizable	p__Halobacteriota	c__Halobacteria	o__Halobacteriales	f__Haloferacaceae	g__Haloferax	s__Haloferax volcanii
NZ_CP106970.1	1	101276	0.5533986334373395	5fc04afb7284bfaaa6a9494b3d47f1a5	-	-	-	-	MPF_T	NC_015955_00540	-	-	non-mobilizable	CP031654	1.0	Escherichia coli	AA379	AI397	-	-	-	-	-	-	-	non-mobilizable	p__Halobacteriota	c__Halobacteria	o__Halobacteriales	f__Haloferacaceae	g__Haloferax	s__Haloferax volcanii
NZ_CP109786.1	1	41784	0.5257754164273406	639fc1fe4dfa56ae43f9f4937fa04d82	-	-	-	-	-	-	-	-	non-mobilizable	CP031654	1.0	Escherichia coli	AA379	AI397	-	-	-	-	-	-	-	non-mobilizable	p__Halobacteriota	c__Halobacteria	o__Halobacteriales	f__Haloarculaceae	g__Halocatena	s__Halocatena sp023276375
NZ_CP109980.1	1	473209	0.5239439655627851	fa50bd396dc92c6da97e69dbe4f2aced	-	-	-	-	-	-	-	-	non-mobilizable	CP002866	0.295981	Zymomonas mobilis subsp. pomaceae ATCC 29192	AB790	AK720	-	-	-	-	-	-	-	non-mobilizable	p__Halobacteriota	c__Halobacteria	o__Halobacteriales	f__Haloarculaceae	g__Halocatena	s__Halocatena sp023276375
NZ_CP109981.1	1	364652	0.5259535118414269	6a3633455b7c59c558507d63b6dc4f29	-	-	-	-	-	-	-	-	non-mobilizable	CP031654	1.0	Escherichia coli	AA379	AI397	-	-	-	-	-	-	-	non-mobilizable	p__Halobacteriota	c__Halobacteria	o__Halobacteriales	f__Haloarculaceae	g__Halocatena	s__Halocatena sp023276375
NZ_CP109982.1	1	316817	0.5326576541031574	ef3b7018477ea28a378b4c86e4d487c4	-	-	-	-	-	-	-	-	non-mobilizable	CP031654	1.0	Escherichia coli	AA379	AI397	-	-	-	-	-	-	-	non-mobilizable	p__Halobacteriota	c__Halobacteria	o__Halobacteriales	f__Haloarculaceae	g__Halocatena	s__Halocatena sp023276375
NZ_CP110250.1	1	474910	0.5242298540776147	3fdf1ad6e95e58d2c825e8b7db9042d2	-	-	-	-	-	-	-	-	non-mobilizable	CP002866	0.295981	Zymomonas mobilis subsp. pomaceae ATCC 29192	AB790	AK720	-	-	-	-	-	-	-	non-mobilizable	p__Halobacteriota	c__Halobacteria	o__Halobacteriales	f__Haloarculaceae	g__Halocatena	s__Halocatena sp023276375
NZ_CP110251.1	1	359540	0.5236385381320576	fdc94f268afe8054fcf25cc2f0258e3c	-	-	-	-	-	-	-	-	non-mobilizable	CP031654	1.0	Escherichia coli	AA379	AI397	-	-	-	-	-	-	-	non-mobilizable	p__Halobacteriota	c__Halobacteria	o__Halobacteriales	f__Haloarculaceae	g__Halocatena	s__Halocatena sp023276375
NZ_CP110252.1	1	317901	0.5366922406661193	1dfb3457bfcf7e5e05bbd0de3e50007b	-	-	-	-	-	-	-	-	non-mobilizable	CP031654	1.0	Escherichia coli	AA379	AI397	-	-	-	-	-	-	-	non-mobilizable	p__Halobacteriota	c__Halobacteria	o__Halobacteriales	f__Haloarculaceae	g__Halocatena	s__Halocatena sp023276375
NZ_CP111037.1	1	394338	0.5685985119364606	319d9b81b33de918fc7d7a85762fb1c1	-	-	-	-	-	-	-	-	non-mobilizable	-	1	-	-	-	-	-	-	-	-	-	-	non-mobilizable	p__Halobacteriota	c__Halobacteria	o__Halobacteriales	f__Haladaptataceae	g__Haladaptatus	s__Haladaptatus [species 0010]
NZ_CP111038.1	1	142345	0.5150233587410868	26e65395010759f0fa7ae24c74de3931	-	-	-	-	-	-	-	-	non-mobilizable	CP031654	1.0	Escherichia coli	AA379	AI397	-	-	-	-	-	-	-	non-mobilizable	p__Halobacteriota	c__Halobacteria	o__Halobacteriales	f__Haladaptataceae	g__Haladaptatus	s__Haladaptatus [species 0010]
NZ_CP111039.1	1	80215	0.5089571775852396	39f61797ce8893e482633fcf9ebc7937	-	-	-	-	-	-	-	-	non-mobilizable	CP016489	0.295981	Synechococcus sp. PCC 8807	AF245	AP173	-	-	-	-	-	-	-	non-mobilizable	p__Halobacteriota	c__Halobacteria	o__Halobacteriales	f__Haladaptataceae	g__Haladaptatus	s__Haladaptatus [species 0010]
NZ_CP111040.1	1	606999	0.5120370873757617	22095b3b7d9245684d2e12458b8fbfb9	-	-	-	-	-	-	-	-	non-mobilizable	CP031654	1.0	Escherichia coli	AA379	AI397	-	-	-	-	-	-	-	non-mobilizable	p__Halobacteriota	c__Halobacteria	o__Halobacteriales	f__Haladaptataceae	g__Haladaptatus	s__Haladaptatus [species 0010]
NZ_CP111041.1	1	557465	0.5288762523207735	51367acd2cbb097d07c3f65ee0fe4934	-	-	-	-	-	-	-	-	non-mobilizable	CP031654	1.0	Escherichia coli	AA379	AI397	-	-	-	-	-	-	-	non-mobilizable	p__Halobacteriota	c__Halobacteria	o__Halobacteriales	f__Haladaptataceae	g__Haladaptatus	s__Haladaptatus [species 0010]
NZ_CP111042.1	1	389240	0.5112424211283527	5161cc1aa9cb2fd8c99eccef2ca2cfeb	-	-	-	-	-	-	-	-	non-mobilizable	CP015740	0.263022	Shinella sp. HZN7	AF729	AP720	-	-	-	-	-	-	-	non-mobilizable	p__Halobacteriota	c__Halobacteria	o__Halobacteriales	f__Haladaptataceae	g__Haladaptatus	s__Haladaptatus [species 0010]
NZ_CP119560.1	1	525049	0.6187270140501172	4b586537901e7c7f7ba6faf3eacd3d52	-	-	-	-	-	-	-	-	non-mobilizable	CP019314	0.295981	Tateyamaria omphalii	AG437	AQ472	-	-	-	-	-	-	-	non-mobilizable	p__Halobacteriota	c__Halobacteria	o__Halobacteriales	f__Haloarculaceae	g__	s__[Genus] [species 0002]
NZ_CP119783.1	1	586205	0.6040327189293848	d01964e1cd6739e768b2f6a96bf3bfd7	-	-	-	-	-	-	-	-	non-mobilizable	CP007238	0.295981	Ensifer adhaerens OV14	AD839	AN501	-	-	-	-	-	-	-	non-mobilizable	p__Halobacteriota	c__Halobacteria	o__Halobacteriales	f__	g__	s__[Genus] [species 0001]
NZ_CP119784.1	1	268757	0.5522125935324476	c01112a167771b25b654bd5e04096735	-	-	-	-	MPF_T	NC_013746_00233	-	-	non-mobilizable	CP031654	1.0	Escherichia coli	AA379	AI397	-	-	-	-	-	-	-	non-mobilizable	p__Halobacteriota	c__Halobacteria	o__Halobacteriales	f__	g__	s__[Genus] [species 0001]
NZ_CP119786.1	1	247600	0.6457835218093699	b8bf285a2b913a8e709c0be3f12f1d6e	-	-	-	-	-	-	-	-	non-mobilizable	CP031654	1.0	Escherichia coli	AA379	AI397	-	-	-	-	-	-	-	non-mobilizable	p__Halobacteriota	c__Halobacteria	o__Halobacteriales	f__Haloarculaceae	g__Halomicroarcula	s__Halomicroarcula [species 0008]
NZ_CP119788.1	1	129378	0.5342793983521155	31dc60d8cb422d0e3e63ba3d24572049	-	-	-	-	-	-	-	-	non-mobilizable	CP031654	1.0	Escherichia coli	AA379	AI397	-	-	-	-	-	-	-	non-mobilizable	p__Halobacteriota	c__Halobacteria	o__Halobacteriales	f__Haloarculaceae	g__	s__[Genus] [species 0004]
NZ_CP119790.1	1	335333	0.5982381692228322	561127fa58ea6cb80d76724949890ee2	-	-	-	-	-	-	-	-	non-mobilizable	CP000665	0.295981	Rhodobacter sphaeroides ATCC 17025	AG652	AQ703	-	-	-	-	-	-	-	non-mobilizable	p__Halobacteriota	c__Halobacteria	o__Halobacteriales	f__Haloarculaceae	g__	s__[Genus] [species 0006]
NZ_CP119792.1	1	598243	0.6011854714555791	75bea4c75fe426d5dca0e499678fc051	-	-	-	-	-	-	-	-	non-mobilizable	CP007238	0.295981	Ensifer adhaerens OV14	AD839	AN501	-	-	-	-	-	-	-	non-mobilizable	p__Halobacteriota	c__Halobacteria	o__Halobacteriales	f__	g__	s__[Genus] [species 0001]
NZ_CP119797.1	1	916029	0.6315673412086299	976633ad3a1879cbf3e7786abca4994b	-	-	-	-	-	-	-	-	non-mobilizable	FQ311874	0.295981	Azospirillum lipoferum 4B	AB810	AK754	-	-	-	-	-	-	-	non-mobilizable	p__Halobacteriota	c__Halobacteria	o__Halobacteriales	f__Natrialbaceae	g__KZCA124	s__KZCA124 sp017357405
NZ_CP119798.1	1	176392	0.5754569368225316	19f47432d4857a627e3271cf2c34189d	-	-	-	-	-	-	-	-	non-mobilizable	CP031654	1.0	Escherichia coli	AA379	AI397	-	-	-	-	-	-	-	non-mobilizable	p__Halobacteriota	c__Halobacteria	o__Halobacteriales	f__Natrialbaceae	g__KZCA124	s__KZCA124 sp017357405
NZ_CP119799.1	1	323102	0.5857252508495769	eab55c3e09471ebbeb8d685708f722ae	-	-	-	-	-	-	-	-	non-mobilizable	CP031654	1.0	Escherichia coli	AA379	AI397	-	-	-	-	-	-	-	non-mobilizable	p__Halobacteriota	c__Halobacteria	o__Halobacteriales	f__Natrialbaceae	g__KZCA124	s__KZCA124 sp017357405
NZ_CP119800.1	1	402143	0.6388051016678147	a5c4cac68f55d1d6ba235075f781e3d2	-	-	-	-	-	-	-	-	non-mobilizable	CP018918	0.295981	Serratia marcescens	AF788	AP786	-	-	-	-	-	-	-	non-mobilizable	p__Halobacteriota	c__Halobacteria	o__Halobacteriales	f__Natrialbaceae	g__KZCA124	s__KZCA124 sp017357405
NZ_CP119801.1	1	58880	0.5884001358695652	661d6392ee64b8dfe4a763c5143ece4e	-	-	-	-	-	-	-	-	non-mobilizable	CP012186	0.295981	Pseudonocardia sp. EC080619-01	AF126	AP041	-	-	-	-	-	-	-	non-mobilizable	p__Halobacteriota	c__Halobacteria	o__Halobacteriales	f__Natrialbaceae	g__KZCA124	s__KZCA124 sp017357405
NZ_CP119806.1	1	87025	0.5449353634013214	c2414abc7752207cf932465f68a8dea1	-	-	-	-	MPF_T	NC_015955_00540	-	-	non-mobilizable	CP031654	1.0	Escherichia coli	AA379	AI397	-	-	-	-	-	-	-	non-mobilizable	p__Halobacteriota	c__Halobacteria	o__Halobacteriales	f__Haladaptataceae	g__Halorussus	s__Halorussus [species 0012]
NZ_CP119810.1	1	427347	0.6571802305854493	faa9916ccbe2b97c6bd924cab7f2f684	-	-	-	-	-	-	-	-	non-mobilizable	CP018090	0.295981	Xanthomonas oryzae pv. oryzae	AA925	AJ399	-	-	-	-	-	-	-	non-mobilizable	p__Halobacteriota	c__Halobacteria	o__Halobacteriales	f__Haladaptataceae	g__Halorussus	s__Halorussus [species 0014]
NZ_CP119811.1	1	185391	0.6183148049258055	0aadc03539c4fce3ec247aab630f3aa6	-	-	-	-	-	-	-	-	non-mobilizable	CP020929	0.295981	Weissella cibaria	AE881	AO746	-	-	-	-	-	-	-	non-mobilizable	p__Halobacteriota	c__Halobacteria	o__Halobacteriales	f__Haladaptataceae	g__Halorussus	s__Halorussus [species 0014]
NZ_CP119812.1	1	150959	0.5991560622420657	b9528035416660f6397e2467ed3e23a3	-	-	-	-	-	-	-	-	non-mobilizable	CP031654	1.0	Escherichia coli	AA379	AI397	-	-	-	-	-	-	-	non-mobilizable	p__Halobacteriota	c__Halobacteria	o__Halobacteriales	f__Haladaptataceae	g__Halorussus	s__Halorussus [species 0014]
NZ_CP119813.1	1	145234	0.5590701901758541	6200d9e5c25ea46201348adeb2819ab4	-	-	-	-	MPF_T	NC_015955_00540	-	-	non-mobilizable	LR134455	0.295981	Tsukamurella tyrosinosolvens	AE457	AO240	-	-	-	-	-	-	-	non-mobilizable	p__Halobacteriota	c__Halobacteria	o__Halobacteriales	f__Haladaptataceae	g__Halorussus	s__Halorussus [species 0014]
NZ_CP119990.1	1	250847	0.6744469736532628	7e9e60d6319f2800d18b4851a07c7c72	-	-	-	-	-	-	-	-	non-mobilizable	CP019314	0.295981	Tateyamaria omphalii	AG437	AQ472	-	-	-	-	-	-	-	non-mobilizable	p__Halobacteriota	c__Halobacteria	o__Halobacteriales	f__Haloferacaceae	g__Halobaculum	s__Halobaculum [species 0019]
NZ_CP119991.1	1	326684	0.6479319464681466	317aaacd490f2e8a8594d1da058e8bb3	-	-	-	-	-	-	-	-	non-mobilizable	CP019314	0.295981	Tateyamaria omphalii	AG437	AQ472	-	-	-	-	-	-	-	non-mobilizable	p__Halobacteriota	c__Halobacteria	o__Halobacteriales	f__Haloferacaceae	g__Halobaculum	s__Halobaculum [species 0019]
NZ_CP120471.1	1	334345	0.552441340531487	2fa555882b15904262d1cec29d118110	-	-	-	-	MPF_T	NC_013746_00233	-	-	non-mobilizable	CP031654	1.0	Escherichia coli	AA379	AI397	-	-	-	-	-	-	-	non-mobilizable	p__Halobacteriota	c__Halobacteria	o__Halobacteriales	f__	g__	s__[Genus] [species 0001]
NZ_CP120472.1	1	620798	0.6103853427362846	91d183cba730b1f13c2bec9ad1935d87	-	-	-	-	-	-	-	-	non-mobilizable	CP007238	0.295981	Ensifer adhaerens OV14	AD839	AN501	-	-	-	-	-	-	-	non-mobilizable	p__Halobacteriota	c__Halobacteria	o__Halobacteriales	f__	g__	s__[Genus] [species 0001]
NZ_CP126155.1	1	406565	0.7132119095347608	dee06859ddd02ab710cabc58dda39091	-	-	-	-	-	-	-	-	non-mobilizable	CP020440	0.295981	Paracoccus yeei	AF905	AP913	-	-	-	-	-	-	-	non-mobilizable	p__Halobacteriota	c__Halobacteria	o__Halobacteriales	f__Haloferacaceae	g__Halobaculum	s__Halobaculum [species 0018]
NZ_CP126159.1	1	463690	0.648864543121482	6c72243adab75545e6caaef1f6fce444	-	-	-	-	-	-	-	-	non-mobilizable	CP019314	0.295981	Tateyamaria omphalii	AG437	AQ472	-	-	-	-	-	-	-	non-mobilizable	p__Halobacteriota	c__Halobacteria	o__Halobacteriales	f__Haloferacaceae	g__Halobaculum	s__Halobaculum [species 0021]
NZ_CP126160.1	1	167061	0.5782438749917694	03de0657aea408a9ab92db87f255e2b4	-	-	-	-	MPF_T	NC_002608_00127,NC_002608_00126	-	-	non-mobilizable	CP014802	0.295981	Salipiger profundus	AC364	AL532	-	-	-	-	-	-	-	non-mobilizable	p__Halobacteriota	c__Halobacteria	o__Halobacteriales	f__Haloferacaceae	g__Halobaculum	s__Halobaculum [species 0021]
NZ_CP126162.1	1	478761	0.6528789939030122	99a7a3640732908317db215741f9c5ca	-	-	-	-	-	-	-	-	non-mobilizable	CP007745	0.295981	Burkholderia cepacia ATCC 25416	AF428	AP376	-	-	-	-	-	-	-	non-mobilizable	p__Halobacteriota	c__Halobacteria	o__Halobacteriales	f__Haloarculaceae	g__	s__[Genus] [species 0003]
NZ_CP126164.1	1	191399	0.5604992711560667	8a0f526eca69e8ab19486e0e8939d03f	-	-	-	-	-	-	-	-	non-mobilizable	CP031654	1.0	Escherichia coli	AA379	AI397	-	-	-	-	-	-	-	non-mobilizable	p__Halobacteriota	c__Halobacteria	o__Halobacteriales	f__Haloarculaceae	g__	s__[Genus] [species 0003]
NZ_CP127175.1	1	190949	0.5738862209281013	585259295c32ec552d418777bd98f38c	-	-	-	-	-	-	-	-	non-mobilizable	CP031654	1.0	Escherichia coli	AA379	AI397	-	-	-	-	-	-	-	non-mobilizable	p__Halobacteriota	c__Halobacteria	o__Halobacteriales	f__Natrialbaceae	g__	s__[Genus] [species 0013]
NZ_CP127176.1	1	86341	0.5472023719901321	0c210657e4d76d04792bd4fe097486a5	-	-	-	-	-	-	-	-	non-mobilizable	CP031654	1.0	Escherichia coli	AA379	AI397	-	-	-	-	-	-	-	non-mobilizable	p__Halobacteriota	c__Halobacteria	o__Halobacteriales	f__Natrialbaceae	g__	s__[Genus] [species 0013]
NZ_CP128378.1	1	286732	0.5923684834619087	7a525072821ddf444259cdc609ed9f91	-	-	-	-	MPF_T	NC_002608_00127,NC_002608_00126	-	-	non-mobilizable	CP031654	1.0	Escherichia coli	AA379	AI397	-	-	-	-	-	-	-	non-mobilizable	p__Halobacteriota	c__Halobacteria	o__Halobacteriales	f__Halobacteriaceae	g__Halobacterium	s__Halobacterium salinarum
NZ_CP135523.1	1	286313	0.569394334172741	e38622ac11e79b330a457bb3e574e8aa	-	-	-	-	-	-	-	-	non-mobilizable	AP019622	0.295981	Streptomyces avermitilis	AB902	AK875	-	-	-	-	-	-	-	non-mobilizable	p__Halobacteriota	c__Halobacteria	o__Halobacteriales	f__Natrialbaceae	g__KZCA124	s__KZCA124 sp017357405
NZ_CP135524.1	1	152840	0.5364040827008636	ac3f17254cf5e232f63705a8e7ed1ab4	-	-	-	-	-	-	-	-	non-mobilizable	CP035496	0.295981	Xylanibacterium sp. 2JSPR-7	AG442	AQ477	-	-	-	-	-	-	-	non-mobilizable	p__Halobacteriota	c__Halobacteria	o__Halobacteriales	f__Natrialbaceae	g__KZCA124	s__KZCA124 sp017357405
NZ_CP135525.1	1	102915	0.5210124860321624	f8d9506fb4174f752eb24766c99ad9e2	-	-	-	-	MPF_T	NC_019963_00206	-	-	non-mobilizable	CP030129	0.295981	Indioceanicola profundi	AH353	AR409	-	-	-	-	-	-	-	non-mobilizable	p__Halobacteriota	c__Halobacteria	o__Halobacteriales	f__Natrialbaceae	g__KZCA124	s__KZCA124 sp017357405
NZ_CP135526.1	1	92150	0.5378296256104178	b2d8f1ed5f6413d2d7f629c4b8debc66	-	-	-	-	-	-	-	-	non-mobilizable	CP031654	1.0	Escherichia coli	AA379	AI397	-	-	-	-	-	-	-	non-mobilizable	p__Halobacteriota	c__Halobacteria	o__Halobacteriales	f__Natrialbaceae	g__KZCA124	s__KZCA124 sp017357405
NZ_JADPQC010000006.1	1	201004	0.6371763745995105	02c58bf587f449b1374d3f2ded0db62f	-	-	-	-	-	-	-	-	non-mobilizable	CP021334	0.295981	Marinobacter salarius	AF616	AP593	-	-	-	-	-	-	-	non-mobilizable	p__Halobacteriota	c__Halobacteria	o__Halobacteriales	f__Haloarculaceae	g__Halomicrobium	s__Halomicrobium sp009617995
NZ_JAKRVX010000010.1	1	83923	0.4792250038725975	8a990929cd92f93cd85c34a61956ed79	-	-	-	-	-	-	-	-	non-mobilizable	CP031654	1.0	Escherichia coli	AA379	AI397	-	-	-	-	-	-	-	non-mobilizable	p__Halobacteriota	c__Halobacteria	o__Halobacteriales	f__Haloferacaceae	g__Natronocalculus	s__Natronocalculus amylovorans
NZ_KJ619463.1	1	18285	0.6294777139732021	096d69e6cb01d3900b18d56e39b9bf00	-	-	-	-	-	-	-	-	non-mobilizable	CP031654	1.0	Escherichia coli	AA379	AI397	-	-	-	-	-	-	-	non-mobilizable	p__Halobacteriota	c__Halobacteria	o__Halobacteriales	f__Haloferacaceae	g__Halorubrum	s__Halorubrum distributum
NZ_KR189025.1	1	2520	0.6861111111111111	d286d2414ebcdd7bd8c0bc18a94965c2	-	-	-	-	-	-	-	-	non-mobilizable	CP031654	1.0	Escherichia coli	AA379	AI397	-	-	-	-	-	-	-	non-mobilizable	p__Halobacteriota	c__Halobacteria	o__Halobacteriales	f__Haloferacaceae	g__Haloferax	s__Haloferax sp001482285
NZ_KX687704.1	1	50329	0.589203043970673	97b5d40b3c218641497a55f77785a9f9	-	-	-	-	-	-	-	-	non-mobilizable	CP003779	0.295981	Xanthomonas citri subsp. citri Aw12879	AD216	AM688	-	-	-	-	-	-	-	non-mobilizable	p__Halobacteriota	c__Halobacteria	o__Halobacteriales	f__Haloferacaceae	g__Halorubrum	s__Halorubrum lacusprofundi
NZ_KX906370.1	1	163229	0.5852243487636926	9094d6afb0e6b1b077702f626fb164be	-	-	-	-	-	-	-	-	non-mobilizable	CP003779	0.295981	Xanthomonas citri subsp. citri Aw12879	AD216	AM688	-	-	-	-	-	-	-	non-mobilizable	p__Halobacteriota	c__Halobacteria	o__Halobacteriales	f__Haloferacaceae	g__Halorubrum	s__Halorubrum lacusprofundi
NZ_LN831303.1	1	349522	0.5995302155515246	01306bf50adcd455701baa7a57dde759	-	-	-	-	-	-	-	-	non-mobilizable	CP000618	0.295981	Burkholderia vietnamiensis G4	AG724	AQ779	-	-	-	-	-	-	-	non-mobilizable	p__Halobacteriota	c__Halobacteria	o__Halobacteriales	f__Halobacteriaceae	g__Halobacterium	s__Halobacterium hubeiense
NZ_LN831304.1	1	157757	0.5925632460049316	cd25861891a7b1e5908a02ac8b2286e7	-	-	-	-	MPF_T	NC_002608_00127,NC_002608_00126	-	-	non-mobilizable	CP012186	0.295981	Pseudonocardia sp. EC080619-01	AF126	AP041	-	-	-	-	-	-	-	non-mobilizable	p__Halobacteriota	c__Halobacteria	o__Halobacteriales	f__Halobacteriaceae	g__Halobacterium	s__Halobacterium hubeiense
NZ_LN831305.1	1	112459	0.5650592660436248	dca5a889f8d424e503752139c6b0a5a1	-	-	-	-	-	-	-	-	non-mobilizable	NC_023068	0.295981	Streptomyces sp. F11	AG351	AQ382	-	-	-	-	-	-	-	non-mobilizable	p__Halobacteriota	c__Halobacteria	o__Halobacteriales	f__Halobacteriaceae	g__Halobacterium	s__Halobacterium hubeiense
NZ_LR792633.1	1	5142	0.2926876701672501	fe94a462b58ab412b339fd5c8164d187	-	-	-	-	-	-	-	-	non-mobilizable	CP031654	1.0	Escherichia coli	AA379	AI397	-	-	-	-	-	-	-	non-mobilizable	p__Methanobacteriota	c__Methanococci	o__Methanococcales	f__Methanocaldococcaceae	g__Methanocaldococcus	s__Methanocaldococcus sp902827205
NZ_LT984489.1	1	7045	0.5054648687012065	6e46c9cac3dbaaa876d8fff00e6a071e	-	-	-	-	-	-	-	-	non-mobilizable	CP031654	1.0	Escherichia coli	AA379	AI397	-	-	-	-	-	-	-	non-mobilizable	p__Halobacteriota	c__Halobacteria	o__Halobacteriales	f__Haloferacaceae	g__Haloquadratum	s__Haloquadratum walsbyi
NZ_LT984491.1	1	6213	0.5298567519716723	5f03ef018e782d2352e557a6e7827ee4	-	-	-	-	-	-	-	-	non-mobilizable	CP031654	1.0	Escherichia coli	AA379	AI397	-	-	-	-	-	-	-	non-mobilizable	p__Halobacteriota	c__Halobacteria	o__Halobacteriales	f__Haloferacaceae	g__Haloquadratum	s__Haloquadratum walsbyi
NZ_MJCD01000017.1	1	48271	0.6144061651923515	13dabed1d213f9b04a30a47ae08f2e57	-	-	-	-	-	-	-	-	non-mobilizable	CP003779	0.295981	Xanthomonas citri subsp. citri Aw12879	AD216	AM688	-	-	-	-	-	-	-	non-mobilizable	p__Halobacteriota	c__Halobacteria	o__Halobacteriales	f__Haloferacaceae	g__Halorubrum	s__Halorubrum lacusprofundi
NZ_MJCD01000019.1	1	38451	0.6181373696392811	996781ae33d34037a49b547e2c20c14b	-	-	-	-	-	-	-	-	non-mobilizable	CP031654	1.0	Escherichia coli	AA379	AI397	-	-	-	-	-	-	-	non-mobilizable	p__Halobacteriota	c__Halobacteria	o__Halobacteriales	f__Haloferacaceae	g__Halorubrum	s__Halorubrum lacusprofundi
NZ_MJCD01000020.1	1	35710	0.5864183702044246	0fb90e79ede5bae9fcbe8244a29725f4	-	-	-	-	-	-	-	-	non-mobilizable	CP045303	0.295981	Azotobacter salinestris	AG391	AQ422	-	-	-	-	-	-	-	non-mobilizable	p__Halobacteriota	c__Halobacteria	o__Halobacteriales	f__Haloferacaceae	g__Halorubrum	s__Halorubrum lacusprofundi
NZ_MJCD01000028.1	1	16493	0.5085187655368945	802c91d936ef35ea2c047be6a897d410	-	-	-	-	-	-	-	-	non-mobilizable	CP031654	1.0	Escherichia coli	AA379	AI397	-	-	-	-	-	-	-	non-mobilizable	p__Halobacteriota	c__Halobacteria	o__Halobacteriales	f__Haloferacaceae	g__Halorubrum	s__Halorubrum lacusprofundi
NZ_MJCD01000041.1	1	7295	0.4779986291980809	57af43142c4f329a1ce17d2377117c90	-	-	-	-	-	-	-	-	non-mobilizable	CP031654	1.0	Escherichia coli	AA379	AI397	-	-	-	-	-	-	-	non-mobilizable	p__Halobacteriota	c__Halobacteria	o__Halobacteriales	f__Haloferacaceae	g__Halorubrum	s__Halorubrum lacusprofundi
NZ_MJCD01000052.1	1	2955	0.5001692047377326	33696317869a4d911c18519e815e83fd	-	-	-	-	-	-	-	-	non-mobilizable	CP031654	1.0	Escherichia coli	AA379	AI397	-	-	-	-	-	-	-	non-mobilizable	p__Halobacteriota	c__Halobacteria	o__Halobacteriales	f__Haloferacaceae	g__Halorubrum	s__Halorubrum lacusprofundi
NZ_MN477947.1	1	23976	0.40362300692879205	1da9427589714105d433801aea10c6c1	-	-	-	-	-	-	-	-	non-mobilizable	CP031654	1.0	Escherichia coli	AA379	AI397	-	-	-	-	-	-	-	non-mobilizable	p__Methanobacteriota_B	c__Thermococci	o__Thermococcales	f__Thermococcaceae	g__Pyrococcus	s__Pyrococcus abyssi
NZ_MN918441.1	1	154196	0.5800409867960259	759046b399feccf1c41e1067d5ecce3e	-	-	-	-	MPF_T	NC_002608_00127	-	-	non-mobilizable	CP000929	0.295981	Caulobacter sp. K31	AG154	AQ175	-	-	-	-	-	-	-	non-mobilizable	p__Halobacteriota	c__Halobacteria	o__Halobacteriales	f__Haloferacaceae	g__Haloprofundus	s__Haloprofundus halophilus
NZ_MN918442.1	1	182942	0.5593630768221622	85cf298abef2e3b7b4c7ed349e74ea13	-	-	-	-	-	-	-	-	non-mobilizable	CP031654	1.0	Escherichia coli	AA379	AI397	-	-	-	-	-	-	-	non-mobilizable	p__Halobacteriota	c__Halobacteria	o__Halobacteriales	f__Haloferacaceae	g__Haloprofundus	s__Haloprofundus halophilus
NZ_MN918443.1	1	265979	0.6377082401242203	7a88c0580452d618ed1722eb93033a1e	-	-	-	-	-	-	-	-	non-mobilizable	CP026928	0.295981	Agrobacterium tumefaciens	AB152	AJ761	-	-	-	-	-	-	-	non-mobilizable	p__Halobacteriota	c__Halobacteria	o__Halobacteriales	f__Haloferacaceae	g__Haloprofundus	s__Haloprofundus halophilus
NZ_MN918444.1	1	51955	0.6189009719949957	bd9a391f2a73b9aee55d219c4b88b934	-	-	-	-	-	-	-	-	non-mobilizable	CP031654	1.0	Escherichia coli	AA379	AI397	-	-	-	-	-	-	-	non-mobilizable	p__Halobacteriota	c__Halobacteria	o__Halobacteriales	f__Haloferacaceae	g__Haloprofundus	s__Haloprofundus halophilus
NZ_OX281346.1	1	103230	0.4597210113339146	4f3ba6cc10f97939a8cf01c0dc97ba8f	-	-	-	-	-	-	-	-	non-mobilizable	CP031654	1.0	Escherichia coli	AA379	AI397	-	-	-	-	-	-	-	non-mobilizable	p__Methanobacteriota_B	c__Thermococci	o__Thermococcales	f__Thermococcaceae	g__Thermococcus	s__Thermococcus nautili
NZ_QJOW01000005.1	1	168359	0.5853978700277384	78cf8a327caee3d6760eadd70d13c0cb	-	-	-	-	-	-	-	-	non-mobilizable	CP000929	0.295981	Caulobacter sp. K31	AG154	AQ175	-	-	-	-	-	-	-	non-mobilizable	p__Halobacteriota	c__Halobacteria	o__Halobacteriales	f__Haloarculaceae	g__Halosegnis	s__Halosegnis rubeus
NZ_QJOW01000006.1	1	127365	0.5706512778235779	4c71ac5b2527fb16598bab0527bf0a60	-	-	-	-	MPF_T	NC_002608_00127	-	-	non-mobilizable	CP031654	1.0	Escherichia coli	AA379	AI397	-	-	-	-	-	-	-	non-mobilizable	p__Halobacteriota	c__Halobacteria	o__Halobacteriales	f__Haloarculaceae	g__Halosegnis	s__Halosegnis rubeus
NZ_QKNW01000002.1	1	181532	0.5757882907696714	2c13e3459ee6f796da86dff2147922bb	-	-	-	-	-	-	-	-	non-mobilizable	CP024425	0.295981	Paracoccus yeei	AF901	AP909	-	-	-	-	-	-	-	non-mobilizable	p__Halobacteriota	c__Halobacteria	o__Halobacteriales	f__Haloarculaceae	g__Halosegnis	s__Halosegnis longus
NZ_QKNW01000003.1	1	135622	0.5811004114376723	2c5846922db186b5beecf5ec6cc7c588	-	-	-	-	-	-	-	-	non-mobilizable	CP018855	0.295981	Xanthomonas citri pv. citri	AE450	AO231	-	-	-	-	-	-	-	non-mobilizable	p__Halobacteriota	c__Halobacteria	o__Halobacteriales	f__Haloarculaceae	g__Halosegnis	s__Halosegnis longus
U95377.1	1	2128	0.6672932330827067	d8e1174f009644fa7678cbadf6eeb4d7	-	-	-	-	-	-	-	-	non-mobilizable	CP031654	1.0	Escherichia coli	AA379	AI397	-	-	-	-	-	-	-	non-mobilizable	p__Halobacteriota	c__Halobacteria	o__Halobacteriales	f__Haloferacaceae	g__Haloferax	s__Haloferax volcanii
