replicon,protein,category,description,phylum,gtdb_phylum,gtdb_class,gtdb_order,gtdb_family,gtdb_genus,gtdb_species,phylum_clean,family_clean,new_category
AP027740.1,AP027740.1_14,integrase,Phage integrase family,p__Methanobacteriota,p__Methanobacteriota,c__Methanobacteria,o__Methanobacteriales,f__Methanobacteriaceae,g__Methanobacterium,s__Methanobacterium petrolearium,Methanobacteriota,Methanobacteriaceae,Integrase
CP002989.1,CP002989.1_25,integrase,"Site-specific tyrosine recombinase, which acts by catalyzing the cutting and rejoining of the recombining DNA molecules",p__Halobacteriota,p__Halobacteriota,c__Halobacteria,o__Halobacteriales,f__Haloferacaceae,g__Halolamina,s__Halolamina sp000224475,Halobacteriota,Haloferacaceae,Integrase
CP002989.1,CP002989.1_129,integrase,Integrase,p__Halobacteriota,p__Halobacteriota,c__Halobacteria,o__Halobacteriales,f__Haloferacaceae,g__Halolamina,s__Halolamina sp000224475,Halobacteriota,Haloferacaceae,Integrase
CP002989.1,CP002989.1_149,integrase,Integrase,p__Halobacteriota,p__Halobacteriota,c__Halobacteria,o__Halobacteriales,f__Haloferacaceae,g__Halolamina,s__Halolamina sp000224475,Halobacteriota,Haloferacaceae,Integrase
CP002989.1,CP002989.1_185,integrase,integrase family,p__Halobacteriota,p__Halobacteriota,c__Halobacteria,o__Halobacteriales,f__Haloferacaceae,g__Halolamina,s__Halolamina sp000224475,Halobacteriota,Haloferacaceae,Integrase
CP002989.1,CP002989.1_187,integrase,integrase family,p__Halobacteriota,p__Halobacteriota,c__Halobacteria,o__Halobacteriales,f__Haloferacaceae,g__Halolamina,s__Halolamina sp000224475,Halobacteriota,Haloferacaceae,Integrase
CP002989.1,CP002989.1_193,integrase,integrase family,p__Halobacteriota,p__Halobacteriota,c__Halobacteria,o__Halobacteriales,f__Haloferacaceae,g__Halolamina,s__Halolamina sp000224475,Halobacteriota,Haloferacaceae,Integrase
CP002989.1,CP002989.1_195,integrase,COG0582 Integrase,p__Halobacteriota,p__Halobacteriota,c__Halobacteria,o__Halobacteriales,f__Haloferacaceae,g__Halolamina,s__Halolamina sp000224475,Halobacteriota,Haloferacaceae,Integrase
CP002989.1,CP002989.1_203,integrase,integrase family,p__Halobacteriota,p__Halobacteriota,c__Halobacteria,o__Halobacteriales,f__Haloferacaceae,g__Halolamina,s__Halolamina sp000224475,Halobacteriota,Haloferacaceae,Integrase
CP002989.1,CP002989.1_568,integrase,COG0582 Integrase,p__Halobacteriota,p__Halobacteriota,c__Halobacteria,o__Halobacteriales,f__Haloferacaceae,g__Halolamina,s__Halolamina sp000224475,Halobacteriota,Haloferacaceae,Integrase
CP002989.1,CP002989.1_634,lysis,COG2303 Choline dehydrogenase and related flavoproteins,p__Halobacteriota,p__Halobacteriota,c__Halobacteria,o__Halobacteriales,f__Haloferacaceae,g__Halolamina,s__Halolamina sp000224475,Halobacteriota,Haloferacaceae,Osmolyte transport
CP002989.1,CP002989.1_653,integrase,COG0582 Integrase,p__Halobacteriota,p__Halobacteriota,c__Halobacteria,o__Halobacteriales,f__Haloferacaceae,g__Halolamina,s__Halolamina sp000224475,Halobacteriota,Haloferacaceae,Integrase
CP002989.1,CP002989.1_691,integrase,COG0582 Integrase,p__Halobacteriota,p__Halobacteriota,c__Halobacteria,o__Halobacteriales,f__Haloferacaceae,g__Halolamina,s__Halolamina sp000224475,Halobacteriota,Haloferacaceae,Integrase
CP002989.1,CP002989.1_706,integrase,"Site-specific tyrosine recombinase, which acts by catalyzing the cutting and rejoining of the recombining DNA molecules",p__Halobacteriota,p__Halobacteriota,c__Halobacteria,o__Halobacteriales,f__Haloferacaceae,g__Halolamina,s__Halolamina sp000224475,Halobacteriota,Haloferacaceae,Integrase
CP007061.1,CP007061.1_60,integrase,COG0582 Integrase,p__Halobacteriota,p__Halobacteriota,c__Halobacteria,o__Halobacteriales,f__Halobacteriaceae,g__Halobacterium,s__Halobacterium sp000230955,Halobacteriota,Halobacteriaceae,Integrase
CP007061.1,CP007061.1_170,virion,"Phage plasmid primase, P4",p__Halobacteriota,p__Halobacteriota,c__Halobacteria,o__Halobacteriales,f__Halobacteriaceae,g__Halobacterium,s__Halobacterium sp000230955,Halobacteriota,Halobacteriaceae,Phage replication
CP007061.1,CP007061.1_206,integrase,integrase family,p__Halobacteriota,p__Halobacteriota,c__Halobacteria,o__Halobacteriales,f__Halobacteriaceae,g__Halobacterium,s__Halobacterium sp000230955,Halobacteriota,Halobacteriaceae,Integrase
CP007061.1,CP007061.1_226,integrase,Integrase,p__Halobacteriota,p__Halobacteriota,c__Halobacteria,o__Halobacteriales,f__Halobacteriaceae,g__Halobacterium,s__Halobacterium sp000230955,Halobacteriota,Halobacteriaceae,Integrase
CP031298.1,CP031298.1_12,integrase,COG0582 Integrase,p__Halobacteriota,p__Halobacteriota,c__Halobacteria,o__Halobacteriales,f__Natrialbaceae,g__Natrinema,s__Natrinema thermotolerans,Halobacteriota,Natrialbaceae,Integrase
CP031298.1,CP031298.1_21,integrase,COG0582 Integrase,p__Halobacteriota,p__Halobacteriota,c__Halobacteria,o__Halobacteriales,f__Natrialbaceae,g__Natrinema,s__Natrinema thermotolerans,Halobacteriota,Natrialbaceae,Integrase
CP031298.1,CP031298.1_65,integrase,COG0582 Integrase,p__Halobacteriota,p__Halobacteriota,c__Halobacteria,o__Halobacteriales,f__Natrialbaceae,g__Natrinema,s__Natrinema thermotolerans,Halobacteriota,Natrialbaceae,Integrase
CP031298.1,CP031298.1_81,virion,"Phage plasmid primase, P4",p__Halobacteriota,p__Halobacteriota,c__Halobacteria,o__Halobacteriales,f__Natrialbaceae,g__Natrinema,s__Natrinema thermotolerans,Halobacteriota,Natrialbaceae,Phage replication
CP031299.1,CP031299.1_40,integrase,COG0582 Integrase,p__Halobacteriota,p__Halobacteriota,c__Halobacteria,o__Halobacteriales,f__Natrialbaceae,g__Natrinema,s__Natrinema thermotolerans,Halobacteriota,Natrialbaceae,Integrase
CP031300.1,CP031300.1_12,integrase,"Site-specific tyrosine recombinase, which acts by catalyzing the cutting and rejoining of the recombining DNA molecules",p__Halobacteriota,p__Halobacteriota,c__Halobacteria,o__Halobacteriales,f__Natrialbaceae,g__Natrinema,s__Natrinema thermotolerans,Halobacteriota,Natrialbaceae,Integrase
CP031300.1,CP031300.1_17,integrase,integrase family,p__Halobacteriota,p__Halobacteriota,c__Halobacteria,o__Halobacteriales,f__Natrialbaceae,g__Natrinema,s__Natrinema thermotolerans,Halobacteriota,Natrialbaceae,Integrase
CP031301.1,CP031301.1_51,tail,phage tail tape measure protein,p__Halobacteriota,p__Halobacteriota,c__Halobacteria,o__Halobacteriales,f__Natrialbaceae,g__Natrinema,s__Natrinema thermotolerans,Halobacteriota,Natrialbaceae,Tail & baseplate
CP031301.1,CP031301.1_61,integrase,Phage integrase family,p__Halobacteriota,p__Halobacteriota,c__Halobacteria,o__Halobacteriales,f__Natrialbaceae,g__Natrinema,s__Natrinema thermotolerans,Halobacteriota,Natrialbaceae,Integrase
CP031301.1,CP031301.1_65,integrase,integrase family,p__Halobacteriota,p__Halobacteriota,c__Halobacteria,o__Halobacteriales,f__Natrialbaceae,g__Natrinema,s__Natrinema thermotolerans,Halobacteriota,Natrialbaceae,Integrase
CP031304.1,CP031304.1_195,integrase,Integrase,p__Halobacteriota,p__Halobacteriota,c__Halobacteria,o__Halobacteriales,f__Natrialbaceae,g__Natrinema,s__Natrinema thermotolerans,Halobacteriota,Natrialbaceae,Integrase
CP031304.1,CP031304.1_295,lysis,"Succinyl-CoA synthetase functions in the citric acid cycle (TCA), coupling the hydrolysis of succinyl-CoA to the synthesis of either ATP or GTP and thus represents the only step of substrate-level phosphorylation in the TCA. The beta subunit provides nucleotide specificity of the enzyme and binds the substrate succinate, while the binding sites for coenzyme A and phosphate are found in the alpha subunit",p__Halobacteriota,p__Halobacteriota,c__Halobacteria,o__Halobacteriales,f__Natrialbaceae,g__Natrinema,s__Natrinema thermotolerans,Halobacteriota,Natrialbaceae,Metabolic enzymes
CP031304.1,CP031304.1_296,lysis,"Succinyl-CoA synthetase functions in the citric acid cycle (TCA), coupling the hydrolysis of succinyl-CoA to the synthesis of either ATP or GTP and thus represents the only step of substrate-level phosphorylation in the TCA. The alpha subunit of the enzyme binds the substrates coenzyme A and phosphate, while succinate binding and nucleotide specificity is provided by the beta subunit",p__Halobacteriota,p__Halobacteriota,c__Halobacteria,o__Halobacteriales,f__Natrialbaceae,g__Natrinema,s__Natrinema thermotolerans,Halobacteriota,Natrialbaceae,Metabolic enzymes
CP031304.1,CP031304.1_310,lysis,COG1253 Hemolysins and related proteins containing CBS domains,p__Halobacteriota,p__Halobacteriota,c__Halobacteria,o__Halobacteriales,f__Natrialbaceae,g__Natrinema,s__Natrinema thermotolerans,Halobacteriota,Natrialbaceae,Lysis & membrane
CP031304.1,CP031304.1_382,lysis,Catalyzes the hydrolysis of inorganic pyrophosphate (PPi) forming two phosphate ions,p__Halobacteriota,p__Halobacteriota,c__Halobacteria,o__Halobacteriales,f__Natrialbaceae,g__Natrinema,s__Natrinema thermotolerans,Halobacteriota,Natrialbaceae,Metabolic enzymes
CP031304.1,CP031304.1_424,lysis,Catalyzes the reversible conversion of 2- phosphoglycerate into phosphoenolpyruvate. It is essential for the degradation of carbohydrates via glycolysis,p__Halobacteriota,p__Halobacteriota,c__Halobacteria,o__Halobacteriales,f__Natrialbaceae,g__Natrinema,s__Natrinema thermotolerans,Halobacteriota,Natrialbaceae,Metabolic enzymes
CP031304.1,CP031304.1_466,lysis,COG1253 Hemolysins and related proteins containing CBS domains,p__Halobacteriota,p__Halobacteriota,c__Halobacteria,o__Halobacteriales,f__Natrialbaceae,g__Natrinema,s__Natrinema thermotolerans,Halobacteriota,Natrialbaceae,Lysis & membrane
CP031304.1,CP031304.1_560,virion,COG3654 Prophage maintenance system killer protein,p__Halobacteriota,p__Halobacteriota,c__Halobacteria,o__Halobacteriales,f__Natrialbaceae,g__Natrinema,s__Natrinema thermotolerans,Halobacteriota,Natrialbaceae,Prophage maintenance
CP031304.1,CP031304.1_785,lysis,COG1253 Hemolysins and related proteins containing CBS domains,p__Halobacteriota,p__Halobacteriota,c__Halobacteria,o__Halobacteriales,f__Natrialbaceae,g__Natrinema,s__Natrinema thermotolerans,Halobacteriota,Natrialbaceae,Lysis & membrane
CP031304.1,CP031304.1_807,packaging,DNA-packaging protein gp3,p__Halobacteriota,p__Halobacteriota,c__Halobacteria,o__Halobacteriales,f__Natrialbaceae,g__Natrinema,s__Natrinema thermotolerans,Halobacteriota,Natrialbaceae,DNA packaging
CP031304.1,CP031304.1_809,packaging,chromosome segregation,p__Halobacteriota,p__Halobacteriota,c__Halobacteria,o__Halobacteriales,f__Natrialbaceae,g__Natrinema,s__Natrinema thermotolerans,Halobacteriota,Natrialbaceae,DNA packaging
CP031304.1,CP031304.1_811,virion,"head morphogenesis protein, SPP1 gp7",p__Halobacteriota,p__Halobacteriota,c__Halobacteria,o__Halobacteriales,f__Natrialbaceae,g__Natrinema,s__Natrinema thermotolerans,Halobacteriota,Natrialbaceae,Capsid & head
CP031304.1,CP031304.1_820,tail,"Phage protein, HK97, gp10",p__Halobacteriota,p__Halobacteriota,c__Halobacteria,o__Halobacteriales,f__Natrialbaceae,g__Natrinema,s__Natrinema thermotolerans,Halobacteriota,Natrialbaceae,Capsid & head
CP031304.1,CP031304.1_835,tail,"Phage tail tape measure protein, TP901 family",p__Halobacteriota,p__Halobacteriota,c__Halobacteria,o__Halobacteriales,f__Natrialbaceae,g__Natrinema,s__Natrinema thermotolerans,Halobacteriota,Natrialbaceae,Tail & baseplate
CP031304.1,CP031304.1_864,integrase,integrase family,p__Halobacteriota,p__Halobacteriota,c__Halobacteria,o__Halobacteriales,f__Natrialbaceae,g__Natrinema,s__Natrinema thermotolerans,Halobacteriota,Natrialbaceae,Integrase
CP031304.1,CP031304.1_886,integrase,COG0582 Integrase,p__Halobacteriota,p__Halobacteriota,c__Halobacteria,o__Halobacteriales,f__Natrialbaceae,g__Natrinema,s__Natrinema thermotolerans,Halobacteriota,Natrialbaceae,Integrase
CP031304.1,CP031304.1_902,virion,"Phage plasmid primase, P4",p__Halobacteriota,p__Halobacteriota,c__Halobacteria,o__Halobacteriales,f__Natrialbaceae,g__Natrinema,s__Natrinema thermotolerans,Halobacteriota,Natrialbaceae,Phage replication
CP031304.1,CP031304.1_1079,integrase,COG0582 Integrase,p__Halobacteriota,p__Halobacteriota,c__Halobacteria,o__Halobacteriales,f__Natrialbaceae,g__Natrinema,s__Natrinema thermotolerans,Halobacteriota,Natrialbaceae,Integrase
CP040679.1,CP040679.1_17,lysis,COG3486 Lysine ornithine N-monooxygenase,p__Halobacteriota,p__Halobacteriota,c__Halobacteria,o__Halobacteriales,f__QS-9-68-17,g__Halostella,s__Halostella pelagica,Halobacteriota,QS-9-68-17,Metabolic enzymes
CP040679.1,CP040679.1_183,integrase,COG0582 Integrase,p__Halobacteriota,p__Halobacteriota,c__Halobacteria,o__Halobacteriales,f__QS-9-68-17,g__Halostella,s__Halostella pelagica,Halobacteriota,QS-9-68-17,Integrase
CP040680.1,CP040680.1_31,integrase,COG0582 Integrase,p__Halobacteriota,p__Halobacteriota,c__Halobacteria,o__Halobacteriales,f__QS-9-68-17,g__Halostella,s__Halostella pelagica,Halobacteriota,QS-9-68-17,Integrase
CP040680.1,CP040680.1_57,integrase,COG0582 Integrase,p__Halobacteriota,p__Halobacteriota,c__Halobacteria,o__Halobacteriales,f__QS-9-68-17,g__Halostella,s__Halostella pelagica,Halobacteriota,QS-9-68-17,Integrase
CP040680.1,CP040680.1_58,integrase,COG0582 Integrase,p__Halobacteriota,p__Halobacteriota,c__Halobacteria,o__Halobacteriales,f__QS-9-68-17,g__Halostella,s__Halostella pelagica,Halobacteriota,QS-9-68-17,Integrase
CP040680.1,CP040680.1_108,integrase,COG0582 Integrase,p__Halobacteriota,p__Halobacteriota,c__Halobacteria,o__Halobacteriales,f__QS-9-68-17,g__Halostella,s__Halostella pelagica,Halobacteriota,QS-9-68-17,Integrase
CP040680.1,CP040680.1_165,virion,"Phage plasmid primase, P4",p__Halobacteriota,p__Halobacteriota,c__Halobacteria,o__Halobacteriales,f__QS-9-68-17,g__Halostella,s__Halostella pelagica,Halobacteriota,QS-9-68-17,Phage replication
CP040680.1,CP040680.1_194,virion,COG3654 Prophage maintenance system killer protein,p__Halobacteriota,p__Halobacteriota,c__Halobacteria,o__Halobacteriales,f__QS-9-68-17,g__Halostella,s__Halostella pelagica,Halobacteriota,QS-9-68-17,Prophage maintenance
CP040681.1,CP040681.1_44,virion,Phage SPO1 DNA,p__Halobacteriota,p__Halobacteriota,c__Halobacteria,o__Halobacteriales,f__QS-9-68-17,g__Halostella,s__Halostella pelagica,Halobacteriota,QS-9-68-17,Phage replication
CP046867.1,CP046867.1_130,virion,COG3654 Prophage maintenance system killer protein,p__Halobacteriota,p__Halobacteriota,c__Halobacteria,o__Halobacteriales,f__Haloarculaceae,g__Salinibaculum,s__Salinibaculum litoreum,Halobacteriota,Haloarculaceae,Prophage maintenance
CP046867.1,CP046867.1_160,virion,"Phage plasmid primase, P4",p__Halobacteriota,p__Halobacteriota,c__Halobacteria,o__Halobacteriales,f__Haloarculaceae,g__Salinibaculum,s__Salinibaculum litoreum,Halobacteriota,Haloarculaceae,Phage replication
CP046867.1,CP046867.1_219,integrase,COG0582 Integrase,p__Halobacteriota,p__Halobacteriota,c__Halobacteria,o__Halobacteriales,f__Haloarculaceae,g__Salinibaculum,s__Salinibaculum litoreum,Halobacteriota,Haloarculaceae,Integrase
CP046867.1,CP046867.1_271,integrase,COG0582 Integrase,p__Halobacteriota,p__Halobacteriota,c__Halobacteria,o__Halobacteriales,f__Haloarculaceae,g__Salinibaculum,s__Salinibaculum litoreum,Halobacteriota,Haloarculaceae,Integrase
CP046867.1,CP046867.1_272,integrase,COG0582 Integrase,p__Halobacteriota,p__Halobacteriota,c__Halobacteria,o__Halobacteriales,f__Haloarculaceae,g__Salinibaculum,s__Salinibaculum litoreum,Halobacteriota,Haloarculaceae,Integrase
CP046867.1,CP046867.1_300,integrase,COG0582 Integrase,p__Halobacteriota,p__Halobacteriota,c__Halobacteria,o__Halobacteriales,f__Haloarculaceae,g__Salinibaculum,s__Salinibaculum litoreum,Halobacteriota,Haloarculaceae,Integrase
CP046868.1,CP046868.1_4,virion,Phage SPO1 DNA,p__Halobacteriota,p__Halobacteriota,c__Halobacteria,o__Halobacteriales,f__Haloarculaceae,g__Salinibaculum,s__Salinibaculum litoreum,Halobacteriota,Haloarculaceae,Phage replication
CP050015.1,CP050015.1_148,integrase,COG0582 Integrase,p__Halobacteriota,p__Halobacteriota,c__Halobacteria,o__Halobacteriales,f__Haloarculaceae,g__Halomicroarcula,s__Halomicroarcula pellucida,Halobacteriota,Haloarculaceae,Integrase
CP050015.1,CP050015.1_149,integrase,COG0582 Integrase,p__Halobacteriota,p__Halobacteriota,c__Halobacteria,o__Halobacteriales,f__Haloarculaceae,g__Halomicroarcula,s__Halomicroarcula pellucida,Halobacteriota,Haloarculaceae,Integrase
CP050015.1,CP050015.1_267,lysis,"Catalyzes the oxidation of 5,10- methylenetetrahydrofolate to 5,10-methenyltetrahydrofolate and then the hydrolysis of 5,10-methenyltetrahydrofolate to 10- formyltetrahydrofolate",p__Halobacteriota,p__Halobacteriota,c__Halobacteria,o__Halobacteriales,f__Haloarculaceae,g__Halomicroarcula,s__Halomicroarcula pellucida,Halobacteriota,Haloarculaceae,Metabolic enzymes
CP050015.1,CP050015.1_270,lysis,COG1292 Choline-glycine betaine transporter,p__Halobacteriota,p__Halobacteriota,c__Halobacteria,o__Halobacteriales,f__Haloarculaceae,g__Halomicroarcula,s__Halomicroarcula pellucida,Halobacteriota,Haloarculaceae,Osmolyte transport
CP050015.1,CP050015.1_291,lysis,COG1292 Choline-glycine betaine transporter,p__Halobacteriota,p__Halobacteriota,c__Halobacteria,o__Halobacteriales,f__Haloarculaceae,g__Halomicroarcula,s__Halomicroarcula pellucida,Halobacteriota,Haloarculaceae,Osmolyte transport
CP050015.1,CP050015.1_292,lysis,COG1292 Choline-glycine betaine transporter,p__Halobacteriota,p__Halobacteriota,c__Halobacteria,o__Halobacteriales,f__Haloarculaceae,g__Halomicroarcula,s__Halomicroarcula pellucida,Halobacteriota,Haloarculaceae,Osmolyte transport
CP050015.1,CP050015.1_398,lysis,"Catalyzes the stereoinversion of LL-2,6- diaminoheptanedioate (L,L-DAP) to meso-diaminoheptanedioate (meso- DAP), a precursor of L-lysine",p__Halobacteriota,p__Halobacteriota,c__Halobacteria,o__Halobacteriales,f__Haloarculaceae,g__Halomicroarcula,s__Halomicroarcula pellucida,Halobacteriota,Haloarculaceae,Metabolic enzymes
CP050015.1,CP050015.1_446,integrase,COG0582 Integrase,p__Halobacteriota,p__Halobacteriota,c__Halobacteria,o__Halobacteriales,f__Haloarculaceae,g__Halomicroarcula,s__Halomicroarcula pellucida,Halobacteriota,Haloarculaceae,Integrase
CP050015.1,CP050015.1_463,integrase,COG0582 Integrase,p__Halobacteriota,p__Halobacteriota,c__Halobacteria,o__Halobacteriales,f__Haloarculaceae,g__Halomicroarcula,s__Halomicroarcula pellucida,Halobacteriota,Haloarculaceae,Integrase
CP050016.1,CP050016.1_51,lysis,COG1253 Hemolysins and related proteins containing CBS domains,p__Halobacteriota,p__Halobacteriota,c__Halobacteria,o__Halobacteriales,f__Haloarculaceae,g__Halomicroarcula,s__Halomicroarcula pellucida,Halobacteriota,Haloarculaceae,Lysis & membrane
CP050016.1,CP050016.1_52,lysis,COG1253 Hemolysins and related proteins containing CBS domains,p__Halobacteriota,p__Halobacteriota,c__Halobacteria,o__Halobacteriales,f__Haloarculaceae,g__Halomicroarcula,s__Halomicroarcula pellucida,Halobacteriota,Haloarculaceae,Lysis & membrane
CP050016.1,CP050016.1_77,integrase,COG0582 Integrase,p__Halobacteriota,p__Halobacteriota,c__Halobacteria,o__Halobacteriales,f__Haloarculaceae,g__Halomicroarcula,s__Halomicroarcula pellucida,Halobacteriota,Haloarculaceae,Integrase
CP050016.1,CP050016.1_232,integrase,Phage integrase family,p__Halobacteriota,p__Halobacteriota,c__Halobacteria,o__Halobacteriales,f__Haloarculaceae,g__Halomicroarcula,s__Halomicroarcula pellucida,Halobacteriota,Haloarculaceae,Integrase
CP050016.1,CP050016.1_297,integrase,Integrase,p__Halobacteriota,p__Halobacteriota,c__Halobacteria,o__Halobacteriales,f__Haloarculaceae,g__Halomicroarcula,s__Halomicroarcula pellucida,Halobacteriota,Haloarculaceae,Integrase
CP050016.1,CP050016.1_298,integrase,Integrase,p__Halobacteriota,p__Halobacteriota,c__Halobacteria,o__Halobacteriales,f__Haloarculaceae,g__Halomicroarcula,s__Halomicroarcula pellucida,Halobacteriota,Haloarculaceae,Integrase
CP050017.1,CP050017.1_195,integrase,integrase family,p__Halobacteriota,p__Halobacteriota,c__Halobacteria,o__Halobacteriales,f__Haloarculaceae,g__Halomicroarcula,s__Halomicroarcula pellucida,Halobacteriota,Haloarculaceae,Integrase
CP050017.1,CP050017.1_253,integrase,COG0582 Integrase,p__Halobacteriota,p__Halobacteriota,c__Halobacteria,o__Halobacteriales,f__Haloarculaceae,g__Halomicroarcula,s__Halomicroarcula pellucida,Halobacteriota,Haloarculaceae,Integrase
CP050018.1,CP050018.1_112,virion,PFAM phage,p__Halobacteriota,p__Halobacteriota,c__Halobacteria,o__Halobacteriales,f__Haloarculaceae,g__Halomicroarcula,s__Halomicroarcula pellucida,Halobacteriota,Haloarculaceae,Capsid & head
CP050018.1,CP050018.1_146,integrase,COG0582 Integrase,p__Halobacteriota,p__Halobacteriota,c__Halobacteria,o__Halobacteriales,f__Haloarculaceae,g__Halomicroarcula,s__Halomicroarcula pellucida,Halobacteriota,Haloarculaceae,Integrase
CP050018.1,CP050018.1_150,lysis,COG1253 Hemolysins and related proteins containing CBS domains,p__Halobacteriota,p__Halobacteriota,c__Halobacteria,o__Halobacteriales,f__Haloarculaceae,g__Halomicroarcula,s__Halomicroarcula pellucida,Halobacteriota,Haloarculaceae,Lysis & membrane
CP050019.1,CP050019.1_34,integrase,COG0582 Integrase,p__Halobacteriota,p__Halobacteriota,c__Halobacteria,o__Halobacteriales,f__Haloarculaceae,g__Halomicroarcula,s__Halomicroarcula pellucida,Halobacteriota,Haloarculaceae,Integrase
CP104004.1,CP104004.1_60,integrase,COG0582 Integrase,p__Halobacteriota,p__Halobacteriota,c__Halobacteria,o__Halobacteriales,f__Haloarculaceae,g__,s__[Genus] [species 0022],Halobacteriota,Haloarculaceae,Integrase
CP104004.1,CP104004.1_106,integrase,Phage integrase family,p__Halobacteriota,p__Halobacteriota,c__Halobacteria,o__Halobacteriales,f__Haloarculaceae,g__,s__[Genus] [species 0022],Halobacteriota,Haloarculaceae,Integrase
CP104004.1,CP104004.1_127,virion,"Phage plasmid primase, P4",p__Halobacteriota,p__Halobacteriota,c__Halobacteria,o__Halobacteriales,f__Haloarculaceae,g__,s__[Genus] [species 0022],Halobacteriota,Haloarculaceae,Phage replication
CP104004.1,CP104004.1_138,integrase,Integrase,p__Halobacteriota,p__Halobacteriota,c__Halobacteria,o__Halobacteriales,f__Haloarculaceae,g__,s__[Genus] [species 0022],Halobacteriota,Haloarculaceae,Integrase
CP104004.1,CP104004.1_142,integrase,Integrase,p__Halobacteriota,p__Halobacteriota,c__Halobacteria,o__Halobacteriales,f__Haloarculaceae,g__,s__[Genus] [species 0022],Halobacteriota,Haloarculaceae,Integrase
CP119561.1,CP119561.1_4,integrase,"COG1961 Site-specific recombinases, DNA invertase Pin homologs",p__Halobacteriota,p__Halobacteriota,c__Halobacteria,o__Halobacteriales,f__Haloarculaceae,g__,s__[Genus] [species 0002],Halobacteriota,Haloarculaceae,Integrase
CP119561.1,CP119561.1_274,integrase,COG0582 Integrase,p__Halobacteriota,p__Halobacteriota,c__Halobacteria,o__Halobacteriales,f__Haloarculaceae,g__,s__[Genus] [species 0002],Halobacteriota,Haloarculaceae,Integrase
CP119561.1,CP119561.1_333,integrase,"COG1961 Site-specific recombinases, DNA invertase Pin homologs",p__Halobacteriota,p__Halobacteriota,c__Halobacteria,o__Halobacteriales,f__Haloarculaceae,g__,s__[Genus] [species 0002],Halobacteriota,Haloarculaceae,Integrase
CP119780.1,CP119780.1_123,integrase,COG0582 Integrase,p__Halobacteriota,p__Halobacteriota,c__Halobacteria,o__Halobacteriales,f__Haloarculaceae,g__Halomicroarcula,s__Halomicroarcula [species 0007],Halobacteriota,Haloarculaceae,Integrase
CP119780.1,CP119780.1_186,integrase,COG0582 Integrase,p__Halobacteriota,p__Halobacteriota,c__Halobacteria,o__Halobacteriales,f__Haloarculaceae,g__Halomicroarcula,s__Halomicroarcula [species 0007],Halobacteriota,Haloarculaceae,Integrase
CP119781.1,CP119781.1_37,lysis,COG1732 Periplasmic glycine betaine choline-binding (lipo)protein of an ABC-type transport system (osmoprotectant binding protein),p__Halobacteriota,p__Halobacteriota,c__Halobacteria,o__Halobacteriales,f__Haloarculaceae,g__Halomicroarcula,s__Halomicroarcula [species 0007],Halobacteriota,Haloarculaceae,Osmolyte transport
CP119781.1,CP119781.1_83,integrase,COG0582 Integrase,p__Halobacteriota,p__Halobacteriota,c__Halobacteria,o__Halobacteriales,f__Haloarculaceae,g__Halomicroarcula,s__Halomicroarcula [species 0007],Halobacteriota,Haloarculaceae,Integrase
CP119781.1,CP119781.1_202,lysis,COG1732 Periplasmic glycine betaine choline-binding (lipo)protein of an ABC-type transport system (osmoprotectant binding protein),p__Halobacteriota,p__Halobacteriota,c__Halobacteria,o__Halobacteriales,f__Haloarculaceae,g__Halomicroarcula,s__Halomicroarcula [species 0007],Halobacteriota,Haloarculaceae,Osmolyte transport
CP119793.1,CP119793.1_4,integrase,COG0582 Integrase,p__Halobacteriota,p__Halobacteriota,c__Halobacteria,o__Halobacteriales,f__,g__,s__[Genus] [species 0001],Halobacteriota,Unclassified,Integrase
CP119793.1,CP119793.1_30,lysis,Catalyzes hydrolysis of the D-alanyl-D-alanine dipeptide,p__Halobacteriota,p__Halobacteriota,c__Halobacteria,o__Halobacteriales,f__,g__,s__[Genus] [species 0001],Halobacteriota,Unclassified,Metabolic enzymes
CP119793.1,CP119793.1_31,lysis,Catalyzes hydrolysis of the D-alanyl-D-alanine dipeptide,p__Halobacteriota,p__Halobacteriota,c__Halobacteria,o__Halobacteriales,f__,g__,s__[Genus] [species 0001],Halobacteriota,Unclassified,Metabolic enzymes
CP119793.1,CP119793.1_38,lysis,Catalyzes hydrolysis of the D-alanyl-D-alanine dipeptide,p__Halobacteriota,p__Halobacteriota,c__Halobacteria,o__Halobacteriales,f__,g__,s__[Genus] [species 0001],Halobacteriota,Unclassified,Metabolic enzymes
CP119793.1,CP119793.1_80,lysis,COG1253 Hemolysins and related proteins containing CBS domains,p__Halobacteriota,p__Halobacteriota,c__Halobacteria,o__Halobacteriales,f__,g__,s__[Genus] [species 0001],Halobacteriota,Unclassified,Lysis & membrane
CP119793.1,CP119793.1_284,integrase,COG0582 Integrase,p__Halobacteriota,p__Halobacteriota,c__Halobacteria,o__Halobacteriales,f__,g__,s__[Genus] [species 0001],Halobacteriota,Unclassified,Integrase
CP119803.1,CP119803.1_98,integrase,COG0582 Integrase,p__Halobacteriota,p__Halobacteriota,c__Halobacteria,o__Halobacteriales,f__Haloarculaceae,g__Halosegnis,s__Halosegnis [species 0023],Halobacteriota,Haloarculaceae,Integrase
CP119805.1,CP119805.1_44,integrase,COG0582 Integrase,p__Halobacteriota,p__Halobacteriota,c__Halobacteria,o__Halobacteriales,f__Haladaptataceae,g__Halorussus,s__Halorussus [species 0012],Halobacteriota,Haladaptataceae,Integrase
CP119807.1,CP119807.1_8,integrase,COG0582 Integrase,p__Halobacteriota,p__Halobacteriota,c__Halobacteria,o__Halobacteriales,f__Haladaptataceae,g__Halorussus,s__Halorussus [species 0012],Halobacteriota,Haladaptataceae,Integrase
CP119807.1,CP119807.1_35,integrase,COG0582 Integrase,p__Halobacteriota,p__Halobacteriota,c__Halobacteria,o__Halobacteriales,f__Haladaptataceae,g__Halorussus,s__Halorussus [species 0012],Halobacteriota,Haladaptataceae,Integrase
CP119808.1,CP119808.1_11,integrase,COG0582 Integrase,p__Halobacteriota,p__Halobacteriota,c__Halobacteria,o__Halobacteriales,f__Haladaptataceae,g__Halorussus,s__Halorussus [species 0012],Halobacteriota,Haladaptataceae,Integrase
CP119808.1,CP119808.1_45,virion,"Phage plasmid primase, P4",p__Halobacteriota,p__Halobacteriota,c__Halobacteria,o__Halobacteriales,f__Haladaptataceae,g__Halorussus,s__Halorussus [species 0012],Halobacteriota,Haladaptataceae,Phage replication
CP120469.1,CP120469.1_4,lysis,COG1253 Hemolysins and related proteins containing CBS domains,p__Halobacteriota,p__Halobacteriota,c__Halobacteria,o__Halobacteriales,f__Haloferacaceae,g__Halobaculum,s__Halobaculum [species 0020],Halobacteriota,Haloferacaceae,Lysis & membrane
CP120469.1,CP120469.1_84,integrase,COG0582 Integrase,p__Halobacteriota,p__Halobacteriota,c__Halobacteria,o__Halobacteriales,f__Haloferacaceae,g__Halobaculum,s__Halobaculum [species 0020],Halobacteriota,Haloferacaceae,Integrase
CP120469.1,CP120469.1_178,integrase,Phage integrase family,p__Halobacteriota,p__Halobacteriota,c__Halobacteria,o__Halobacteriales,f__Haloferacaceae,g__Halobaculum,s__Halobaculum [species 0020],Halobacteriota,Haloferacaceae,Integrase
CP120469.1,CP120469.1_179,integrase,Phage integrase family,p__Halobacteriota,p__Halobacteriota,c__Halobacteria,o__Halobacteriales,f__Haloferacaceae,g__Halobaculum,s__Halobaculum [species 0020],Halobacteriota,Haloferacaceae,Integrase
CP120469.1,CP120469.1_180,integrase,Phage integrase family,p__Halobacteriota,p__Halobacteriota,c__Halobacteria,o__Halobacteriales,f__Haloferacaceae,g__Halobaculum,s__Halobaculum [species 0020],Halobacteriota,Haloferacaceae,Integrase
CP120469.1,CP120469.1_181,integrase,Phage integrase family,p__Halobacteriota,p__Halobacteriota,c__Halobacteria,o__Halobacteriales,f__Haloferacaceae,g__Halobaculum,s__Halobaculum [species 0020],Halobacteriota,Haloferacaceae,Integrase
CP120469.1,CP120469.1_216,lysis,COG1253 Hemolysins and related proteins containing CBS domains,p__Halobacteriota,p__Halobacteriota,c__Halobacteria,o__Halobacteriales,f__Haloferacaceae,g__Halobaculum,s__Halobaculum [species 0020],Halobacteriota,Haloferacaceae,Lysis & membrane
CP120469.1,CP120469.1_266,virion,"Phage plasmid primase, P4",p__Halobacteriota,p__Halobacteriota,c__Halobacteria,o__Halobacteriales,f__Haloferacaceae,g__Halobaculum,s__Halobaculum [species 0020],Halobacteriota,Haloferacaceae,Phage replication
CP120469.1,CP120469.1_351,lysis,COG2303 Choline dehydrogenase and related flavoproteins,p__Halobacteriota,p__Halobacteriota,c__Halobacteria,o__Halobacteriales,f__Haloferacaceae,g__Halobaculum,s__Halobaculum [species 0020],Halobacteriota,Haloferacaceae,Osmolyte transport
CP126163.1,CP126163.1_65,integrase,COG0582 Integrase,p__Halobacteriota,p__Halobacteriota,c__Halobacteria,o__Halobacteriales,f__Haloarculaceae,g__,s__[Genus] [species 0003],Halobacteriota,Haloarculaceae,Integrase
CP126163.1,CP126163.1_66,integrase,COG0582 Integrase,p__Halobacteriota,p__Halobacteriota,c__Halobacteria,o__Halobacteriales,f__Haloarculaceae,g__,s__[Genus] [species 0003],Halobacteriota,Haloarculaceae,Integrase
CP135527.1,CP135527.1_19,integrase,COG0582 Integrase,p__Halobacteriota,p__Halobacteriota,c__Halobacteria,o__Halobacteriales,f__Natrialbaceae,g__KZCA124,s__KZCA124 sp017357405,Halobacteriota,Natrialbaceae,Integrase
KF527230.1,KF527230.1_17,integrase,Archaeal phage integrase,p__Methanobacteriota_B,p__Methanobacteriota_B,c__Thermococci,o__Thermococcales,f__Thermococcaceae,g__Thermococcus,s__Thermococcus nautili,Methanobacteriota_B,Thermococcaceae,Integrase
NC_001771.1,NC_001771.1_2,virion,"Phage plasmid primase, P4",p__Thermoproteota,p__Thermoproteota,c__Thermoprotei_A,o__Sulfolobales,f__Sulfolobaceae,g__Saccharolobus,s__Saccharolobus islandicus,Thermoproteota,Sulfolobaceae,Phage replication
NC_001811.1,NC_001811.1_7,integrase,PFAM phage integrase family protein,p__Methanobacteriota,p__Methanobacteriota,c__Methanococci,o__Methanococcales,f__Methanococcaceae,g__Methanococcus,s__Methanococcus maripaludis_D,Methanobacteriota,Methanococcaceae,Integrase
NC_001869.1,NC_001869.1_68,integrase,COG0582 Integrase,p__Halobacteriota,p__Halobacteriota,c__Halobacteria,o__Halobacteriales,f__Halobacteriaceae,g__Halobacterium,s__Halobacterium salinarum,Halobacteriota,Halobacteriaceae,Integrase
NC_001869.1,NC_001869.1_100,integrase,COG0582 Integrase,p__Halobacteriota,p__Halobacteriota,c__Halobacteria,o__Halobacteriales,f__Halobacteriaceae,g__Halobacterium,s__Halobacterium salinarum,Halobacteriota,Halobacteriaceae,Integrase
NC_001869.1,NC_001869.1_131,integrase,integrase family,p__Halobacteriota,p__Halobacteriota,c__Halobacteria,o__Halobacteriales,f__Halobacteriaceae,g__Halobacterium,s__Halobacterium salinarum,Halobacteriota,Halobacteriaceae,Integrase
NC_001869.1,NC_001869.1_142,integrase,COG0582 Integrase,p__Halobacteriota,p__Halobacteriota,c__Halobacteria,o__Halobacteriales,f__Halobacteriaceae,g__Halobacterium,s__Halobacterium salinarum,Halobacteriota,Halobacteriaceae,Integrase
NC_001869.1,NC_001869.1_189,integrase,COG0582 Integrase,p__Halobacteriota,p__Halobacteriota,c__Halobacteria,o__Halobacteriales,f__Halobacteriaceae,g__Halobacterium,s__Halobacterium salinarum,Halobacteriota,Halobacteriaceae,Integrase
NC_002097.1,NC_002097.1_1,integrase,"Site-specific tyrosine recombinase, which acts by catalyzing the cutting and rejoining of the recombining DNA molecules",p__Halobacteriota,p__Halobacteriota,c__Methanosarcinia,o__Methanosarcinales,f__Methanosarcinaceae,g__Methanosarcina,s__Methanosarcina acetivorans,Halobacteriota,Methanosarcinaceae,Integrase
NC_002101.1,NC_002101.1_8,virion,"Phage plasmid primase, P4",p__Thermoproteota,p__Thermoproteota,c__Thermoprotei_A,o__Sulfolobales,f__Sulfolobaceae,g__Saccharolobus,s__Saccharolobus islandicus,Thermoproteota,Sulfolobaceae,Phage replication
NC_002608.1,NC_002608.1_68,integrase,COG0582 Integrase,p__Halobacteriota,p__Halobacteriota,c__Halobacteria,o__Halobacteriales,f__Halobacteriaceae,g__Halobacterium,s__Halobacterium salinarum,Halobacteriota,Halobacteriaceae,Integrase
NC_002608.1,NC_002608.1_100,integrase,COG0582 Integrase,p__Halobacteriota,p__Halobacteriota,c__Halobacteria,o__Halobacteriales,f__Halobacteriaceae,g__Halobacterium,s__Halobacterium salinarum,Halobacteriota,Halobacteriaceae,Integrase
NC_002608.1,NC_002608.1_159,lysis,"Part of the high-affinity ATP-driven potassium transport (or Kdp) system, which catalyzes the hydrolysis of ATP coupled with the electrogenic transport of potassium into the cytoplasm. This subunit binds and transports the potassium across the cytoplasmic membrane",p__Halobacteriota,p__Halobacteriota,c__Halobacteria,o__Halobacteriales,f__Halobacteriaceae,g__Halobacterium,s__Halobacterium salinarum,Halobacteriota,Halobacteriaceae,Metabolic enzymes
NC_002608.1,NC_002608.1_160,lysis,"Part of the high-affinity ATP-driven potassium transport (or Kdp) system, which catalyzes the hydrolysis of ATP coupled with the electrogenic transport of potassium into the cytoplasm. This subunit is responsible for energy coupling to the transport system",p__Halobacteriota,p__Halobacteriota,c__Halobacteria,o__Halobacteriales,f__Halobacteriaceae,g__Halobacterium,s__Halobacterium salinarum,Halobacteriota,Halobacteriaceae,Metabolic enzymes
NC_002608.1,NC_002608.1_161,lysis,"Part of the high-affinity ATP-driven potassium transport (or Kdp) system, which catalyzes the hydrolysis of ATP coupled with the electrogenic transport of potassium into the cytoplasm. This subunit acts as a catalytic chaperone that increases the ATP- binding affinity of the ATP-hydrolyzing subunit KdpB by the formation of a transient KdpB KdpC ATP ternary complex",p__Halobacteriota,p__Halobacteriota,c__Halobacteria,o__Halobacteriales,f__Halobacteriaceae,g__Halobacterium,s__Halobacterium salinarum,Halobacteriota,Halobacteriaceae,Metabolic enzymes
NC_002608.1,NC_002608.1_193,lysis,COG3486 Lysine ornithine N-monooxygenase,p__Halobacteriota,p__Halobacteriota,c__Halobacteria,o__Halobacteriales,f__Halobacteriaceae,g__Halobacterium,s__Halobacterium salinarum,Halobacteriota,Halobacteriaceae,Metabolic enzymes
NC_002608.1,NC_002608.1_259,lysis,COG1253 Hemolysins and related proteins containing CBS domains,p__Halobacteriota,p__Halobacteriota,c__Halobacteria,o__Halobacteriales,f__Halobacteriaceae,g__Halobacterium,s__Halobacterium salinarum,Halobacteriota,Halobacteriaceae,Lysis & membrane
NC_002608.1,NC_002608.1_275,integrase,COG0582 Integrase,p__Halobacteriota,p__Halobacteriota,c__Halobacteria,o__Halobacteriales,f__Halobacteriaceae,g__Halobacterium,s__Halobacterium salinarum,Halobacteriota,Halobacteriaceae,Integrase
NC_002608.1,NC_002608.1_377,integrase,COG0582 Integrase,p__Halobacteriota,p__Halobacteriota,c__Halobacteria,o__Halobacteriales,f__Halobacteriaceae,g__Halobacterium,s__Halobacterium salinarum,Halobacteriota,Halobacteriaceae,Integrase
NC_004852.1,NC_004852.1_20,integrase,Phage integrase family,p__Thermoproteota,p__Thermoproteota,c__Thermoprotei_A,o__Sulfolobales,f__Sulfolobaceae,g__Saccharolobus,s__Saccharolobus islandicus,Thermoproteota,Sulfolobaceae,Integrase
NC_004853.1,NC_004853.1_7,virion,"Phage plasmid primase, P4",p__Thermoproteota,p__Thermoproteota,c__Thermoprotei_A,o__Sulfolobales,f__Sulfolobaceae,g__Saccharolobus,s__Saccharolobus islandicus,Thermoproteota,Sulfolobaceae,Phage replication
NC_005562.1,NC_005562.1_10,virion,"Phage plasmid primase, P4",p__Thermoproteota,p__Thermoproteota,c__Thermoprotei_A,o__Sulfolobales,f__Sulfolobaceae,g__Acidianus,s__Acidianus ambivalens,Thermoproteota,Sulfolobaceae,Phage replication
NC_006389.1,NC_006389.1_24,integrase,COG0582 Integrase,p__Halobacteriota,p__Halobacteriota,c__Halobacteria,o__Halobacteriales,f__Haloarculaceae,g__Haloarcula,s__Haloarcula marismortui,Halobacteriota,Haloarculaceae,Integrase
NC_006390.1,NC_006390.1_4,integrase,COG0582 Integrase,p__Halobacteriota,p__Halobacteriota,c__Halobacteria,o__Halobacteriales,f__Haloarculaceae,g__Haloarcula,s__Haloarcula marismortui,Halobacteriota,Haloarculaceae,Integrase
NC_006392.1,NC_006392.1_20,integrase,COG0582 Integrase,p__Halobacteriota,p__Halobacteriota,c__Halobacteria,o__Halobacteriales,f__Haloarculaceae,g__Haloarcula,s__Haloarcula marismortui,Halobacteriota,Haloarculaceae,Integrase
NC_006392.1,NC_006392.1_32,integrase,COG0582 Integrase,p__Halobacteriota,p__Halobacteriota,c__Halobacteria,o__Halobacteriales,f__Haloarculaceae,g__Haloarcula,s__Haloarcula marismortui,Halobacteriota,Haloarculaceae,Integrase
NC_006393.1,NC_006393.1_15,integrase,COG0582 Integrase,p__Halobacteriota,p__Halobacteriota,c__Halobacteria,o__Halobacteriales,f__Haloarculaceae,g__Haloarcula,s__Haloarcula marismortui,Halobacteriota,Haloarculaceae,Integrase
NC_006394.1,NC_006394.1_14,integrase,COG0582 Integrase,p__Halobacteriota,p__Halobacteriota,c__Halobacteria,o__Halobacteriales,f__Haloarculaceae,g__Haloarcula,s__Haloarcula marismortui,Halobacteriota,Haloarculaceae,Integrase
NC_006422.1,NC_006422.1_28,integrase,Phage integrase family,p__Thermoproteota,p__Thermoproteota,c__Thermoprotei_A,o__Sulfolobales,f__Sulfolobaceae,g__Saccharolobus,s__Saccharolobus islandicus,Thermoproteota,Sulfolobaceae,Integrase
NC_006423.1,NC_006423.1_33,integrase,Phage integrase family,p__Thermoproteota,p__Thermoproteota,c__Thermoprotei_A,o__Sulfolobales,f__Sulfolobaceae,g__Saccharolobus,s__Saccharolobus islandicus,Thermoproteota,Sulfolobaceae,Integrase
NC_006424.1,NC_006424.1_32,integrase,Phage integrase family,p__Thermoproteota,p__Thermoproteota,c__Thermoprotei_A,o__Sulfolobales,f__Sulfolobaceae,g__Saccharolobus,s__Saccharolobus islandicus,Thermoproteota,Sulfolobaceae,Integrase
NC_006425.1,NC_006425.1_37,integrase,Phage integrase family,p__Thermoproteota,p__Thermoproteota,c__Thermoprotei_A,o__Sulfolobales,f__Sulfolobaceae,g__Saccharolobus,s__Saccharolobus islandicus,Thermoproteota,Sulfolobaceae,Integrase
NC_007427.1,NC_007427.1_77,integrase,COG0582 Integrase,p__Halobacteriota,p__Halobacteriota,c__Halobacteria,o__Halobacteriales,f__Haloarculaceae,g__Natronomonas,s__Natronomonas pharaonis,Halobacteriota,Haloarculaceae,Integrase
NC_007428.1,NC_007428.1_31,integrase,Integrase,p__Halobacteriota,p__Halobacteriota,c__Halobacteria,o__Halobacteriales,f__Haloarculaceae,g__Natronomonas,s__Natronomonas pharaonis,Halobacteriota,Haloarculaceae,Integrase
NC_008213.1,NC_008213.1_1,integrase,Phage integrase family,p__Halobacteriota,p__Halobacteriota,c__Halobacteria,o__Halobacteriales,f__Haloferacaceae,g__Haloquadratum,s__Haloquadratum walsbyi,Halobacteriota,Haloferacaceae,Integrase
NC_008213.1,NC_008213.1_27,virion,"Phage plasmid primase, P4 family",p__Halobacteriota,p__Halobacteriota,c__Halobacteria,o__Halobacteriales,f__Haloferacaceae,g__Haloquadratum,s__Haloquadratum walsbyi,Halobacteriota,Haloferacaceae,Phage replication
NC_008213.1,NC_008213.1_45,integrase,"COG1961 Site-specific recombinases, DNA invertase Pin homologs",p__Halobacteriota,p__Halobacteriota,c__Halobacteria,o__Halobacteriales,f__Haloferacaceae,g__Haloquadratum,s__Haloquadratum walsbyi,Halobacteriota,Haloferacaceae,Integrase
NC_008696.1,NC_008696.1_54,integrase,"Site-specific tyrosine recombinase, which acts by catalyzing the cutting and rejoining of the recombining DNA molecules",p__Thermoproteota,p__Thermoproteota,c__Thermoprotei,o__Thermofilales,f__Thermofilaceae,g__Thermofilum_B,s__Thermofilum_B pendens,Thermoproteota,Thermofilaceae,Integrase
NC_009136.1,NC_009136.1_8,integrase,PFAM phage integrase family protein,p__Methanobacteriota,p__Methanobacteriota,c__Methanococci,o__Methanococcales,f__Methanococcaceae,g__Methanococcus,s__Methanococcus maripaludis_D,Methanobacteriota,Methanococcaceae,Integrase
NC_010011.1,NC_010011.1_1,virion,"Phage plasmid primase, P4",p__Thermoproteota,p__Thermoproteota,c__Thermoprotei_A,o__Sulfolobales,f__Sulfolobaceae,g__Saccharolobus,s__Saccharolobus islandicus,Thermoproteota,Sulfolobaceae,Phage replication
NC_010011.1,NC_010011.1_6,virion,"Phage plasmid primase, P4",p__Thermoproteota,p__Thermoproteota,c__Thermoprotei_A,o__Sulfolobales,f__Sulfolobaceae,g__Saccharolobus,s__Saccharolobus islandicus,Thermoproteota,Sulfolobaceae,Phage replication
NC_010088.1,NC_010088.1_5,integrase,integrase family,p__Halobacteriota,p__Halobacteriota,c__Halobacteria,o__Halobacteriales,f__Halobacteriaceae,g__Halobacterium,s__Halobacterium salinarum,Halobacteriota,Halobacteriaceae,Integrase
NC_010366.1,NC_010366.1_69,integrase,COG0582 Integrase,p__Halobacteriota,p__Halobacteriota,c__Halobacteria,o__Halobacteriales,f__Halobacteriaceae,g__Halobacterium,s__Halobacterium salinarum,Halobacteriota,Halobacteriaceae,Integrase
NC_010366.1,NC_010366.1_119,integrase,COG0582 Integrase,p__Halobacteriota,p__Halobacteriota,c__Halobacteria,o__Halobacteriales,f__Halobacteriaceae,g__Halobacterium,s__Halobacterium salinarum,Halobacteriota,Halobacteriaceae,Integrase
NC_010366.1,NC_010366.1_149,integrase,integrase family,p__Halobacteriota,p__Halobacteriota,c__Halobacteria,o__Halobacteriales,f__Halobacteriaceae,g__Halobacterium,s__Halobacterium salinarum,Halobacteriota,Halobacteriaceae,Integrase
NC_010366.1,NC_010366.1_161,integrase,COG0582 Integrase,p__Halobacteriota,p__Halobacteriota,c__Halobacteria,o__Halobacteriales,f__Halobacteriaceae,g__Halobacterium,s__Halobacterium salinarum,Halobacteriota,Halobacteriaceae,Integrase
NC_010367.1,NC_010367.1_22,integrase,integrase family,p__Halobacteriota,p__Halobacteriota,c__Halobacteria,o__Halobacteriales,f__Halobacteriaceae,g__Halobacterium,s__Halobacterium salinarum,Halobacteriota,Halobacteriaceae,Integrase
NC_010367.1,NC_010367.1_34,integrase,COG0582 Integrase,p__Halobacteriota,p__Halobacteriota,c__Halobacteria,o__Halobacteriales,f__Halobacteriaceae,g__Halobacterium,s__Halobacterium salinarum,Halobacteriota,Halobacteriaceae,Integrase
NC_010369.1,NC_010369.1_129,integrase,COG0582 Integrase,p__Halobacteriota,p__Halobacteriota,c__Halobacteria,o__Halobacteriales,f__Halobacteriaceae,g__Halobacterium,s__Halobacterium salinarum,Halobacteriota,Halobacteriaceae,Integrase
NC_010369.1,NC_010369.1_179,integrase,COG0582 Integrase,p__Halobacteriota,p__Halobacteriota,c__Halobacteria,o__Halobacteriales,f__Halobacteriaceae,g__Halobacterium,s__Halobacterium salinarum,Halobacteriota,Halobacteriaceae,Integrase
NC_010597.1,NC_010597.1_30,integrase,Phage integrase family,p__Thermoproteota,p__Thermoproteota,c__Thermoprotei_A,o__Sulfolobales,f__Sulfolobaceae,g__Saccharolobus,s__Saccharolobus islandicus,Thermoproteota,Sulfolobaceae,Integrase
NC_010598.1,NC_010598.1_34,integrase,Phage integrase family,p__Thermoproteota,p__Thermoproteota,c__Thermoprotei_A,o__Sulfolobales,f__Sulfolobaceae,g__Saccharolobus,s__Saccharolobus islandicus,Thermoproteota,Sulfolobaceae,Integrase
NC_011299.1,NC_011299.1_37,integrase,Phage integrase family,p__Thermoproteota,p__Thermoproteota,c__Thermoprotei_A,o__Sulfolobales,f__Sulfolobaceae,g__Acidianus,s__Acidianus hospitalis,Thermoproteota,Sulfolobaceae,Integrase
NC_012030.1,NC_012030.1_49,integrase,integrase family,p__Halobacteriota,p__Halobacteriota,c__Halobacteria,o__Halobacteriales,f__Haloferacaceae,g__Halorubrum,s__Halorubrum lacusprofundi,Halobacteriota,Haloferacaceae,Integrase
NC_012030.1,NC_012030.1_80,integrase,COG0582 Integrase,p__Halobacteriota,p__Halobacteriota,c__Halobacteria,o__Halobacteriales,f__Haloferacaceae,g__Halorubrum,s__Halorubrum lacusprofundi,Halobacteriota,Haloferacaceae,Integrase
NC_012030.1,NC_012030.1_134,integrase,COG0582 Integrase,p__Halobacteriota,p__Halobacteriota,c__Halobacteria,o__Halobacteriales,f__Haloferacaceae,g__Halorubrum,s__Halorubrum lacusprofundi,Halobacteriota,Haloferacaceae,Integrase
NC_012030.1,NC_012030.1_145,integrase,COG0582 Integrase,p__Halobacteriota,p__Halobacteriota,c__Halobacteria,o__Halobacteriales,f__Haloferacaceae,g__Halorubrum,s__Halorubrum lacusprofundi,Halobacteriota,Haloferacaceae,Integrase
NC_012030.1,NC_012030.1_257,integrase,integrase family,p__Halobacteriota,p__Halobacteriota,c__Halobacteria,o__Halobacteriales,f__Haloferacaceae,g__Halorubrum,s__Halorubrum lacusprofundi,Halobacteriota,Haloferacaceae,Integrase
NC_012030.1,NC_012030.1_334,integrase,integrase family,p__Halobacteriota,p__Halobacteriota,c__Halobacteria,o__Halobacteriales,f__Haloferacaceae,g__Halorubrum,s__Halorubrum lacusprofundi,Halobacteriota,Haloferacaceae,Integrase
NC_012030.1,NC_012030.1_345,integrase,integrase family,p__Halobacteriota,p__Halobacteriota,c__Halobacteria,o__Halobacteriales,f__Haloferacaceae,g__Halorubrum,s__Halorubrum lacusprofundi,Halobacteriota,Haloferacaceae,Integrase
NC_012030.1,NC_012030.1_415,integrase,integrase family,p__Halobacteriota,p__Halobacteriota,c__Halobacteria,o__Halobacteriales,f__Haloferacaceae,g__Halorubrum,s__Halorubrum lacusprofundi,Halobacteriota,Haloferacaceae,Integrase
NC_012624.1,NC_012624.1_9,integrase,Phage integrase family,p__Thermoproteota,p__Thermoproteota,c__Thermoprotei_A,o__Sulfolobales,f__Sulfolobaceae,g__Saccharolobus,s__Saccharolobus islandicus,Thermoproteota,Sulfolobaceae,Integrase
NC_013157.1,NC_013157.1_31,integrase,Phage integrase family,p__Methanobacteriota,p__Methanobacteriota,c__Methanococci,o__Methanococcales,f__Methanocaldococcaceae,g__Methanocaldococcus,s__Methanocaldococcus fervens,Methanobacteriota,Methanocaldococcaceae,Integrase
NC_013201.1,NC_013201.1_75,virion,COG3654 Prophage maintenance system killer protein,p__Halobacteriota,p__Halobacteriota,c__Halobacteria,o__Halobacteriales,f__Haloarculaceae,g__Halomicrobium,s__Halomicrobium mukohataei,Halobacteriota,Haloarculaceae,Prophage maintenance
NC_013201.1,NC_013201.1_77,lysis,lysine biosynthesis protein LysW,p__Halobacteriota,p__Halobacteriota,c__Halobacteria,o__Halobacteriales,f__Haloarculaceae,g__Halomicrobium,s__Halomicrobium mukohataei,Halobacteriota,Haloarculaceae,Metabolic enzymes
NC_013201.1,NC_013201.1_95,integrase,COG0582 Integrase,p__Halobacteriota,p__Halobacteriota,c__Halobacteria,o__Halobacteriales,f__Haloarculaceae,g__Halomicrobium,s__Halomicrobium mukohataei,Halobacteriota,Haloarculaceae,Integrase
NC_013201.1,NC_013201.1_110,lysis,COG3486 Lysine ornithine N-monooxygenase,p__Halobacteriota,p__Halobacteriota,c__Halobacteria,o__Halobacteriales,f__Haloarculaceae,g__Halomicrobium,s__Halomicrobium mukohataei,Halobacteriota,Haloarculaceae,Metabolic enzymes
NC_013744.1,NC_013744.1_188,integrase,COG0582 Integrase,p__Halobacteriota,p__Halobacteriota,c__Halobacteria,o__Halobacteriales,f__Natrialbaceae,g__Haloterrigena,s__Haloterrigena turkmenica,Halobacteriota,Natrialbaceae,Integrase
NC_013744.1,NC_013744.1_270,integrase,Integrase,p__Halobacteriota,p__Halobacteriota,c__Halobacteria,o__Halobacteriales,f__Natrialbaceae,g__Haloterrigena,s__Haloterrigena turkmenica,Halobacteriota,Natrialbaceae,Integrase
NC_013744.1,NC_013744.1_331,integrase,COG0582 Integrase,p__Halobacteriota,p__Halobacteriota,c__Halobacteria,o__Halobacteriales,f__Natrialbaceae,g__Haloterrigena,s__Haloterrigena turkmenica,Halobacteriota,Natrialbaceae,Integrase
NC_013744.1,NC_013744.1_571,integrase,COG0582 Integrase,p__Halobacteriota,p__Halobacteriota,c__Halobacteria,o__Halobacteriales,f__Natrialbaceae,g__Haloterrigena,s__Haloterrigena turkmenica,Halobacteriota,Natrialbaceae,Integrase
NC_013744.1,NC_013744.1_593,integrase,COG0582 Integrase,p__Halobacteriota,p__Halobacteriota,c__Halobacteria,o__Halobacteriales,f__Natrialbaceae,g__Haloterrigena,s__Haloterrigena turkmenica,Halobacteriota,Natrialbaceae,Integrase
NC_013745.1,NC_013745.1_83,integrase,COG0582 Integrase,p__Halobacteriota,p__Halobacteriota,c__Halobacteria,o__Halobacteriales,f__Natrialbaceae,g__Haloterrigena,s__Haloterrigena turkmenica,Halobacteriota,Natrialbaceae,Integrase
NC_013745.1,NC_013745.1_103,integrase,integrase family,p__Halobacteriota,p__Halobacteriota,c__Halobacteria,o__Halobacteriales,f__Natrialbaceae,g__Haloterrigena,s__Haloterrigena turkmenica,Halobacteriota,Natrialbaceae,Integrase
NC_013745.1,NC_013745.1_109,virion,COG3654 Prophage maintenance system killer protein,p__Halobacteriota,p__Halobacteriota,c__Halobacteria,o__Halobacteriales,f__Natrialbaceae,g__Haloterrigena,s__Haloterrigena turkmenica,Halobacteriota,Natrialbaceae,Prophage maintenance
NC_013745.1,NC_013745.1_150,integrase,Phage integrase family,p__Halobacteriota,p__Halobacteriota,c__Halobacteria,o__Halobacteriales,f__Natrialbaceae,g__Haloterrigena,s__Haloterrigena turkmenica,Halobacteriota,Natrialbaceae,Integrase
NC_013745.1,NC_013745.1_205,integrase,COG0582 Integrase,p__Halobacteriota,p__Halobacteriota,c__Halobacteria,o__Halobacteriales,f__Natrialbaceae,g__Haloterrigena,s__Haloterrigena turkmenica,Halobacteriota,Natrialbaceae,Integrase
NC_013745.1,NC_013745.1_285,lysis,"Catalyzes the oxidation of 5,10- methylenetetrahydrofolate to 5,10-methenyltetrahydrofolate and then the hydrolysis of 5,10-methenyltetrahydrofolate to 10- formyltetrahydrofolate",p__Halobacteriota,p__Halobacteriota,c__Halobacteria,o__Halobacteriales,f__Natrialbaceae,g__Haloterrigena,s__Haloterrigena turkmenica,Halobacteriota,Natrialbaceae,Metabolic enzymes
NC_013745.1,NC_013745.1_288,lysis,COG1292 Choline-glycine betaine transporter,p__Halobacteriota,p__Halobacteriota,c__Halobacteria,o__Halobacteriales,f__Natrialbaceae,g__Haloterrigena,s__Haloterrigena turkmenica,Halobacteriota,Natrialbaceae,Osmolyte transport
NC_013745.1,NC_013745.1_317,lysis,Choline-glycine betaine transporter,p__Halobacteriota,p__Halobacteriota,c__Halobacteria,o__Halobacteriales,f__Natrialbaceae,g__Haloterrigena,s__Haloterrigena turkmenica,Halobacteriota,Natrialbaceae,Osmolyte transport
NC_013745.1,NC_013745.1_332,lysis,COG1292 Choline-glycine betaine transporter,p__Halobacteriota,p__Halobacteriota,c__Halobacteria,o__Halobacteriales,f__Natrialbaceae,g__Haloterrigena,s__Haloterrigena turkmenica,Halobacteriota,Natrialbaceae,Osmolyte transport
NC_013745.1,NC_013745.1_334,lysis,COG1292 Choline-glycine betaine transporter,p__Halobacteriota,p__Halobacteriota,c__Halobacteria,o__Halobacteriales,f__Natrialbaceae,g__Haloterrigena,s__Haloterrigena turkmenica,Halobacteriota,Natrialbaceae,Osmolyte transport
NC_013745.1,NC_013745.1_336,lysis,COG1292 Choline-glycine betaine transporter,p__Halobacteriota,p__Halobacteriota,c__Halobacteria,o__Halobacteriales,f__Natrialbaceae,g__Haloterrigena,s__Haloterrigena turkmenica,Halobacteriota,Natrialbaceae,Osmolyte transport
NC_013745.1,NC_013745.1_342,lysis,COG1732 Periplasmic glycine betaine choline-binding (lipo)protein of an ABC-type transport system (osmoprotectant binding protein),p__Halobacteriota,p__Halobacteriota,c__Halobacteria,o__Halobacteriales,f__Natrialbaceae,g__Haloterrigena,s__Haloterrigena turkmenica,Halobacteriota,Natrialbaceae,Osmolyte transport
NC_013745.1,NC_013745.1_366,lysis,COG1253 Hemolysins and related proteins containing CBS domains,p__Halobacteriota,p__Halobacteriota,c__Halobacteria,o__Halobacteriales,f__Natrialbaceae,g__Haloterrigena,s__Haloterrigena turkmenica,Halobacteriota,Natrialbaceae,Lysis & membrane
NC_013746.1,NC_013746.1_79,integrase,COG0582 Integrase,p__Halobacteriota,p__Halobacteriota,c__Halobacteria,o__Halobacteriales,f__Natrialbaceae,g__Haloterrigena,s__Haloterrigena turkmenica,Halobacteriota,Natrialbaceae,Integrase
NC_013746.1,NC_013746.1_82,integrase,COG0582 Integrase,p__Halobacteriota,p__Halobacteriota,c__Halobacteria,o__Halobacteriales,f__Natrialbaceae,g__Haloterrigena,s__Haloterrigena turkmenica,Halobacteriota,Natrialbaceae,Integrase
NC_013747.1,NC_013747.1_40,integrase,COG0582 Integrase,p__Halobacteriota,p__Halobacteriota,c__Halobacteria,o__Halobacteriales,f__Natrialbaceae,g__Haloterrigena,s__Haloterrigena turkmenica,Halobacteriota,Natrialbaceae,Integrase
NC_013747.1,NC_013747.1_43,integrase,COG0582 Integrase,p__Halobacteriota,p__Halobacteriota,c__Halobacteria,o__Halobacteriales,f__Natrialbaceae,g__Haloterrigena,s__Haloterrigena turkmenica,Halobacteriota,Natrialbaceae,Integrase
NC_013747.1,NC_013747.1_110,lysis,Peptidase M10A and M12B matrixin and adamalysin,p__Halobacteriota,p__Halobacteriota,c__Halobacteria,o__Halobacteriales,f__Natrialbaceae,g__Haloterrigena,s__Haloterrigena turkmenica,Halobacteriota,Natrialbaceae,Lysis & membrane
NC_013748.1,NC_013748.1_37,integrase,COG0582 Integrase,p__Halobacteriota,p__Halobacteriota,c__Halobacteria,o__Halobacteriales,f__Natrialbaceae,g__Haloterrigena,s__Haloterrigena turkmenica,Halobacteriota,Natrialbaceae,Integrase
NC_013749.1,NC_013749.1_10,virion,"Phage plasmid primase, P4",p__Halobacteriota,p__Halobacteriota,c__Halobacteria,o__Halobacteriales,f__Natrialbaceae,g__Haloterrigena,s__Haloterrigena turkmenica,Halobacteriota,Natrialbaceae,Phage replication
NC_013749.1,NC_013749.1_22,integrase,integrase family,p__Halobacteriota,p__Halobacteriota,c__Halobacteria,o__Halobacteriales,f__Natrialbaceae,g__Haloterrigena,s__Haloterrigena turkmenica,Halobacteriota,Natrialbaceae,Integrase
NC_013770.1,NC_013770.1_40,integrase,Phage integrase family,p__Thermoproteota,p__Thermoproteota,c__Thermoprotei_A,o__Sulfolobales,f__Sulfolobaceae,g__Saccharolobus,s__Saccharolobus islandicus,Thermoproteota,Sulfolobaceae,Integrase
NC_013888.1,NC_013888.1_3,integrase,PFAM phage integrase family protein,p__Methanobacteriota,p__Methanobacteriota,c__Methanococci,o__Methanococcales,f__Methanocaldococcaceae,g__Methanocaldococcus,s__Methanocaldococcus sp000025525,Methanobacteriota,Methanocaldococcaceae,Integrase
NC_013923.1,NC_013923.1_141,lysis,Catalyzes the release of L-lysine from LysW -gamma-L- lysine and the release of L-ornithine from LysW -L-ornithine,p__Halobacteriota,p__Halobacteriota,c__Halobacteria,o__Halobacteriales,f__Natrialbaceae,g__Natrialba,s__Natrialba magadii,Halobacteriota,Natrialbaceae,Metabolic enzymes
NC_013923.1,NC_013923.1_165,lysis,COG1292 Choline-glycine betaine transporter,p__Halobacteriota,p__Halobacteriota,c__Halobacteria,o__Halobacteriales,f__Natrialbaceae,g__Natrialba,s__Natrialba magadii,Halobacteriota,Natrialbaceae,Osmolyte transport
NC_013923.1,NC_013923.1_178,integrase,COG0582 Integrase,p__Halobacteriota,p__Halobacteriota,c__Halobacteria,o__Halobacteriales,f__Natrialbaceae,g__Natrialba,s__Natrialba magadii,Halobacteriota,Natrialbaceae,Integrase
NC_013924.1,NC_013924.1_50,integrase,COG0582 Integrase,p__Halobacteriota,p__Halobacteriota,c__Halobacteria,o__Halobacteriales,f__Natrialbaceae,g__Natrialba,s__Natrialba magadii,Halobacteriota,Natrialbaceae,Integrase
NC_013924.1,NC_013924.1_250,virion,"Phage plasmid primase, P4",p__Halobacteriota,p__Halobacteriota,c__Halobacteria,o__Halobacteriales,f__Natrialbaceae,g__Natrialba,s__Natrialba magadii,Halobacteriota,Natrialbaceae,Phage replication
NC_013925.1,NC_013925.1_42,packaging,chromosome segregation,p__Halobacteriota,p__Halobacteriota,c__Halobacteria,o__Halobacteriales,f__Natrialbaceae,g__Natrialba,s__Natrialba magadii,Halobacteriota,Natrialbaceae,DNA packaging
NC_013925.1,NC_013925.1_47,packaging,Phage portal protein,p__Halobacteriota,p__Halobacteriota,c__Halobacteria,o__Halobacteriales,f__Natrialbaceae,g__Natrialba,s__Natrialba magadii,Halobacteriota,Natrialbaceae,DNA packaging
NC_013925.1,NC_013925.1_55,tail,Phage virion morphogenesis family,p__Halobacteriota,p__Halobacteriota,c__Halobacteria,o__Halobacteriales,f__Natrialbaceae,g__Natrialba,s__Natrialba magadii,Halobacteriota,Natrialbaceae,Capsid & head
NC_013925.1,NC_013925.1_65,virion,Phage protein D,p__Halobacteriota,p__Halobacteriota,c__Halobacteria,o__Halobacteriales,f__Natrialbaceae,g__Natrialba,s__Natrialba magadii,Halobacteriota,Natrialbaceae,Capsid & head
NC_013925.1,NC_013925.1_68,tail,Baseplate J-like protein,p__Halobacteriota,p__Halobacteriota,c__Halobacteria,o__Halobacteriales,f__Natrialbaceae,g__Natrialba,s__Natrialba magadii,Halobacteriota,Natrialbaceae,Tail & baseplate
NC_013925.1,NC_013925.1_74,integrase,Phage integrase family,p__Halobacteriota,p__Halobacteriota,c__Halobacteria,o__Halobacteriales,f__Natrialbaceae,g__Natrialba,s__Natrialba magadii,Halobacteriota,Natrialbaceae,Integrase
NC_013925.1,NC_013925.1_84,integrase,integrase family,p__Halobacteriota,p__Halobacteriota,c__Halobacteria,o__Halobacteriales,f__Natrialbaceae,g__Natrialba,s__Natrialba magadii,Halobacteriota,Natrialbaceae,Integrase
NC_013964.1,NC_013964.1_11,lysis,COG1292 Choline-glycine betaine transporter,p__Halobacteriota,p__Halobacteriota,c__Halobacteria,o__Halobacteriales,f__Haloferacaceae,g__Haloferax,s__Haloferax volcanii,Halobacteriota,Haloferacaceae,Osmolyte transport
NC_013964.1,NC_013964.1_41,lysis,COG3486 Lysine ornithine N-monooxygenase,p__Halobacteriota,p__Halobacteriota,c__Halobacteria,o__Halobacteriales,f__Haloferacaceae,g__Haloferax,s__Haloferax volcanii,Halobacteriota,Haloferacaceae,Metabolic enzymes
NC_013964.1,NC_013964.1_256,lysis,COG1292 Choline-glycine betaine transporter,p__Halobacteriota,p__Halobacteriota,c__Halobacteria,o__Halobacteriales,f__Haloferacaceae,g__Haloferax,s__Haloferax volcanii,Halobacteriota,Haloferacaceae,Osmolyte transport
NC_013966.1,NC_013966.1_4,integrase,Integrase,p__Halobacteriota,p__Halobacteriota,c__Halobacteria,o__Halobacteriales,f__Haloferacaceae,g__Haloferax,s__Haloferax volcanii,Halobacteriota,Haloferacaceae,Integrase
NC_013966.1,NC_013966.1_51,lysis,COG1253 Hemolysins and related proteins containing CBS domains,p__Halobacteriota,p__Halobacteriota,c__Halobacteria,o__Halobacteriales,f__Haloferacaceae,g__Haloferax,s__Haloferax volcanii,Halobacteriota,Haloferacaceae,Lysis & membrane
NC_013966.1,NC_013966.1_129,integrase,COG0582 Integrase,p__Halobacteriota,p__Halobacteriota,c__Halobacteria,o__Halobacteriales,f__Haloferacaceae,g__Haloferax,s__Haloferax volcanii,Halobacteriota,Haloferacaceae,Integrase
NC_013966.1,NC_013966.1_160,integrase,Phage integrase family,p__Halobacteriota,p__Halobacteriota,c__Halobacteria,o__Halobacteriales,f__Haloferacaceae,g__Haloferax,s__Haloferax volcanii,Halobacteriota,Haloferacaceae,Integrase
NC_013966.1,NC_013966.1_236,virion,COG3654 Prophage maintenance system killer protein,p__Halobacteriota,p__Halobacteriota,c__Halobacteria,o__Halobacteriales,f__Haloferacaceae,g__Haloferax,s__Haloferax volcanii,Halobacteriota,Haloferacaceae,Prophage maintenance
NC_013966.1,NC_013966.1_336,integrase,COG0582 Integrase,p__Halobacteriota,p__Halobacteriota,c__Halobacteria,o__Halobacteriales,f__Haloferacaceae,g__Haloferax,s__Haloferax volcanii,Halobacteriota,Haloferacaceae,Integrase
NC_013966.1,NC_013966.1_378,virion,COG3654 Prophage maintenance system killer protein,p__Halobacteriota,p__Halobacteriota,c__Halobacteria,o__Halobacteriales,f__Haloferacaceae,g__Haloferax,s__Haloferax volcanii,Halobacteriota,Haloferacaceae,Prophage maintenance
NC_014298.1,NC_014298.1_2,integrase,"COG1961 Site-specific recombinases, DNA invertase Pin homologs",p__Halobacteriota,p__Halobacteriota,c__Halobacteria,o__Halobacteriales,f__Halalkalicoccaceae,g__Halalkalicoccus,s__Halalkalicoccus jeotgali,Halobacteriota,Halalkalicoccaceae,Integrase
NC_014298.1,NC_014298.1_78,integrase,COG0582 Integrase,p__Halobacteriota,p__Halobacteriota,c__Halobacteria,o__Halobacteriales,f__Halalkalicoccaceae,g__Halalkalicoccus,s__Halalkalicoccus jeotgali,Halobacteriota,Halalkalicoccaceae,Integrase
NC_014298.1,NC_014298.1_118,lysis,COG3486 Lysine ornithine N-monooxygenase,p__Halobacteriota,p__Halobacteriota,c__Halobacteria,o__Halobacteriales,f__Halalkalicoccaceae,g__Halalkalicoccus,s__Halalkalicoccus jeotgali,Halobacteriota,Halalkalicoccaceae,Metabolic enzymes
NC_014298.1,NC_014298.1_312,virion,COG3654 Prophage maintenance system killer protein,p__Halobacteriota,p__Halobacteriota,c__Halobacteria,o__Halobacteriales,f__Halalkalicoccaceae,g__Halalkalicoccus,s__Halalkalicoccus jeotgali,Halobacteriota,Halalkalicoccaceae,Prophage maintenance
NC_014299.1,NC_014299.1_151,integrase,"COG1961 Site-specific recombinases, DNA invertase Pin homologs",p__Halobacteriota,p__Halobacteriota,c__Halobacteria,o__Halobacteriales,f__Halalkalicoccaceae,g__Halalkalicoccus,s__Halalkalicoccus jeotgali,Halobacteriota,Halalkalicoccaceae,Integrase
NC_014299.1,NC_014299.1_153,integrase,COG0582 Integrase,p__Halobacteriota,p__Halobacteriota,c__Halobacteria,o__Halobacteriales,f__Halalkalicoccaceae,g__Halalkalicoccus,s__Halalkalicoccus jeotgali,Halobacteriota,Halalkalicoccaceae,Integrase
NC_014299.1,NC_014299.1_154,integrase,COG0582 Integrase,p__Halobacteriota,p__Halobacteriota,c__Halobacteria,o__Halobacteriales,f__Halalkalicoccaceae,g__Halalkalicoccus,s__Halalkalicoccus jeotgali,Halobacteriota,Halalkalicoccaceae,Integrase
NC_014299.1,NC_014299.1_176,virion,COG3654 Prophage maintenance system killer protein,p__Halobacteriota,p__Halobacteriota,c__Halobacteria,o__Halobacteriales,f__Halalkalicoccaceae,g__Halalkalicoccus,s__Halalkalicoccus jeotgali,Halobacteriota,Halalkalicoccaceae,Prophage maintenance
NC_014299.1,NC_014299.1_213,virion,COG3654 Prophage maintenance system killer protein,p__Halobacteriota,p__Halobacteriota,c__Halobacteria,o__Halobacteriales,f__Halalkalicoccaceae,g__Halalkalicoccus,s__Halalkalicoccus jeotgali,Halobacteriota,Halalkalicoccaceae,Prophage maintenance
NC_014300.1,NC_014300.1_2,integrase,"COG1961 Site-specific recombinases, DNA invertase Pin homologs",p__Halobacteriota,p__Halobacteriota,c__Halobacteria,o__Halobacteriales,f__Halalkalicoccaceae,g__Halalkalicoccus,s__Halalkalicoccus jeotgali,Halobacteriota,Halalkalicoccaceae,Integrase
NC_014302.1,NC_014302.1_8,virion,"Phage plasmid primase, P4 family",p__Halobacteriota,p__Halobacteriota,c__Halobacteria,o__Halobacteriales,f__Halalkalicoccaceae,g__Halalkalicoccus,s__Halalkalicoccus jeotgali,Halobacteriota,Halalkalicoccaceae,Phage replication
NC_014731.1,NC_014731.1_9,integrase,integrase family,p__Halobacteriota,p__Halobacteriota,c__Halobacteria,o__Halobacteriales,f__Haloferacaceae,g__Halogeometricum,s__Halogeometricum borinquense,Halobacteriota,Haloferacaceae,Integrase
NC_014735.1,NC_014735.1_126,lysis,COG1253 Hemolysins and related proteins containing CBS domains,p__Halobacteriota,p__Halobacteriota,c__Halobacteria,o__Halobacteriales,f__Haloferacaceae,g__Halogeometricum,s__Halogeometricum borinquense,Halobacteriota,Haloferacaceae,Lysis & membrane
NC_014735.1,NC_014735.1_244,integrase,COG0582 Integrase,p__Halobacteriota,p__Halobacteriota,c__Halobacteria,o__Halobacteriales,f__Haloferacaceae,g__Halogeometricum,s__Halogeometricum borinquense,Halobacteriota,Haloferacaceae,Integrase
NC_014735.1,NC_014735.1_314,integrase,COG0582 Integrase,p__Halobacteriota,p__Halobacteriota,c__Halobacteria,o__Halobacteriales,f__Haloferacaceae,g__Halogeometricum,s__Halogeometricum borinquense,Halobacteriota,Haloferacaceae,Integrase
NC_014736.1,NC_014736.1_1,lysis,Choline-glycine betaine transporter,p__Halobacteriota,p__Halobacteriota,c__Halobacteria,o__Halobacteriales,f__Haloferacaceae,g__Halogeometricum,s__Halogeometricum borinquense,Halobacteriota,Haloferacaceae,Osmolyte transport
NC_014736.1,NC_014736.1_15,lysis,COG2931 RTX toxins and related Ca2 -binding proteins,p__Halobacteriota,p__Halobacteriota,c__Halobacteria,o__Halobacteriales,f__Haloferacaceae,g__Halogeometricum,s__Halogeometricum borinquense,Halobacteriota,Haloferacaceae,Lysis & membrane
NC_014736.1,NC_014736.1_60,virion,Phage protein D,p__Halobacteriota,p__Halobacteriota,c__Halobacteria,o__Halobacteriales,f__Haloferacaceae,g__Halogeometricum,s__Halogeometricum borinquense,Halobacteriota,Haloferacaceae,Capsid & head
NC_014736.1,NC_014736.1_63,tail,Phage baseplate assembly protein W,p__Halobacteriota,p__Halobacteriota,c__Halobacteria,o__Halobacteriales,f__Haloferacaceae,g__Halogeometricum,s__Halogeometricum borinquense,Halobacteriota,Haloferacaceae,Tail & baseplate
NC_014736.1,NC_014736.1_64,tail,Baseplate J-like protein,p__Halobacteriota,p__Halobacteriota,c__Halobacteria,o__Halobacteriales,f__Haloferacaceae,g__Halogeometricum,s__Halogeometricum borinquense,Halobacteriota,Haloferacaceae,Tail & baseplate
NC_014736.1,NC_014736.1_65,tail,Baseplate J-like protein,p__Halobacteriota,p__Halobacteriota,c__Halobacteria,o__Halobacteriales,f__Haloferacaceae,g__Halogeometricum,s__Halogeometricum borinquense,Halobacteriota,Haloferacaceae,Tail & baseplate
NC_014736.1,NC_014736.1_66,tail,Phage tail protein (Tail_P2_I),p__Halobacteriota,p__Halobacteriota,c__Halobacteria,o__Halobacteriales,f__Haloferacaceae,g__Halogeometricum,s__Halogeometricum borinquense,Halobacteriota,Haloferacaceae,Tail & baseplate
NC_014736.1,NC_014736.1_77,tail,COG3497 Phage tail sheath protein FI,p__Halobacteriota,p__Halobacteriota,c__Halobacteria,o__Halobacteriales,f__Haloferacaceae,g__Halogeometricum,s__Halogeometricum borinquense,Halobacteriota,Haloferacaceae,Tail & baseplate
NC_014736.1,NC_014736.1_78,tail,T4-like virus tail tube protein gp19,p__Halobacteriota,p__Halobacteriota,c__Halobacteria,o__Halobacteriales,f__Haloferacaceae,g__Halogeometricum,s__Halogeometricum borinquense,Halobacteriota,Haloferacaceae,Tail & baseplate
NC_014736.1,NC_014736.1_82,tail,T4-like virus tail tube protein gp19,p__Halobacteriota,p__Halobacteriota,c__Halobacteria,o__Halobacteriales,f__Haloferacaceae,g__Halogeometricum,s__Halogeometricum borinquense,Halobacteriota,Haloferacaceae,Tail & baseplate
NC_014736.1,NC_014736.1_151,integrase,Phage integrase family,p__Halobacteriota,p__Halobacteriota,c__Halobacteria,o__Halobacteriales,f__Haloferacaceae,g__Halogeometricum,s__Halogeometricum borinquense,Halobacteriota,Haloferacaceae,Integrase
NC_014737.1,NC_014737.1_10,integrase,Phage integrase family,p__Halobacteriota,p__Halobacteriota,c__Halobacteria,o__Halobacteriales,f__Haloferacaceae,g__Halogeometricum,s__Halogeometricum borinquense,Halobacteriota,Haloferacaceae,Integrase
NC_014737.1,NC_014737.1_11,integrase,Phage integrase family,p__Halobacteriota,p__Halobacteriota,c__Halobacteria,o__Halobacteriales,f__Haloferacaceae,g__Halogeometricum,s__Halogeometricum borinquense,Halobacteriota,Haloferacaceae,Integrase
NC_014737.1,NC_014737.1_16,integrase,integrase family,p__Halobacteriota,p__Halobacteriota,c__Halobacteria,o__Halobacteriales,f__Haloferacaceae,g__Halogeometricum,s__Halogeometricum borinquense,Halobacteriota,Haloferacaceae,Integrase
NC_015632.1,NC_015632.1_1,integrase,PFAM phage integrase family protein,p__Methanobacteriota,p__Methanobacteriota,c__Methanococci,o__Methanococcales,f__Methanococcaceae,g__Methanothermococcus_A,s__Methanothermococcus_A okinawensis,Methanobacteriota,Methanococcaceae,Integrase
NC_015658.1,NC_015658.1_106,integrase,COG0582 Integrase,p__Halobacteriota,p__Halobacteriota,c__Halobacteria,o__Halobacteriales,f__Natrialbaceae,g__Halopiger,s__Halopiger xanaduensis,Halobacteriota,Natrialbaceae,Integrase
NC_015658.1,NC_015658.1_233,lysis,COG1253 Hemolysins and related proteins containing CBS domains,p__Halobacteriota,p__Halobacteriota,c__Halobacteria,o__Halobacteriales,f__Natrialbaceae,g__Halopiger,s__Halopiger xanaduensis,Halobacteriota,Natrialbaceae,Lysis & membrane
NC_015658.1,NC_015658.1_275,integrase,Phage integrase family,p__Halobacteriota,p__Halobacteriota,c__Halobacteria,o__Halobacteriales,f__Natrialbaceae,g__Halopiger,s__Halopiger xanaduensis,Halobacteriota,Natrialbaceae,Integrase
NC_015658.1,NC_015658.1_294,lysis,COG1292 Choline-glycine betaine transporter,p__Halobacteriota,p__Halobacteriota,c__Halobacteria,o__Halobacteriales,f__Natrialbaceae,g__Halopiger,s__Halopiger xanaduensis,Halobacteriota,Natrialbaceae,Osmolyte transport
NC_015658.1,NC_015658.1_320,virion,"Phage plasmid primase, P4",p__Halobacteriota,p__Halobacteriota,c__Halobacteria,o__Halobacteriales,f__Natrialbaceae,g__Halopiger,s__Halopiger xanaduensis,Halobacteriota,Natrialbaceae,Phage replication
NC_015658.1,NC_015658.1_364,lysis,COG1253 Hemolysins and related proteins containing CBS domains,p__Halobacteriota,p__Halobacteriota,c__Halobacteria,o__Halobacteriales,f__Natrialbaceae,g__Halopiger,s__Halopiger xanaduensis,Halobacteriota,Natrialbaceae,Lysis & membrane
NC_015658.1,NC_015658.1_365,lysis,COG1253 Hemolysins and related proteins containing CBS domains,p__Halobacteriota,p__Halobacteriota,c__Halobacteria,o__Halobacteriales,f__Natrialbaceae,g__Halopiger,s__Halopiger xanaduensis,Halobacteriota,Natrialbaceae,Lysis & membrane
NC_015659.1,NC_015659.1_78,integrase,COG0582 Integrase,p__Halobacteriota,p__Halobacteriota,c__Halobacteria,o__Halobacteriales,f__Natrialbaceae,g__Halopiger,s__Halopiger xanaduensis,Halobacteriota,Natrialbaceae,Integrase
NC_015667.1,NC_015667.1_205,integrase,COG0582 Integrase,p__Halobacteriota,p__Halobacteriota,c__Halobacteria,o__Halobacteriales,f__Natrialbaceae,g__Halopiger,s__Halopiger xanaduensis,Halobacteriota,Natrialbaceae,Integrase
NC_015944.1,NC_015944.1_20,integrase,COG0582 Integrase,p__Halobacteriota,p__Halobacteriota,c__Halobacteria,o__Halobacteriales,f__Haloarculaceae,g__Haloarcula,s__Haloarcula hispanica,Halobacteriota,Haloarculaceae,Integrase
NC_015944.1,NC_015944.1_79,lysis,"Facilitates the functional incorporation of the urease nickel metallocenter. This process requires GTP hydrolysis, probably effectuated by UreG",p__Halobacteriota,p__Halobacteriota,c__Halobacteria,o__Halobacteriales,f__Haloarculaceae,g__Haloarcula,s__Haloarcula hispanica,Halobacteriota,Haloarculaceae,Metabolic enzymes
NC_015944.1,NC_015944.1_195,lysis,COG1292 Choline-glycine betaine transporter,p__Halobacteriota,p__Halobacteriota,c__Halobacteria,o__Halobacteriales,f__Haloarculaceae,g__Haloarcula,s__Haloarcula hispanica,Halobacteriota,Haloarculaceae,Osmolyte transport
NC_015944.1,NC_015944.1_229,lysis,"Catalyzes the oxidation of 5,10- methylenetetrahydrofolate to 5,10-methenyltetrahydrofolate and then the hydrolysis of 5,10-methenyltetrahydrofolate to 10- formyltetrahydrofolate",p__Halobacteriota,p__Halobacteriota,c__Halobacteria,o__Halobacteriales,f__Haloarculaceae,g__Haloarcula,s__Haloarcula hispanica,Halobacteriota,Haloarculaceae,Metabolic enzymes
NC_015944.1,NC_015944.1_232,lysis,COG1292 Choline-glycine betaine transporter,p__Halobacteriota,p__Halobacteriota,c__Halobacteria,o__Halobacteriales,f__Haloarculaceae,g__Haloarcula,s__Haloarcula hispanica,Halobacteriota,Haloarculaceae,Osmolyte transport
NC_016637.1,NC_016637.1_2,virion,Phage plasmid primase P4 family,p__Halobacteriota,p__Halobacteriota,c__Methanosarcinia,o__Methanotrichales,f__Methanotrichaceae,g__Methanothrix_A,s__Methanothrix_A harundinacea_E,Halobacteriota,Methanotrichaceae,Phage replication
NC_017457.1,NC_017457.1_16,integrase,COG0582 Integrase,p__Halobacteriota,p__Halobacteriota,c__Halobacteria,o__Halobacteriales,f__Haloferacaceae,g__Haloquadratum,s__Haloquadratum walsbyi,Halobacteriota,Haloferacaceae,Integrase
NC_017942.1,NC_017942.1_113,virion,COG3654 Prophage maintenance system killer protein,p__Halobacteriota,p__Halobacteriota,c__Halobacteria,o__Halobacteriales,f__Haloferacaceae,g__Haloferax,s__Haloferax mediterranei,Halobacteriota,Haloferacaceae,Prophage maintenance
NC_017942.1,NC_017942.1_126,lysis,"amino acids such as valine, to avoid such errors it has two additional distinct tRNA(Ile)-dependent editing activities. One activity is designated as 'pretransfer' editing and involves the hydrolysis of activated Val-AMP. The other activity is designated 'posttransfer' editing and involves deacylation of mischarged Val-tRNA(Ile)",p__Halobacteriota,p__Halobacteriota,c__Halobacteria,o__Halobacteriales,f__Haloferacaceae,g__Haloferax,s__Haloferax mediterranei,Halobacteriota,Haloferacaceae,Metabolic enzymes
NC_017942.1,NC_017942.1_132,virion,COG3654 Prophage maintenance system killer protein,p__Halobacteriota,p__Halobacteriota,c__Halobacteria,o__Halobacteriales,f__Haloferacaceae,g__Haloferax,s__Haloferax mediterranei,Halobacteriota,Haloferacaceae,Prophage maintenance
NC_017942.1,NC_017942.1_136,integrase,COG0582 Integrase,p__Halobacteriota,p__Halobacteriota,c__Halobacteria,o__Halobacteriales,f__Haloferacaceae,g__Haloferax,s__Haloferax mediterranei,Halobacteriota,Haloferacaceae,Integrase
NC_017943.1,NC_017943.1_40,lysis,COG3486 Lysine ornithine N-monooxygenase,p__Halobacteriota,p__Halobacteriota,c__Halobacteria,o__Halobacteriales,f__Haloferacaceae,g__Haloferax,s__Haloferax mediterranei,Halobacteriota,Haloferacaceae,Metabolic enzymes
NC_017943.1,NC_017943.1_124,integrase,Phage integrase family,p__Halobacteriota,p__Halobacteriota,c__Halobacteria,o__Halobacteriales,f__Haloferacaceae,g__Haloferax,s__Haloferax mediterranei,Halobacteriota,Haloferacaceae,Integrase
NC_017943.1,NC_017943.1_239,tail,Baseplate J-like protein,p__Halobacteriota,p__Halobacteriota,c__Halobacteria,o__Halobacteriales,f__Haloferacaceae,g__Haloferax,s__Haloferax mediterranei,Halobacteriota,Haloferacaceae,Tail & baseplate
NC_017944.1,NC_017944.1_85,lysis,Choline-glycine betaine transporter,p__Halobacteriota,p__Halobacteriota,c__Halobacteria,o__Halobacteriales,f__Haloferacaceae,g__Haloferax,s__Haloferax mediterranei,Halobacteriota,Haloferacaceae,Osmolyte transport
NC_017944.1,NC_017944.1_111,lysis,Peptidase M10A and M12B matrixin and adamalysin,p__Halobacteriota,p__Halobacteriota,c__Halobacteria,o__Halobacteriales,f__Haloferacaceae,g__Haloferax,s__Haloferax mediterranei,Halobacteriota,Haloferacaceae,Lysis & membrane
NC_017944.1,NC_017944.1_119,integrase,Phage integrase family,p__Halobacteriota,p__Halobacteriota,c__Halobacteria,o__Halobacteriales,f__Haloferacaceae,g__Haloferax,s__Haloferax mediterranei,Halobacteriota,Haloferacaceae,Integrase
NC_017944.1,NC_017944.1_163,integrase,COG0582 Integrase,p__Halobacteriota,p__Halobacteriota,c__Halobacteria,o__Halobacteriales,f__Haloferacaceae,g__Haloferax,s__Haloferax mediterranei,Halobacteriota,Haloferacaceae,Integrase
NC_017944.1,NC_017944.1_458,lysis,Cadherin repeats.,p__Halobacteriota,p__Halobacteriota,c__Halobacteria,o__Halobacteriales,f__Haloferacaceae,g__Haloferax,s__Haloferax mediterranei,Halobacteriota,Haloferacaceae,Lysis & membrane
NC_017944.1,NC_017944.1_463,lysis,Peptidase M10A and M12B matrixin and adamalysin,p__Halobacteriota,p__Halobacteriota,c__Halobacteria,o__Halobacteriales,f__Haloferacaceae,g__Haloferax,s__Haloferax mediterranei,Halobacteriota,Haloferacaceae,Lysis & membrane
NC_018225.1,NC_018225.1_62,integrase,COG0582 Integrase,p__Halobacteriota,p__Halobacteriota,c__Halobacteria,o__Halobacteriales,f__Natrialbaceae,g__Natrinema,s__Natrinema gari,Halobacteriota,Natrialbaceae,Integrase
NC_019285.1,NC_019285.1_13,integrase,Integrase,p__Halobacteriota,p__Halobacteriota,c__Halobacteria,o__Halobacteriales,f__Haloferacaceae,g__Haloferax,s__Haloferax volcanii,Halobacteriota,Haloferacaceae,Integrase
NC_019963.1,NC_019963.1_54,virion,"Phage plasmid primase, P4",p__Halobacteriota,p__Halobacteriota,c__Halobacteria,o__Halobacteriales,f__Natrialbaceae,g__Natrinema,s__Natrinema pellirubrum,Halobacteriota,Natrialbaceae,Phage replication
NC_019963.1,NC_019963.1_85,integrase,COG0582 Integrase,p__Halobacteriota,p__Halobacteriota,c__Halobacteria,o__Halobacteriales,f__Natrialbaceae,g__Natrinema,s__Natrinema pellirubrum,Halobacteriota,Natrialbaceae,Integrase
NC_019963.1,NC_019963.1_103,integrase,Integrase,p__Halobacteriota,p__Halobacteriota,c__Halobacteria,o__Halobacteriales,f__Natrialbaceae,g__Natrinema,s__Natrinema pellirubrum,Halobacteriota,Natrialbaceae,Integrase
NC_019963.1,NC_019963.1_199,virion,"Phage plasmid primase, P4",p__Halobacteriota,p__Halobacteriota,c__Halobacteria,o__Halobacteriales,f__Natrialbaceae,g__Natrinema,s__Natrinema pellirubrum,Halobacteriota,Natrialbaceae,Phage replication
NC_019963.1,NC_019963.1_210,integrase,COG0582 Integrase,p__Halobacteriota,p__Halobacteriota,c__Halobacteria,o__Halobacteriales,f__Natrialbaceae,g__Natrinema,s__Natrinema pellirubrum,Halobacteriota,Natrialbaceae,Integrase
NC_019967.1,NC_019967.1_31,virion,"Phage plasmid primase, P4",p__Halobacteriota,p__Halobacteriota,c__Halobacteria,o__Halobacteriales,f__Natrialbaceae,g__Natrinema,s__Natrinema pellirubrum,Halobacteriota,Natrialbaceae,Phage replication
NC_019967.1,NC_019967.1_68,integrase,COG0582 Integrase,p__Halobacteriota,p__Halobacteriota,c__Halobacteria,o__Halobacteriales,f__Natrialbaceae,g__Natrinema,s__Natrinema pellirubrum,Halobacteriota,Natrialbaceae,Integrase
NC_019967.1,NC_019967.1_87,integrase,COG0582 Integrase,p__Halobacteriota,p__Halobacteriota,c__Halobacteria,o__Halobacteriales,f__Natrialbaceae,g__Natrinema,s__Natrinema pellirubrum,Halobacteriota,Natrialbaceae,Integrase
NC_019967.1,NC_019967.1_212,virion,"Phage plasmid primase, P4",p__Halobacteriota,p__Halobacteriota,c__Halobacteria,o__Halobacteriales,f__Natrialbaceae,g__Natrinema,s__Natrinema pellirubrum,Halobacteriota,Natrialbaceae,Phage replication
NC_019967.1,NC_019967.1_232,integrase,COG0582 Integrase,p__Halobacteriota,p__Halobacteriota,c__Halobacteria,o__Halobacteriales,f__Natrialbaceae,g__Natrinema,s__Natrinema pellirubrum,Halobacteriota,Natrialbaceae,Integrase
NC_019967.1,NC_019967.1_234,integrase,COG0582 Integrase,p__Halobacteriota,p__Halobacteriota,c__Halobacteria,o__Halobacteriales,f__Natrialbaceae,g__Natrinema,s__Natrinema pellirubrum,Halobacteriota,Natrialbaceae,Integrase
NC_019972.1,NC_019972.1_98,packaging,Putative ATPase subunit of terminase (gpP-like),p__Halobacteriota,p__Halobacteriota,c__Methanosarcinia,o__Methanosarcinales,f__Methanosarcinaceae,g__Methanomethylovorans,s__Methanomethylovorans hollandica,Halobacteriota,Methanosarcinaceae,DNA packaging
NC_019972.1,NC_019972.1_108,packaging,Putative ATPase subunit of terminase (gpP-like),p__Halobacteriota,p__Halobacteriota,c__Methanosarcinia,o__Methanosarcinales,f__Methanosarcinaceae,g__Methanomethylovorans,s__Methanomethylovorans hollandica,Halobacteriota,Methanosarcinaceae,DNA packaging
NC_019972.1,NC_019972.1_113,packaging,Putative ATPase subunit of terminase (gpP-like),p__Halobacteriota,p__Halobacteriota,c__Methanosarcinia,o__Methanosarcinales,f__Methanosarcinaceae,g__Methanomethylovorans,s__Methanomethylovorans hollandica,Halobacteriota,Methanosarcinaceae,DNA packaging
NC_019976.1,NC_019976.1_35,integrase,integrase family,p__Halobacteriota,p__Halobacteriota,c__Halobacteria,o__Halobacteriales,f__Natrialbaceae,g__Natronococcus,s__Natronococcus occultus,Halobacteriota,Natrialbaceae,Integrase
NC_019976.1,NC_019976.1_41,integrase,"COG1961 Site-specific recombinases, DNA invertase Pin homologs",p__Halobacteriota,p__Halobacteriota,c__Halobacteria,o__Halobacteriales,f__Natrialbaceae,g__Natronococcus,s__Natronococcus occultus,Halobacteriota,Natrialbaceae,Integrase
NC_019976.1,NC_019976.1_108,lysis,COG1253 Hemolysins and related proteins containing CBS domains,p__Halobacteriota,p__Halobacteriota,c__Halobacteria,o__Halobacteriales,f__Natrialbaceae,g__Natronococcus,s__Natronococcus occultus,Halobacteriota,Natrialbaceae,Lysis & membrane
NC_019976.1,NC_019976.1_273,integrase,COG0582 Integrase,p__Halobacteriota,p__Halobacteriota,c__Halobacteria,o__Halobacteriales,f__Natrialbaceae,g__Natronococcus,s__Natronococcus occultus,Halobacteriota,Natrialbaceae,Integrase
NC_021913.1,NC_021913.1_85,integrase,COG0582 Integrase,p__Halobacteriota,p__Halobacteriota,c__Halobacteria,o__Halobacteriales,f__Haloarculaceae,g__Halorhabdus,s__Halorhabdus tiamatea,Halobacteriota,Haloarculaceae,Integrase
NC_021913.1,NC_021913.1_276,virion,"Phage plasmid primase, P4",p__Halobacteriota,p__Halobacteriota,c__Halobacteria,o__Halobacteriales,f__Haloarculaceae,g__Halorhabdus,s__Halorhabdus tiamatea,Halobacteriota,Haloarculaceae,Phage replication
NC_021914.1,NC_021914.1_31,integrase,Phage integrase family,p__Thermoproteota,p__Thermoproteota,c__Thermoprotei_A,o__Sulfolobales,f__Sulfolobaceae,g__Saccharolobus,s__Saccharolobus solfataricus,Thermoproteota,Sulfolobaceae,Integrase
NC_023011.1,NC_023011.1_3,integrase,COG0582 Integrase,p__Halobacteriota,p__Halobacteriota,c__Halobacteria,o__Halobacteriales,f__Haloarculaceae,g__Haloarcula,s__Haloarcula hispanica,Halobacteriota,Haloarculaceae,Integrase
NC_023011.1,NC_023011.1_91,integrase,COG0582 Integrase,p__Halobacteriota,p__Halobacteriota,c__Halobacteria,o__Halobacteriales,f__Haloarculaceae,g__Haloarcula,s__Haloarcula hispanica,Halobacteriota,Haloarculaceae,Integrase
NZ_AP017559.1,NZ_AP017559.1_22,virion,COG3654 Prophage maintenance system killer protein,p__Halobacteriota,p__Halobacteriota,c__Halobacteria,o__Halobacteriales,f__Haloferacaceae,g__Halopenitus,s__Halopenitus persicus_A,Halobacteriota,Haloferacaceae,Prophage maintenance
NZ_AP017559.1,NZ_AP017559.1_59,integrase,COG0582 Integrase,p__Halobacteriota,p__Halobacteriota,c__Halobacteria,o__Halobacteriales,f__Haloferacaceae,g__Halopenitus,s__Halopenitus persicus_A,Halobacteriota,Haloferacaceae,Integrase
NZ_AP017570.1,NZ_AP017570.1_108,integrase,COG0582 Integrase,p__Halobacteriota,p__Halobacteriota,c__Halobacteria,o__Halobacteriales,f__Haloferacaceae,g__Halorubrum,s__Halorubrum trapanicum_A,Halobacteriota,Haloferacaceae,Integrase
NZ_AP017571.1,NZ_AP017571.1_15,integrase,COG0582 Integrase,p__Halobacteriota,p__Halobacteriota,c__Halobacteria,o__Halobacteriales,f__Haloferacaceae,g__Halorubrum,s__Halorubrum trapanicum_A,Halobacteriota,Haloferacaceae,Integrase
NZ_CP007056.1,NZ_CP007056.1_12,lysis,COG1292 Choline-glycine betaine transporter,p__Halobacteriota,p__Halobacteriota,c__Halobacteria,o__Halobacteriales,f__Natrialbaceae,g__Halostagnicola,s__Halostagnicola larsenii,Halobacteriota,Natrialbaceae,Osmolyte transport
NZ_CP007056.1,NZ_CP007056.1_160,lysis,COG1253 Hemolysins and related proteins containing CBS domains,p__Halobacteriota,p__Halobacteriota,c__Halobacteria,o__Halobacteriales,f__Natrialbaceae,g__Halostagnicola,s__Halostagnicola larsenii,Halobacteriota,Natrialbaceae,Lysis & membrane
NZ_CP007056.1,NZ_CP007056.1_261,integrase,COG0582 Integrase,p__Halobacteriota,p__Halobacteriota,c__Halobacteria,o__Halobacteriales,f__Natrialbaceae,g__Halostagnicola,s__Halostagnicola larsenii,Halobacteriota,Natrialbaceae,Integrase
NZ_CP007056.1,NZ_CP007056.1_263,lysis,COG3486 Lysine ornithine N-monooxygenase,p__Halobacteriota,p__Halobacteriota,c__Halobacteria,o__Halobacteriales,f__Natrialbaceae,g__Halostagnicola,s__Halostagnicola larsenii,Halobacteriota,Natrialbaceae,Metabolic enzymes
NZ_CP007056.1,NZ_CP007056.1_276,lysis,COG1253 Hemolysins and related proteins containing CBS domains,p__Halobacteriota,p__Halobacteriota,c__Halobacteria,o__Halobacteriales,f__Natrialbaceae,g__Halostagnicola,s__Halostagnicola larsenii,Halobacteriota,Natrialbaceae,Lysis & membrane
NZ_CP007056.1,NZ_CP007056.1_304,lysis,COG1253 Hemolysins and related proteins containing CBS domains,p__Halobacteriota,p__Halobacteriota,c__Halobacteria,o__Halobacteriales,f__Natrialbaceae,g__Halostagnicola,s__Halostagnicola larsenii,Halobacteriota,Natrialbaceae,Lysis & membrane
NZ_CP007056.1,NZ_CP007056.1_306,virion,"Phage plasmid primase, P4",p__Halobacteriota,p__Halobacteriota,c__Halobacteria,o__Halobacteriales,f__Natrialbaceae,g__Halostagnicola,s__Halostagnicola larsenii,Halobacteriota,Natrialbaceae,Phage replication
NZ_CP007057.1,NZ_CP007057.1_115,integrase,COG0582 Integrase,p__Halobacteriota,p__Halobacteriota,c__Halobacteria,o__Halobacteriales,f__Natrialbaceae,g__Halostagnicola,s__Halostagnicola larsenii,Halobacteriota,Natrialbaceae,Integrase
NZ_CP007057.1,NZ_CP007057.1_168,virion,"Phage plasmid primase, P4",p__Halobacteriota,p__Halobacteriota,c__Halobacteria,o__Halobacteriales,f__Natrialbaceae,g__Halostagnicola,s__Halostagnicola larsenii,Halobacteriota,Natrialbaceae,Phage replication
NZ_CP007057.1,NZ_CP007057.1_313,integrase,"COG1961 Site-specific recombinases, DNA invertase Pin homologs",p__Halobacteriota,p__Halobacteriota,c__Halobacteria,o__Halobacteriales,f__Natrialbaceae,g__Halostagnicola,s__Halostagnicola larsenii,Halobacteriota,Natrialbaceae,Integrase
NZ_CP007057.1,NZ_CP007057.1_418,lysis,"Catalyzes the oxidation of 5,10- methylenetetrahydrofolate to 5,10-methenyltetrahydrofolate and then the hydrolysis of 5,10-methenyltetrahydrofolate to 10- formyltetrahydrofolate",p__Halobacteriota,p__Halobacteriota,c__Halobacteria,o__Halobacteriales,f__Natrialbaceae,g__Halostagnicola,s__Halostagnicola larsenii,Halobacteriota,Natrialbaceae,Metabolic enzymes
NZ_CP007058.1,NZ_CP007058.1_66,integrase,COG0582 Integrase,p__Halobacteriota,p__Halobacteriota,c__Halobacteria,o__Halobacteriales,f__Natrialbaceae,g__Halostagnicola,s__Halostagnicola larsenii,Halobacteriota,Natrialbaceae,Integrase
NZ_CP007059.1,NZ_CP007059.1_54,lysis,COG1292 Choline-glycine betaine transporter,p__Halobacteriota,p__Halobacteriota,c__Halobacteria,o__Halobacteriales,f__Natrialbaceae,g__Halostagnicola,s__Halostagnicola larsenii,Halobacteriota,Natrialbaceae,Osmolyte transport
NZ_CP007059.1,NZ_CP007059.1_68,virion,COG3654 Prophage maintenance system killer protein,p__Halobacteriota,p__Halobacteriota,c__Halobacteria,o__Halobacteriales,f__Natrialbaceae,g__Halostagnicola,s__Halostagnicola larsenii,Halobacteriota,Natrialbaceae,Prophage maintenance
NZ_CP007552.1,NZ_CP007552.1_10,virion,COG3654 Prophage maintenance system killer protein,p__Halobacteriota,p__Halobacteriota,c__Halobacteria,o__Halobacteriales,f__Haloferacaceae,g__Haloferax,s__Haloferax mediterranei,Halobacteriota,Haloferacaceae,Prophage maintenance
NZ_CP007552.1,NZ_CP007552.1_132,integrase,COG0582 Integrase,p__Halobacteriota,p__Halobacteriota,c__Halobacteria,o__Halobacteriales,f__Haloferacaceae,g__Haloferax,s__Haloferax mediterranei,Halobacteriota,Haloferacaceae,Integrase
NZ_CP007552.1,NZ_CP007552.1_136,virion,COG3654 Prophage maintenance system killer protein,p__Halobacteriota,p__Halobacteriota,c__Halobacteria,o__Halobacteriales,f__Haloferacaceae,g__Haloferax,s__Haloferax mediterranei,Halobacteriota,Haloferacaceae,Prophage maintenance
NZ_CP007552.1,NZ_CP007552.1_142,lysis,"amino acids such as valine, to avoid such errors it has two additional distinct tRNA(Ile)-dependent editing activities. One activity is designated as 'pretransfer' editing and involves the hydrolysis of activated Val-AMP. The other activity is designated 'posttransfer' editing and involves deacylation of mischarged Val-tRNA(Ile)",p__Halobacteriota,p__Halobacteriota,c__Halobacteria,o__Halobacteriales,f__Haloferacaceae,g__Haloferax,s__Haloferax mediterranei,Halobacteriota,Haloferacaceae,Metabolic enzymes
NZ_CP007554.1,NZ_CP007554.1_48,lysis,Peptidase M10A and M12B matrixin and adamalysin,p__Halobacteriota,p__Halobacteriota,c__Halobacteria,o__Halobacteriales,f__Haloferacaceae,g__Haloferax,s__Haloferax mediterranei,Halobacteriota,Haloferacaceae,Lysis & membrane
NZ_CP007554.1,NZ_CP007554.1_53,lysis,Cadherin repeats.,p__Halobacteriota,p__Halobacteriota,c__Halobacteria,o__Halobacteriales,f__Haloferacaceae,g__Haloferax,s__Haloferax mediterranei,Halobacteriota,Haloferacaceae,Lysis & membrane
NZ_CP007554.1,NZ_CP007554.1_356,integrase,COG0582 Integrase,p__Halobacteriota,p__Halobacteriota,c__Halobacteria,o__Halobacteriales,f__Haloferacaceae,g__Haloferax,s__Haloferax mediterranei,Halobacteriota,Haloferacaceae,Integrase
NZ_CP007554.1,NZ_CP007554.1_402,integrase,Phage integrase family,p__Halobacteriota,p__Halobacteriota,c__Halobacteria,o__Halobacteriales,f__Haloferacaceae,g__Haloferax,s__Haloferax mediterranei,Halobacteriota,Haloferacaceae,Integrase
NZ_CP007554.1,NZ_CP007554.1_411,lysis,Peptidase M10A and M12B matrixin and adamalysin,p__Halobacteriota,p__Halobacteriota,c__Halobacteria,o__Halobacteriales,f__Haloferacaceae,g__Haloferax,s__Haloferax mediterranei,Halobacteriota,Haloferacaceae,Lysis & membrane
NZ_CP007554.1,NZ_CP007554.1_438,lysis,Choline-glycine betaine transporter,p__Halobacteriota,p__Halobacteriota,c__Halobacteria,o__Halobacteriales,f__Haloferacaceae,g__Haloferax,s__Haloferax mediterranei,Halobacteriota,Haloferacaceae,Osmolyte transport
NZ_CP008875.1,NZ_CP008875.1_15,integrase,Integrase,p__Halobacteriota,p__Halobacteriota,c__Halobacteria,o__Halobacteriales,f__Halobacteriaceae,g__Halanaeroarchaeum,s__Halanaeroarchaeum sulfurireducens,Halobacteriota,Halobacteriaceae,Integrase
NZ_CP008875.1,NZ_CP008875.1_23,integrase,COG0582 Integrase,p__Halobacteriota,p__Halobacteriota,c__Halobacteria,o__Halobacteriales,f__Halobacteriaceae,g__Halanaeroarchaeum,s__Halanaeroarchaeum sulfurireducens,Halobacteriota,Halobacteriaceae,Integrase
NZ_CP008875.1,NZ_CP008875.1_62,virion,"Phage plasmid primase, P4",p__Halobacteriota,p__Halobacteriota,c__Halobacteria,o__Halobacteriales,f__Halobacteriaceae,g__Halanaeroarchaeum,s__Halanaeroarchaeum sulfurireducens,Halobacteriota,Halobacteriaceae,Phage replication
NZ_CP008875.1,NZ_CP008875.1_79,lysis,Catalyzes the hydrolysis of glutamine to glutamate and ammonia as part of the biosynthesis of pyridoxal 5'-phosphate. The resulting ammonia molecule is channeled to the active site of PdxS,p__Halobacteriota,p__Halobacteriota,c__Halobacteria,o__Halobacteriales,f__Halobacteriaceae,g__Halanaeroarchaeum,s__Halanaeroarchaeum sulfurireducens,Halobacteriota,Halobacteriaceae,Metabolic enzymes
NZ_CP008875.1,NZ_CP008875.1_90,integrase,Integrase,p__Halobacteriota,p__Halobacteriota,c__Halobacteria,o__Halobacteriales,f__Halobacteriaceae,g__Halanaeroarchaeum,s__Halanaeroarchaeum sulfurireducens,Halobacteriota,Halobacteriaceae,Integrase
NZ_CP009519.1,NZ_CP009519.1_21,integrase,DNA integration,p__Halobacteriota,p__Halobacteriota,c__Methanosarcinia,o__Methanosarcinales,f__Methanosarcinaceae,g__Methanosarcina,s__Methanosarcina vacuolata,Halobacteriota,Methanosarcinaceae,Integrase
NZ_CP009523.1,NZ_CP009523.1_5,integrase,DNA integration,p__Halobacteriota,p__Halobacteriota,c__Methanosarcinia,o__Methanosarcinales,f__Methanosarcinaceae,g__Methanosarcina,s__Methanosarcina vacuolata,Halobacteriota,Methanosarcinaceae,Integrase
NZ_CP009525.1,NZ_CP009525.1_1,integrase,DNA integration,p__Halobacteriota,p__Halobacteriota,c__Methanosarcinia,o__Methanosarcinales,f__Methanosarcinaceae,g__Methanosarcina,s__Methanosarcina barkeri_B,Halobacteriota,Methanosarcinaceae,Integrase
NZ_CP009527.1,NZ_CP009527.1_9,integrase,DNA integration,p__Halobacteriota,p__Halobacteriota,c__Methanosarcinia,o__Methanosarcinales,f__Methanosarcinaceae,g__Methanosarcina,s__Methanosarcina barkeri,Halobacteriota,Methanosarcinaceae,Integrase
NZ_CP009529.1,NZ_CP009529.1_21,integrase,DNA integration,p__Halobacteriota,p__Halobacteriota,c__Methanosarcinia,o__Methanosarcinales,f__Methanosarcinaceae,g__Methanosarcina,s__Methanosarcina barkeri,Halobacteriota,Methanosarcinaceae,Integrase
NZ_CP010530.1,NZ_CP010530.1_10,lysis,COG1292 Choline-glycine betaine transporter,p__Halobacteriota,p__Halobacteriota,c__Halobacteria,o__Halobacteriales,f__Haloarculaceae,g__Haloarcula,s__Haloarcula hispanica,Halobacteriota,Haloarculaceae,Osmolyte transport
NZ_CP010530.1,NZ_CP010530.1_128,lysis,"Facilitates the functional incorporation of the urease nickel metallocenter. This process requires GTP hydrolysis, probably effectuated by UreG",p__Halobacteriota,p__Halobacteriota,c__Halobacteria,o__Halobacteriales,f__Haloarculaceae,g__Haloarcula,s__Haloarcula hispanica,Halobacteriota,Haloarculaceae,Metabolic enzymes
NZ_CP010530.1,NZ_CP010530.1_189,integrase,COG0582 Integrase,p__Halobacteriota,p__Halobacteriota,c__Halobacteria,o__Halobacteriales,f__Haloarculaceae,g__Haloarcula,s__Haloarcula hispanica,Halobacteriota,Haloarculaceae,Integrase
NZ_CP010530.1,NZ_CP010530.1_340,lysis,COG1292 Choline-glycine betaine transporter,p__Halobacteriota,p__Halobacteriota,c__Halobacteria,o__Halobacteriales,f__Haloarculaceae,g__Haloarcula,s__Haloarcula hispanica,Halobacteriota,Haloarculaceae,Osmolyte transport
NZ_CP010530.1,NZ_CP010530.1_343,lysis,"Catalyzes the oxidation of 5,10- methylenetetrahydrofolate to 5,10-methenyltetrahydrofolate and then the hydrolysis of 5,10-methenyltetrahydrofolate to 10- formyltetrahydrofolate",p__Halobacteriota,p__Halobacteriota,c__Halobacteria,o__Halobacteriales,f__Haloarculaceae,g__Haloarcula,s__Haloarcula hispanica,Halobacteriota,Haloarculaceae,Metabolic enzymes
NZ_CP010531.1,NZ_CP010531.1_26,integrase,COG0582 Integrase,p__Halobacteriota,p__Halobacteriota,c__Halobacteria,o__Halobacteriales,f__Haloarculaceae,g__Haloarcula,s__Haloarcula hispanica,Halobacteriota,Haloarculaceae,Integrase
NZ_CP010531.1,NZ_CP010531.1_64,virion,"Phage plasmid primase, P4",p__Halobacteriota,p__Halobacteriota,c__Halobacteria,o__Halobacteriales,f__Haloarculaceae,g__Haloarcula,s__Haloarcula hispanica,Halobacteriota,Haloarculaceae,Phage replication
NZ_CP010532.1,NZ_CP010532.1_39,integrase,COG0582 Integrase,p__Halobacteriota,p__Halobacteriota,c__Halobacteria,o__Halobacteriales,f__Haloarculaceae,g__Haloarcula,s__Haloarcula hispanica,Halobacteriota,Haloarculaceae,Integrase
NZ_CP010533.1,NZ_CP010533.1_9,integrase,COG0582 Integrase,p__Halobacteriota,p__Halobacteriota,c__Halobacteria,o__Halobacteriales,f__Haloarculaceae,g__Haloarcula,s__Haloarcula hispanica,Halobacteriota,Haloarculaceae,Integrase
NZ_CP010533.1,NZ_CP010533.1_17,integrase,COG0582 Integrase,p__Halobacteriota,p__Halobacteriota,c__Halobacteria,o__Halobacteriales,f__Haloarculaceae,g__Haloarcula,s__Haloarcula hispanica,Halobacteriota,Haloarculaceae,Integrase
NZ_CP010534.1,NZ_CP010534.1_21,packaging,chromosome segregation,p__Halobacteriota,p__Halobacteriota,c__Halobacteria,o__Halobacteriales,f__Haloarculaceae,g__Haloarcula,s__Haloarcula hispanica,Halobacteriota,Haloarculaceae,DNA packaging
NZ_CP010534.1,NZ_CP010534.1_22,packaging,Phage portal protein,p__Halobacteriota,p__Halobacteriota,c__Halobacteria,o__Halobacteriales,f__Haloarculaceae,g__Haloarcula,s__Haloarcula hispanica,Halobacteriota,Haloarculaceae,DNA packaging
NZ_CP010534.1,NZ_CP010534.1_24,virion,Putative phage serine protease XkdF,p__Halobacteriota,p__Halobacteriota,c__Halobacteria,o__Halobacteriales,f__Haloarculaceae,g__Haloarcula,s__Haloarcula hispanica,Halobacteriota,Haloarculaceae,Lysis & membrane
NZ_CP011565.1,NZ_CP011565.1_15,integrase,Integrase,p__Halobacteriota,p__Halobacteriota,c__Halobacteria,o__Halobacteriales,f__Halobacteriaceae,g__Halanaeroarchaeum,s__Halanaeroarchaeum sulfurireducens,Halobacteriota,Halobacteriaceae,Integrase
NZ_CP011565.1,NZ_CP011565.1_23,integrase,COG0582 Integrase,p__Halobacteriota,p__Halobacteriota,c__Halobacteria,o__Halobacteriales,f__Halobacteriaceae,g__Halanaeroarchaeum,s__Halanaeroarchaeum sulfurireducens,Halobacteriota,Halobacteriaceae,Integrase
NZ_CP011565.1,NZ_CP011565.1_62,virion,"Phage plasmid primase, P4",p__Halobacteriota,p__Halobacteriota,c__Halobacteria,o__Halobacteriales,f__Halobacteriaceae,g__Halanaeroarchaeum,s__Halanaeroarchaeum sulfurireducens,Halobacteriota,Halobacteriaceae,Phage replication
NZ_CP011565.1,NZ_CP011565.1_79,lysis,Catalyzes the hydrolysis of glutamine to glutamate and ammonia as part of the biosynthesis of pyridoxal 5'-phosphate. The resulting ammonia molecule is channeled to the active site of PdxS,p__Halobacteriota,p__Halobacteriota,c__Halobacteria,o__Halobacteriales,f__Halobacteriaceae,g__Halanaeroarchaeum,s__Halanaeroarchaeum sulfurireducens,Halobacteriota,Halobacteriaceae,Metabolic enzymes
NZ_CP011565.1,NZ_CP011565.1_90,integrase,Integrase,p__Halobacteriota,p__Halobacteriota,c__Halobacteria,o__Halobacteriales,f__Halobacteriaceae,g__Halanaeroarchaeum,s__Halanaeroarchaeum sulfurireducens,Halobacteriota,Halobacteriaceae,Integrase
NZ_CP011948.1,NZ_CP011948.1_12,tail,T4-like virus tail tube protein gp19,p__Halobacteriota,p__Halobacteriota,c__Halobacteria,o__Halobacteriales,f__Haloferacaceae,g__Haloferax,s__Haloferax gibbonsii,Halobacteriota,Haloferacaceae,Tail & baseplate
NZ_CP011948.1,NZ_CP011948.1_13,tail,T4-like virus tail tube protein gp19,p__Halobacteriota,p__Halobacteriota,c__Halobacteria,o__Halobacteriales,f__Haloferacaceae,g__Haloferax,s__Haloferax gibbonsii,Halobacteriota,Haloferacaceae,Tail & baseplate
NZ_CP011948.1,NZ_CP011948.1_81,virion,COG3654 Prophage maintenance system killer protein,p__Halobacteriota,p__Halobacteriota,c__Halobacteria,o__Halobacteriales,f__Haloferacaceae,g__Haloferax,s__Haloferax gibbonsii,Halobacteriota,Haloferacaceae,Prophage maintenance
NZ_CP011948.1,NZ_CP011948.1_100,lysis,COG1292 Choline-glycine betaine transporter,p__Halobacteriota,p__Halobacteriota,c__Halobacteria,o__Halobacteriales,f__Haloferacaceae,g__Haloferax,s__Haloferax gibbonsii,Halobacteriota,Haloferacaceae,Osmolyte transport
NZ_CP011948.1,NZ_CP011948.1_131,lysis,COG3486 Lysine ornithine N-monooxygenase,p__Halobacteriota,p__Halobacteriota,c__Halobacteria,o__Halobacteriales,f__Haloferacaceae,g__Haloferax,s__Haloferax gibbonsii,Halobacteriota,Haloferacaceae,Metabolic enzymes
NZ_CP011948.1,NZ_CP011948.1_391,lysis,COG1292 Choline-glycine betaine transporter,p__Halobacteriota,p__Halobacteriota,c__Halobacteria,o__Halobacteriales,f__Haloferacaceae,g__Haloferax,s__Haloferax gibbonsii,Halobacteriota,Haloferacaceae,Osmolyte transport
NZ_CP011949.1,NZ_CP011949.1_182,lysis,Catalyzes the hydrolysis of the adenine ring of phosphoribosyl-AMP,p__Halobacteriota,p__Halobacteriota,c__Halobacteria,o__Halobacteriales,f__Haloferacaceae,g__Haloferax,s__Haloferax gibbonsii,Halobacteriota,Haloferacaceae,Metabolic enzymes
NZ_CP011949.1,NZ_CP011949.1_260,integrase,Phage integrase family,p__Halobacteriota,p__Halobacteriota,c__Halobacteria,o__Halobacteriales,f__Haloferacaceae,g__Haloferax,s__Haloferax gibbonsii,Halobacteriota,Haloferacaceae,Integrase
NZ_CP011949.1,NZ_CP011949.1_275,integrase,COG0582 Integrase,p__Halobacteriota,p__Halobacteriota,c__Halobacteria,o__Halobacteriales,f__Haloferacaceae,g__Haloferax,s__Haloferax gibbonsii,Halobacteriota,Haloferacaceae,Integrase
NZ_CP011950.1,NZ_CP011950.1_49,integrase,COG0582 Integrase,p__Halobacteriota,p__Halobacteriota,c__Halobacteria,o__Halobacteriales,f__Haloferacaceae,g__Haloferax,s__Haloferax gibbonsii,Halobacteriota,Haloferacaceae,Integrase
NZ_CP019068.1,NZ_CP019068.1_9,integrase,COG0582 Integrase,p__Halobacteriota,p__Halobacteriota,c__Halobacteria,o__Halobacteriales,f__Haloarculaceae,g__Halorientalis,s__Halorientalis sp001989615,Halobacteriota,Haloarculaceae,Integrase
NZ_CP019068.1,NZ_CP019068.1_256,integrase,COG0582 Integrase,p__Halobacteriota,p__Halobacteriota,c__Halobacteria,o__Halobacteriales,f__Haloarculaceae,g__Halorientalis,s__Halorientalis sp001989615,Halobacteriota,Haloarculaceae,Integrase
NZ_CP019069.1,NZ_CP019069.1_85,integrase,"Site-specific tyrosine recombinase, which acts by catalyzing the cutting and rejoining of the recombining DNA molecules",p__Halobacteriota,p__Halobacteriota,c__Halobacteria,o__Halobacteriales,f__Haloarculaceae,g__Halorientalis,s__Halorientalis sp001989615,Halobacteriota,Haloarculaceae,Integrase
NZ_CP019156.1,NZ_CP019156.1_5,integrase,COG0582 Integrase,p__Halobacteriota,p__Halobacteriota,c__Halobacteria,o__Halobacteriales,f__Haloarculaceae,g__Haloarcula,s__Haloarcula taiwanensis,Halobacteriota,Haloarculaceae,Integrase
NZ_CP019157.1,NZ_CP019157.1_73,integrase,COG0582 Integrase,p__Halobacteriota,p__Halobacteriota,c__Halobacteria,o__Halobacteriales,f__Haloarculaceae,g__Haloarcula,s__Haloarcula taiwanensis,Halobacteriota,Haloarculaceae,Integrase
NZ_CP019286.1,NZ_CP019286.1_23,integrase,COG0582 Integrase,p__Halobacteriota,p__Halobacteriota,c__Halobacteria,o__Halobacteriales,f__Natrialbaceae,g__Halobiforma,s__Halobiforma lacisalsi,Halobacteriota,Natrialbaceae,Integrase
NZ_CP019286.1,NZ_CP019286.1_192,integrase,COG0582 Integrase,p__Halobacteriota,p__Halobacteriota,c__Halobacteria,o__Halobacteriales,f__Natrialbaceae,g__Halobiforma,s__Halobiforma lacisalsi,Halobacteriota,Natrialbaceae,Integrase
NZ_CP019328.1,NZ_CP019328.1_66,lysis,Peptidase M10A and M12B matrixin and adamalysin,p__Halobacteriota,p__Halobacteriota,c__Halobacteria,o__Halobacteriales,f__Natrialbaceae,g__Natronorubrum,s__Natronorubrum daqingense,Halobacteriota,Natrialbaceae,Lysis & membrane
NZ_CP019328.1,NZ_CP019328.1_172,integrase,COG0582 Integrase,p__Halobacteriota,p__Halobacteriota,c__Halobacteria,o__Halobacteriales,f__Natrialbaceae,g__Natronorubrum,s__Natronorubrum daqingense,Halobacteriota,Natrialbaceae,Integrase
NZ_CP019328.1,NZ_CP019328.1_181,integrase,COG0582 Integrase,p__Halobacteriota,p__Halobacteriota,c__Halobacteria,o__Halobacteriales,f__Natrialbaceae,g__Natronorubrum,s__Natronorubrum daqingense,Halobacteriota,Natrialbaceae,Integrase
NZ_CP019329.1,NZ_CP019329.1_45,integrase,COG0582 Integrase,p__Halobacteriota,p__Halobacteriota,c__Halobacteria,o__Halobacteriales,f__Natrialbaceae,g__Natronorubrum,s__Natronorubrum daqingense,Halobacteriota,Natrialbaceae,Integrase
NZ_CP019330.1,NZ_CP019330.1_25,integrase,COG0582 Integrase,p__Halobacteriota,p__Halobacteriota,c__Halobacteria,o__Halobacteriales,f__Natrialbaceae,g__Natronorubrum,s__Natronorubrum daqingense,Halobacteriota,Natrialbaceae,Integrase
NZ_CP019330.1,NZ_CP019330.1_51,integrase,Phage integrase family,p__Halobacteriota,p__Halobacteriota,c__Halobacteria,o__Halobacteriales,f__Natrialbaceae,g__Natronorubrum,s__Natronorubrum daqingense,Halobacteriota,Natrialbaceae,Integrase
NZ_CP024045.1,NZ_CP024045.1_7,integrase,COG0582 Integrase,p__Halobacteriota,p__Halobacteriota,c__Halobacteria,o__Halobacteriales,f__Natrialbaceae,g__Natrarchaeobaculum,s__Natrarchaeobaculum sulfurireducens,Halobacteriota,Natrialbaceae,Integrase
NZ_CP024045.1,NZ_CP024045.1_30,virion,"Phage plasmid primase, P4",p__Halobacteriota,p__Halobacteriota,c__Halobacteria,o__Halobacteriales,f__Natrialbaceae,g__Natrarchaeobaculum,s__Natrarchaeobaculum sulfurireducens,Halobacteriota,Natrialbaceae,Phage replication
NZ_CP024046.1,NZ_CP024046.1_8,integrase,COG0582 Integrase,p__Halobacteriota,p__Halobacteriota,c__Halobacteria,o__Halobacteriales,f__Natrialbaceae,g__Natrarchaeobaculum,s__Natrarchaeobaculum sulfurireducens,Halobacteriota,Natrialbaceae,Integrase
NZ_CP024046.1,NZ_CP024046.1_120,lysis,"Facilitates the functional incorporation of the urease nickel metallocenter. This process requires GTP hydrolysis, probably effectuated by UreG",p__Halobacteriota,p__Halobacteriota,c__Halobacteria,o__Halobacteriales,f__Natrialbaceae,g__Natrarchaeobaculum,s__Natrarchaeobaculum sulfurireducens,Halobacteriota,Natrialbaceae,Metabolic enzymes
NZ_CP026310.1,NZ_CP026310.1_79,virion,"Phage plasmid primase, P4",p__Halobacteriota,p__Halobacteriota,c__Halobacteria,o__Halobacteriales,f__Haloferacaceae,g__Salinigranum,s__Salinigranum rubrum,Halobacteriota,Haloferacaceae,Phage replication
NZ_CP026310.1,NZ_CP026310.1_200,integrase,COG0582 Integrase,p__Halobacteriota,p__Halobacteriota,c__Halobacteria,o__Halobacteriales,f__Haloferacaceae,g__Salinigranum,s__Salinigranum rubrum,Halobacteriota,Haloferacaceae,Integrase
NZ_CP026311.1,NZ_CP026311.1_36,integrase,COG0582 Integrase,p__Halobacteriota,p__Halobacteriota,c__Halobacteria,o__Halobacteriales,f__Haloferacaceae,g__Salinigranum,s__Salinigranum rubrum,Halobacteriota,Haloferacaceae,Integrase
NZ_CP026311.1,NZ_CP026311.1_95,integrase,COG0582 Integrase,p__Halobacteriota,p__Halobacteriota,c__Halobacteria,o__Halobacteriales,f__Haloferacaceae,g__Salinigranum,s__Salinigranum rubrum,Halobacteriota,Haloferacaceae,Integrase
NZ_CP026311.1,NZ_CP026311.1_201,virion,"Phage plasmid primase, P4",p__Halobacteriota,p__Halobacteriota,c__Halobacteria,o__Halobacteriales,f__Haloferacaceae,g__Salinigranum,s__Salinigranum rubrum,Halobacteriota,Haloferacaceae,Phage replication
NZ_CP026312.1,NZ_CP026312.1_11,virion,"Phage plasmid primase, P4",p__Halobacteriota,p__Halobacteriota,c__Halobacteria,o__Halobacteriales,f__Haloferacaceae,g__Salinigranum,s__Salinigranum rubrum,Halobacteriota,Haloferacaceae,Phage replication
NZ_CP026312.1,NZ_CP026312.1_80,integrase,COG0582 Integrase,p__Halobacteriota,p__Halobacteriota,c__Halobacteria,o__Halobacteriales,f__Haloferacaceae,g__Salinigranum,s__Salinigranum rubrum,Halobacteriota,Haloferacaceae,Integrase
NZ_CP026313.1,NZ_CP026313.1_6,integrase,COG0582 Integrase,p__Halobacteriota,p__Halobacteriota,c__Halobacteria,o__Halobacteriales,f__Haloferacaceae,g__Salinigranum,s__Salinigranum rubrum,Halobacteriota,Haloferacaceae,Integrase
NZ_CP026313.1,NZ_CP026313.1_7,integrase,COG0582 Integrase,p__Halobacteriota,p__Halobacteriota,c__Halobacteria,o__Halobacteriales,f__Haloferacaceae,g__Salinigranum,s__Salinigranum rubrum,Halobacteriota,Haloferacaceae,Integrase
NZ_CP026314.1,NZ_CP026314.1_11,integrase,COG0582 Integrase,p__Halobacteriota,p__Halobacteriota,c__Halobacteria,o__Halobacteriales,f__Haloferacaceae,g__Salinigranum,s__Salinigranum rubrum,Halobacteriota,Haloferacaceae,Integrase
NZ_CP027032.1,NZ_CP027032.1_71,integrase,COG0582 Integrase,p__Halobacteriota,p__Halobacteriota,c__Halobacteria,o__Halobacteriales,f__Natrialbaceae,g__Natrarchaeobaculum,s__Natrarchaeobaculum sulfurireducens,Halobacteriota,Natrialbaceae,Integrase
NZ_CP027032.1,NZ_CP027032.1_194,lysis,"Facilitates the functional incorporation of the urease nickel metallocenter. This process requires GTP hydrolysis, probably effectuated by UreG",p__Halobacteriota,p__Halobacteriota,c__Halobacteria,o__Halobacteriales,f__Natrialbaceae,g__Natrarchaeobaculum,s__Natrarchaeobaculum sulfurireducens,Halobacteriota,Natrialbaceae,Metabolic enzymes
NZ_CP030065.1,NZ_CP030065.1_281,integrase,COG0582 Integrase,p__Halobacteriota,p__Halobacteriota,c__Halobacteria,o__Halobacteriales,f__Haloferacaceae,g__Halorubrum,s__Halorubrum sp003990725,Halobacteriota,Haloferacaceae,Integrase
NZ_CP031147.1,NZ_CP031147.1_44,integrase,COG0582 Integrase,p__Halobacteriota,p__Halobacteriota,c__Halobacteria,o__Halobacteriales,f__Haloferacaceae,g__Haloplanus,s__Haloplanus rubicundus,Halobacteriota,Haloferacaceae,Integrase
NZ_CP031147.1,NZ_CP031147.1_173,virion,"Phage plasmid primase, P4",p__Halobacteriota,p__Halobacteriota,c__Halobacteria,o__Halobacteriales,f__Haloferacaceae,g__Haloplanus,s__Haloplanus rubicundus,Halobacteriota,Haloferacaceae,Phage replication
NZ_CP031149.1,NZ_CP031149.1_96,integrase,COG0582 Integrase,p__Halobacteriota,p__Halobacteriota,c__Halobacteria,o__Halobacteriales,f__Haloferacaceae,g__Haloplanus,s__Haloplanus rubicundus,Halobacteriota,Haloferacaceae,Integrase
NZ_CP031151.1,NZ_CP031151.1_2,integrase,COG0582 Integrase,p__Halobacteriota,p__Halobacteriota,c__Halobacteria,o__Halobacteriales,f__Haloferacaceae,g__Haloplanus,s__Haloplanus rubicundus,Halobacteriota,Haloferacaceae,Integrase
NZ_CP031151.1,NZ_CP031151.1_47,virion,"Phage plasmid primase, P4",p__Halobacteriota,p__Halobacteriota,c__Halobacteria,o__Halobacteriales,f__Haloferacaceae,g__Haloplanus,s__Haloplanus rubicundus,Halobacteriota,Haloferacaceae,Phage replication
NZ_CP031152.1,NZ_CP031152.1_22,virion,COG3654 Prophage maintenance system killer protein,p__Halobacteriota,p__Halobacteriota,c__Halobacteria,o__Halobacteriales,f__Haloferacaceae,g__Haloplanus,s__Haloplanus rubicundus,Halobacteriota,Haloferacaceae,Prophage maintenance
NZ_CP031152.1,NZ_CP031152.1_49,lysis,COG1253 Hemolysins and related proteins containing CBS domains,p__Halobacteriota,p__Halobacteriota,c__Halobacteria,o__Halobacteriales,f__Haloferacaceae,g__Haloplanus,s__Haloplanus rubicundus,Halobacteriota,Haloferacaceae,Lysis & membrane
NZ_CP031152.1,NZ_CP031152.1_60,integrase,COG0582 Integrase,p__Halobacteriota,p__Halobacteriota,c__Halobacteria,o__Halobacteriales,f__Haloferacaceae,g__Haloplanus,s__Haloplanus rubicundus,Halobacteriota,Haloferacaceae,Integrase
NZ_CP031152.1,NZ_CP031152.1_101,virion,"Phage plasmid primase, P4",p__Halobacteriota,p__Halobacteriota,c__Halobacteria,o__Halobacteriales,f__Haloferacaceae,g__Haloplanus,s__Haloplanus rubicundus,Halobacteriota,Haloferacaceae,Phage replication
NZ_CP031306.1,NZ_CP031306.1_223,lysis,COG1292 Choline-glycine betaine transporter,p__Halobacteriota,p__Halobacteriota,c__Halobacteria,o__Halobacteriales,f__Natrialbaceae,g__Natronorubrum,s__Natronorubrum bangense,Halobacteriota,Natrialbaceae,Osmolyte transport
NZ_CP031306.1,NZ_CP031306.1_224,lysis,COG1292 Choline-glycine betaine transporter,p__Halobacteriota,p__Halobacteriota,c__Halobacteria,o__Halobacteriales,f__Natrialbaceae,g__Natronorubrum,s__Natronorubrum bangense,Halobacteriota,Natrialbaceae,Osmolyte transport
NZ_CP031306.1,NZ_CP031306.1_225,lysis,COG1292 Choline-glycine betaine transporter,p__Halobacteriota,p__Halobacteriota,c__Halobacteria,o__Halobacteriales,f__Natrialbaceae,g__Natronorubrum,s__Natronorubrum bangense,Halobacteriota,Natrialbaceae,Osmolyte transport
NZ_CP031306.1,NZ_CP031306.1_294,lysis,Catalyzes the hydrolysis of methenyl-H(4)MPT( ) to 5- formyl-H(4)MPT,p__Halobacteriota,p__Halobacteriota,c__Halobacteria,o__Halobacteriales,f__Natrialbaceae,g__Natronorubrum,s__Natronorubrum bangense,Halobacteriota,Natrialbaceae,Metabolic enzymes
NZ_CP031306.1,NZ_CP031306.1_355,lysis,COG1292 Choline-glycine betaine transporter,p__Halobacteriota,p__Halobacteriota,c__Halobacteria,o__Halobacteriales,f__Natrialbaceae,g__Natronorubrum,s__Natronorubrum bangense,Halobacteriota,Natrialbaceae,Osmolyte transport
NZ_CP031306.1,NZ_CP031306.1_365,lysis,Catalyzes the release of L-lysine from LysW -gamma-L- lysine and the release of L-ornithine from LysW -L-ornithine,p__Halobacteriota,p__Halobacteriota,c__Halobacteria,o__Halobacteriales,f__Natrialbaceae,g__Natronorubrum,s__Natronorubrum bangense,Halobacteriota,Natrialbaceae,Metabolic enzymes
NZ_CP031306.1,NZ_CP031306.1_509,lysis,COG1732 Periplasmic glycine betaine choline-binding (lipo)protein of an ABC-type transport system (osmoprotectant binding protein),p__Halobacteriota,p__Halobacteriota,c__Halobacteria,o__Halobacteriales,f__Natrialbaceae,g__Natronorubrum,s__Natronorubrum bangense,Halobacteriota,Natrialbaceae,Osmolyte transport
NZ_CP031306.1,NZ_CP031306.1_601,integrase,COG0582 Integrase,p__Halobacteriota,p__Halobacteriota,c__Halobacteria,o__Halobacteriales,f__Natrialbaceae,g__Natronorubrum,s__Natronorubrum bangense,Halobacteriota,Natrialbaceae,Integrase
NZ_CP031306.1,NZ_CP031306.1_606,virion,"Phage plasmid primase, P4",p__Halobacteriota,p__Halobacteriota,c__Halobacteria,o__Halobacteriales,f__Natrialbaceae,g__Natronorubrum,s__Natronorubrum bangense,Halobacteriota,Natrialbaceae,Phage replication
NZ_CP031306.1,NZ_CP031306.1_706,lysis,"Facilitates the functional incorporation of the urease nickel metallocenter. This process requires GTP hydrolysis, probably effectuated by UreG",p__Halobacteriota,p__Halobacteriota,c__Halobacteria,o__Halobacteriales,f__Natrialbaceae,g__Natronorubrum,s__Natronorubrum bangense,Halobacteriota,Natrialbaceae,Metabolic enzymes
NZ_CP031306.1,NZ_CP031306.1_773,integrase,COG0582 Integrase,p__Halobacteriota,p__Halobacteriota,c__Halobacteria,o__Halobacteriales,f__Natrialbaceae,g__Natronorubrum,s__Natronorubrum bangense,Halobacteriota,Natrialbaceae,Integrase
NZ_CP031307.1,NZ_CP031307.1_165,integrase,COG0582 Integrase,p__Halobacteriota,p__Halobacteriota,c__Halobacteria,o__Halobacteriales,f__Natrialbaceae,g__Natronorubrum,s__Natronorubrum bangense,Halobacteriota,Natrialbaceae,Integrase
NZ_CP031308.1,NZ_CP031308.1_72,integrase,COG0582 Integrase,p__Halobacteriota,p__Halobacteriota,c__Halobacteria,o__Halobacteriales,f__Natrialbaceae,g__Natronorubrum,s__Natronorubrum bangense,Halobacteriota,Natrialbaceae,Integrase
NZ_CP031308.1,NZ_CP031308.1_116,lysis,Catalyzes the hydrolysis of the adenine ring of phosphoribosyl-AMP,p__Halobacteriota,p__Halobacteriota,c__Halobacteria,o__Halobacteriales,f__Natrialbaceae,g__Natronorubrum,s__Natronorubrum bangense,Halobacteriota,Natrialbaceae,Metabolic enzymes
NZ_CP031309.1,NZ_CP031309.1_20,integrase,COG0582 Integrase,p__Halobacteriota,p__Halobacteriota,c__Halobacteria,o__Halobacteriales,f__Natrialbaceae,g__Natronorubrum,s__Natronorubrum bangense,Halobacteriota,Natrialbaceae,Integrase
NZ_CP031309.1,NZ_CP031309.1_64,integrase,COG0582 Integrase,p__Halobacteriota,p__Halobacteriota,c__Halobacteria,o__Halobacteriales,f__Natrialbaceae,g__Natronorubrum,s__Natronorubrum bangense,Halobacteriota,Natrialbaceae,Integrase
NZ_CP031312.1,NZ_CP031312.1_15,lysis,COG1253 Hemolysins and related proteins containing CBS domains,p__Halobacteriota,p__Halobacteriota,c__Halobacteria,o__Halobacteriales,f__Haloferacaceae,g__Halobellus,s__Halobellus limi,Halobacteriota,Haloferacaceae,Lysis & membrane
NZ_CP031312.1,NZ_CP031312.1_87,lysis,COG1292 Choline-glycine betaine transporter,p__Halobacteriota,p__Halobacteriota,c__Halobacteria,o__Halobacteriales,f__Haloferacaceae,g__Halobellus,s__Halobellus limi,Halobacteriota,Haloferacaceae,Osmolyte transport
NZ_CP031312.1,NZ_CP031312.1_149,lysis,COG1292 Choline-glycine betaine transporter,p__Halobacteriota,p__Halobacteriota,c__Halobacteria,o__Halobacteriales,f__Haloferacaceae,g__Halobellus,s__Halobellus limi,Halobacteriota,Haloferacaceae,Osmolyte transport
NZ_CP031312.1,NZ_CP031312.1_163,lysis,COG1292 Choline-glycine betaine transporter,p__Halobacteriota,p__Halobacteriota,c__Halobacteria,o__Halobacteriales,f__Haloferacaceae,g__Halobellus,s__Halobellus limi,Halobacteriota,Haloferacaceae,Osmolyte transport
NZ_CP031312.1,NZ_CP031312.1_239,integrase,"Site-specific tyrosine recombinase, which acts by catalyzing the cutting and rejoining of the recombining DNA molecules",p__Halobacteriota,p__Halobacteriota,c__Halobacteria,o__Halobacteriales,f__Haloferacaceae,g__Halobellus,s__Halobellus limi,Halobacteriota,Haloferacaceae,Integrase
NZ_CP031313.1,NZ_CP031313.1_160,integrase,COG0582 Integrase,p__Halobacteriota,p__Halobacteriota,c__Halobacteria,o__Halobacteriales,f__Haloferacaceae,g__Halobellus,s__Halobellus limi,Halobacteriota,Haloferacaceae,Integrase
NZ_CP031313.1,NZ_CP031313.1_167,integrase,COG0582 Integrase,p__Halobacteriota,p__Halobacteriota,c__Halobacteria,o__Halobacteriales,f__Haloferacaceae,g__Halobellus,s__Halobellus limi,Halobacteriota,Haloferacaceae,Integrase
NZ_CP031313.1,NZ_CP031313.1_204,integrase,Phage integrase family,p__Halobacteriota,p__Halobacteriota,c__Halobacteria,o__Halobacteriales,f__Haloferacaceae,g__Halobellus,s__Halobellus limi,Halobacteriota,Haloferacaceae,Integrase
NZ_CP031314.1,NZ_CP031314.1_85,integrase,COG0582 Integrase,p__Halobacteriota,p__Halobacteriota,c__Halobacteria,o__Halobacteriales,f__Haloferacaceae,g__Halobellus,s__Halobellus limi,Halobacteriota,Haloferacaceae,Integrase
NZ_CP034146.1,NZ_CP034146.1_42,integrase,integrase family,p__Halobacteriota,p__Halobacteriota,c__Halobacteria,o__Halobacteriales,f__Haloferacaceae,g__Haloplanus,s__Haloplanus aerogenes,Halobacteriota,Haloferacaceae,Integrase
NZ_CP034344.1,NZ_CP034344.1_6,integrase,COG0582 Integrase,p__Halobacteriota,p__Halobacteriota,c__Halobacteria,o__Halobacteriales,f__Haloferacaceae,g__Haloplanus,s__Haloplanus salinarum,Halobacteriota,Haloferacaceae,Integrase
NZ_CP034344.1,NZ_CP034344.1_103,integrase,COG0582 Integrase,p__Halobacteriota,p__Halobacteriota,c__Halobacteria,o__Halobacteriales,f__Haloferacaceae,g__Haloplanus,s__Haloplanus salinarum,Halobacteriota,Haloferacaceae,Integrase
NZ_CP034344.1,NZ_CP034344.1_238,lysis,COG1253 Hemolysins and related proteins containing CBS domains,p__Halobacteriota,p__Halobacteriota,c__Halobacteria,o__Halobacteriales,f__Haloferacaceae,g__Haloplanus,s__Haloplanus salinarum,Halobacteriota,Haloferacaceae,Lysis & membrane
NZ_CP034690.1,NZ_CP034690.1_10,integrase,integrase family,p__Halobacteriota,p__Halobacteriota,c__Halobacteria,o__Halobacteriales,f__Haloferacaceae,g__Halorubrum,s__Halorubrum sp004114375,Halobacteriota,Haloferacaceae,Integrase
NZ_CP034691.1,NZ_CP034691.1_39,integrase,"COG1961 Site-specific recombinases, DNA invertase Pin homologs",p__Halobacteriota,p__Halobacteriota,c__Halobacteria,o__Halobacteriales,f__Haloferacaceae,g__Halorubrum,s__Halorubrum sp004114375,Halobacteriota,Haloferacaceae,Integrase
NZ_CP034691.1,NZ_CP034691.1_43,integrase,integrase family,p__Halobacteriota,p__Halobacteriota,c__Halobacteria,o__Halobacteriales,f__Haloferacaceae,g__Halorubrum,s__Halorubrum sp004114375,Halobacteriota,Haloferacaceae,Integrase
NZ_CP034691.1,NZ_CP034691.1_47,integrase,integrase family,p__Halobacteriota,p__Halobacteriota,c__Halobacteria,o__Halobacteriales,f__Haloferacaceae,g__Halorubrum,s__Halorubrum sp004114375,Halobacteriota,Haloferacaceae,Integrase
NZ_CP034691.1,NZ_CP034691.1_51,lysis,Peptidase M10A and M12B matrixin and adamalysin,p__Halobacteriota,p__Halobacteriota,c__Halobacteria,o__Halobacteriales,f__Haloferacaceae,g__Halorubrum,s__Halorubrum sp004114375,Halobacteriota,Haloferacaceae,Lysis & membrane
NZ_CP034691.1,NZ_CP034691.1_95,integrase,COG0582 Integrase,p__Halobacteriota,p__Halobacteriota,c__Halobacteria,o__Halobacteriales,f__Haloferacaceae,g__Halorubrum,s__Halorubrum sp004114375,Halobacteriota,Haloferacaceae,Integrase
NZ_CP034691.1,NZ_CP034691.1_96,integrase,COG0582 Integrase,p__Halobacteriota,p__Halobacteriota,c__Halobacteria,o__Halobacteriales,f__Haloferacaceae,g__Halorubrum,s__Halorubrum sp004114375,Halobacteriota,Haloferacaceae,Integrase
NZ_CP034691.1,NZ_CP034691.1_105,integrase,COG0582 Integrase,p__Halobacteriota,p__Halobacteriota,c__Halobacteria,o__Halobacteriales,f__Haloferacaceae,g__Halorubrum,s__Halorubrum sp004114375,Halobacteriota,Haloferacaceae,Integrase
NZ_CP034693.1,NZ_CP034693.1_49,integrase,COG0582 Integrase,p__Halobacteriota,p__Halobacteriota,c__Halobacteria,o__Halobacteriales,f__Haloferacaceae,g__Halorubrum,s__Halorubrum sp004114375,Halobacteriota,Haloferacaceae,Integrase
NZ_CP034693.1,NZ_CP034693.1_152,integrase,COG0582 Integrase,p__Halobacteriota,p__Halobacteriota,c__Halobacteria,o__Halobacteriales,f__Haloferacaceae,g__Halorubrum,s__Halorubrum sp004114375,Halobacteriota,Haloferacaceae,Integrase
NZ_CP034693.1,NZ_CP034693.1_158,integrase,Integrase,p__Halobacteriota,p__Halobacteriota,c__Halobacteria,o__Halobacteriales,f__Haloferacaceae,g__Halorubrum,s__Halorubrum sp004114375,Halobacteriota,Haloferacaceae,Integrase
NZ_CP034941.1,NZ_CP034941.1_23,integrase,COG0582 Integrase,p__Halobacteriota,p__Halobacteriota,c__Halobacteria,o__Halobacteriales,f__Haloferacaceae,g__Halorubrum,s__Halorubrum ezzemoulense,Halobacteriota,Haloferacaceae,Integrase
NZ_CP034941.1,NZ_CP034941.1_28,integrase,Phage integrase family,p__Halobacteriota,p__Halobacteriota,c__Halobacteria,o__Halobacteriales,f__Haloferacaceae,g__Halorubrum,s__Halorubrum ezzemoulense,Halobacteriota,Haloferacaceae,Integrase
NZ_CP034941.1,NZ_CP034941.1_252,integrase,integrase family,p__Halobacteriota,p__Halobacteriota,c__Halobacteria,o__Halobacteriales,f__Haloferacaceae,g__Halorubrum,s__Halorubrum ezzemoulense,Halobacteriota,Haloferacaceae,Integrase
NZ_CP034941.1,NZ_CP034941.1_272,integrase,integrase family,p__Halobacteriota,p__Halobacteriota,c__Halobacteria,o__Halobacteriales,f__Haloferacaceae,g__Halorubrum,s__Halorubrum ezzemoulense,Halobacteriota,Haloferacaceae,Integrase
NZ_CP034941.1,NZ_CP034941.1_300,integrase,COG0582 Integrase,p__Halobacteriota,p__Halobacteriota,c__Halobacteria,o__Halobacteriales,f__Haloferacaceae,g__Halorubrum,s__Halorubrum ezzemoulense,Halobacteriota,Haloferacaceae,Integrase
NZ_CP034941.1,NZ_CP034941.1_512,integrase,"COG1961 Site-specific recombinases, DNA invertase Pin homologs",p__Halobacteriota,p__Halobacteriota,c__Halobacteria,o__Halobacteriales,f__Haloferacaceae,g__Halorubrum,s__Halorubrum ezzemoulense,Halobacteriota,Haloferacaceae,Integrase
NZ_CP034941.1,NZ_CP034941.1_552,virion,COG3654 Prophage maintenance system killer protein,p__Halobacteriota,p__Halobacteriota,c__Halobacteria,o__Halobacteriales,f__Haloferacaceae,g__Halorubrum,s__Halorubrum ezzemoulense,Halobacteriota,Haloferacaceae,Prophage maintenance
NZ_CP034942.1,NZ_CP034942.1_40,integrase,integrase family,p__Halobacteriota,p__Halobacteriota,c__Halobacteria,o__Halobacteriales,f__Haloferacaceae,g__Halorubrum,s__Halorubrum ezzemoulense,Halobacteriota,Haloferacaceae,Integrase
NZ_CP034942.1,NZ_CP034942.1_46,integrase,"COG1961 Site-specific recombinases, DNA invertase Pin homologs",p__Halobacteriota,p__Halobacteriota,c__Halobacteria,o__Halobacteriales,f__Haloferacaceae,g__Halorubrum,s__Halorubrum ezzemoulense,Halobacteriota,Haloferacaceae,Integrase
NZ_CP034942.1,NZ_CP034942.1_47,integrase,"COG1961 Site-specific recombinases, DNA invertase Pin homologs",p__Halobacteriota,p__Halobacteriota,c__Halobacteria,o__Halobacteriales,f__Haloferacaceae,g__Halorubrum,s__Halorubrum ezzemoulense,Halobacteriota,Haloferacaceae,Integrase
NZ_CP035120.1,NZ_CP035120.1_60,integrase,COG0582 Integrase,p__Halobacteriota,p__Halobacteriota,c__Halobacteria,o__Halobacteriales,f__Haladaptataceae,g__Halorussus,s__Halorussus pelagicus,Halobacteriota,Haladaptataceae,Integrase
NZ_CP035121.1,NZ_CP035121.1_12,integrase,COG0582 Integrase,p__Halobacteriota,p__Halobacteriota,c__Halobacteria,o__Halobacteriales,f__Haladaptataceae,g__Halorussus,s__Halorussus pelagicus,Halobacteriota,Haladaptataceae,Integrase
NZ_CP035121.1,NZ_CP035121.1_36,integrase,COG0582 Integrase,p__Halobacteriota,p__Halobacteriota,c__Halobacteria,o__Halobacteriales,f__Haladaptataceae,g__Halorussus,s__Halorussus pelagicus,Halobacteriota,Haladaptataceae,Integrase
NZ_CP035122.1,NZ_CP035122.1_23,integrase,Phage integrase family,p__Halobacteriota,p__Halobacteriota,c__Halobacteria,o__Halobacteriales,f__Haladaptataceae,g__Halorussus,s__Halorussus pelagicus,Halobacteriota,Haladaptataceae,Integrase
NZ_CP035122.1,NZ_CP035122.1_25,integrase,COG0582 Integrase,p__Halobacteriota,p__Halobacteriota,c__Halobacteria,o__Halobacteriales,f__Haladaptataceae,g__Halorussus,s__Halorussus pelagicus,Halobacteriota,Haladaptataceae,Integrase
NZ_CP035122.1,NZ_CP035122.1_28,integrase,COG0582 Integrase,p__Halobacteriota,p__Halobacteriota,c__Halobacteria,o__Halobacteriales,f__Haladaptataceae,g__Halorussus,s__Halorussus pelagicus,Halobacteriota,Haladaptataceae,Integrase
NZ_CP035122.1,NZ_CP035122.1_36,integrase,integrase family,p__Halobacteriota,p__Halobacteriota,c__Halobacteria,o__Halobacteriales,f__Haladaptataceae,g__Halorussus,s__Halorussus pelagicus,Halobacteriota,Haladaptataceae,Integrase
NZ_CP038632.1,NZ_CP038632.1_23,lysis,COG3486 Lysine ornithine N-monooxygenase,p__Halobacteriota,p__Halobacteriota,c__Halobacteria,o__Halobacteriales,f__Halobacteriaceae,g__Halobacterium,s__Halobacterium salinarum,Halobacteriota,Halobacteriaceae,Metabolic enzymes
NZ_CP038632.1,NZ_CP038632.1_88,lysis,COG1253 Hemolysins and related proteins containing CBS domains,p__Halobacteriota,p__Halobacteriota,c__Halobacteria,o__Halobacteriales,f__Halobacteriaceae,g__Halobacterium,s__Halobacterium salinarum,Halobacteriota,Halobacteriaceae,Lysis & membrane
NZ_CP038632.1,NZ_CP038632.1_104,integrase,COG0582 Integrase,p__Halobacteriota,p__Halobacteriota,c__Halobacteria,o__Halobacteriales,f__Halobacteriaceae,g__Halobacterium,s__Halobacterium salinarum,Halobacteriota,Halobacteriaceae,Integrase
NZ_CP038632.1,NZ_CP038632.1_154,integrase,COG0582 Integrase,p__Halobacteriota,p__Halobacteriota,c__Halobacteria,o__Halobacteriales,f__Halobacteriaceae,g__Halobacterium,s__Halobacterium salinarum,Halobacteriota,Halobacteriaceae,Integrase
NZ_CP038632.1,NZ_CP038632.1_157,lysis,NAD-dependent lysine deacetylase and desuccinylase that specifically removes acetyl and succinyl groups on target proteins. Modulates the activities of several proteins which are inactive in their acylated form,p__Halobacteriota,p__Halobacteriota,c__Halobacteria,o__Halobacteriales,f__Halobacteriaceae,g__Halobacterium,s__Halobacterium salinarum,Halobacteriota,Halobacteriaceae,Metabolic enzymes
NZ_CP038633.1,NZ_CP038633.1_27,integrase,integrase family,p__Halobacteriota,p__Halobacteriota,c__Halobacteria,o__Halobacteriales,f__Halobacteriaceae,g__Halobacterium,s__Halobacterium salinarum,Halobacteriota,Halobacteriaceae,Integrase
NZ_CP038633.1,NZ_CP038633.1_53,integrase,COG0582 Integrase,p__Halobacteriota,p__Halobacteriota,c__Halobacteria,o__Halobacteriales,f__Halobacteriaceae,g__Halobacterium,s__Halobacterium salinarum,Halobacteriota,Halobacteriaceae,Integrase
NZ_CP038633.1,NZ_CP038633.1_100,integrase,COG0582 Integrase,p__Halobacteriota,p__Halobacteriota,c__Halobacteria,o__Halobacteriales,f__Halobacteriaceae,g__Halobacterium,s__Halobacterium salinarum,Halobacteriota,Halobacteriaceae,Integrase
NZ_CP038633.1,NZ_CP038633.1_103,lysis,NAD-dependent lysine deacetylase and desuccinylase that specifically removes acetyl and succinyl groups on target proteins. Modulates the activities of several proteins which are inactive in their acylated form,p__Halobacteriota,p__Halobacteriota,c__Halobacteria,o__Halobacteriales,f__Halobacteriaceae,g__Halobacterium,s__Halobacterium salinarum,Halobacteriota,Halobacteriaceae,Metabolic enzymes
NZ_CP039132.1,NZ_CP039132.1_10,integrase,COG0582 Integrase,p__Halobacteriota,p__Halobacteriota,c__Halobacteria,o__Halobacteriales,f__Haloarculaceae,g__Haloarcula,s__Haloarcula marismortui,Halobacteriota,Haloarculaceae,Integrase
NZ_CP039133.1,NZ_CP039133.1_42,integrase,COG0582 Integrase,p__Halobacteriota,p__Halobacteriota,c__Halobacteria,o__Halobacteriales,f__Haloarculaceae,g__Haloarcula,s__Haloarcula marismortui,Halobacteriota,Haloarculaceae,Integrase
NZ_CP039134.1,NZ_CP039134.1_17,integrase,COG0582 Integrase,p__Halobacteriota,p__Halobacteriota,c__Halobacteria,o__Halobacteriales,f__Haloarculaceae,g__Haloarcula,s__Haloarcula marismortui,Halobacteriota,Haloarculaceae,Integrase
NZ_CP039135.1,NZ_CP039135.1_15,integrase,COG0582 Integrase,p__Halobacteriota,p__Halobacteriota,c__Halobacteria,o__Halobacteriales,f__Haloarculaceae,g__Haloarcula,s__Haloarcula marismortui,Halobacteriota,Haloarculaceae,Integrase
NZ_CP039136.1,NZ_CP039136.1_64,lysis,COG1253 Hemolysins and related proteins containing CBS domains,p__Halobacteriota,p__Halobacteriota,c__Halobacteria,o__Halobacteriales,f__Haloarculaceae,g__Haloarcula,s__Haloarcula marismortui,Halobacteriota,Haloarculaceae,Lysis & membrane
NZ_CP039136.1,NZ_CP039136.1_143,integrase,COG0582 Integrase,p__Halobacteriota,p__Halobacteriota,c__Halobacteria,o__Halobacteriales,f__Haloarculaceae,g__Haloarcula,s__Haloarcula marismortui,Halobacteriota,Haloarculaceae,Integrase
NZ_CP039136.1,NZ_CP039136.1_218,virion,COG3654 Prophage maintenance system killer protein,p__Halobacteriota,p__Halobacteriota,c__Halobacteria,o__Halobacteriales,f__Haloarculaceae,g__Haloarcula,s__Haloarcula marismortui,Halobacteriota,Haloarculaceae,Prophage maintenance
NZ_CP039136.1,NZ_CP039136.1_258,lysis,COG1253 Hemolysins and related proteins containing CBS domains,p__Halobacteriota,p__Halobacteriota,c__Halobacteria,o__Halobacteriales,f__Haloarculaceae,g__Haloarcula,s__Haloarcula marismortui,Halobacteriota,Haloarculaceae,Lysis & membrane
NZ_CP039137.1,NZ_CP039137.1_52,lysis,COG1292 Choline-glycine betaine transporter,p__Halobacteriota,p__Halobacteriota,c__Halobacteria,o__Halobacteriales,f__Haloarculaceae,g__Haloarcula,s__Haloarcula marismortui,Halobacteriota,Haloarculaceae,Osmolyte transport
NZ_CP039137.1,NZ_CP039137.1_55,lysis,"Catalyzes the oxidation of 5,10- methylenetetrahydrofolate to 5,10-methenyltetrahydrofolate and then the hydrolysis of 5,10-methenyltetrahydrofolate to 10- formyltetrahydrofolate",p__Halobacteriota,p__Halobacteriota,c__Halobacteria,o__Halobacteriales,f__Haloarculaceae,g__Haloarcula,s__Haloarcula marismortui,Halobacteriota,Haloarculaceae,Metabolic enzymes
NZ_CP039137.1,NZ_CP039137.1_96,lysis,COG1292 Choline-glycine betaine transporter,p__Halobacteriota,p__Halobacteriota,c__Halobacteria,o__Halobacteriales,f__Haloarculaceae,g__Haloarcula,s__Haloarcula marismortui,Halobacteriota,Haloarculaceae,Osmolyte transport
NZ_CP039137.1,NZ_CP039137.1_233,lysis,"Facilitates the functional incorporation of the urease nickel metallocenter. This process requires GTP hydrolysis, probably effectuated by UreG",p__Halobacteriota,p__Halobacteriota,c__Halobacteria,o__Halobacteriales,f__Haloarculaceae,g__Haloarcula,s__Haloarcula marismortui,Halobacteriota,Haloarculaceae,Metabolic enzymes
NZ_CP039137.1,NZ_CP039137.1_279,integrase,COG0582 Integrase,p__Halobacteriota,p__Halobacteriota,c__Halobacteria,o__Halobacteriales,f__Haloarculaceae,g__Haloarcula,s__Haloarcula marismortui,Halobacteriota,Haloarculaceae,Integrase
NZ_CP039142.1,NZ_CP039142.1_1,lysis,"amino acids such as valine, to avoid such errors it has two additional distinct tRNA(Ile)-dependent editing activities. One activity is designated as 'pretransfer' editing and involves the hydrolysis of activated Val-AMP. The other activity is designated 'posttransfer' editing and involves deacylation of mischarged Val-tRNA(Ile)",p__Halobacteriota,p__Halobacteriota,c__Halobacteria,o__Halobacteriales,f__Haloferacaceae,g__Haloferax,s__Haloferax mediterranei,Halobacteriota,Haloferacaceae,Metabolic enzymes
NZ_CP039142.1,NZ_CP039142.1_7,virion,COG3654 Prophage maintenance system killer protein,p__Halobacteriota,p__Halobacteriota,c__Halobacteria,o__Halobacteriales,f__Haloferacaceae,g__Haloferax,s__Haloferax mediterranei,Halobacteriota,Haloferacaceae,Prophage maintenance
NZ_CP039142.1,NZ_CP039142.1_11,integrase,COG0582 Integrase,p__Halobacteriota,p__Halobacteriota,c__Halobacteria,o__Halobacteriales,f__Haloferacaceae,g__Haloferax,s__Haloferax mediterranei,Halobacteriota,Haloferacaceae,Integrase
NZ_CP039142.1,NZ_CP039142.1_132,virion,COG3654 Prophage maintenance system killer protein,p__Halobacteriota,p__Halobacteriota,c__Halobacteria,o__Halobacteriales,f__Haloferacaceae,g__Haloferax,s__Haloferax mediterranei,Halobacteriota,Haloferacaceae,Prophage maintenance
NZ_CP039142.1,NZ_CP039142.1_145,lysis,"amino acids such as valine, to avoid such errors it has two additional distinct tRNA(Ile)-dependent editing activities. One activity is designated as 'pretransfer' editing and involves the hydrolysis of activated Val-AMP. The other activity is designated 'posttransfer' editing and involves deacylation of mischarged Val-tRNA(Ile)",p__Halobacteriota,p__Halobacteriota,c__Halobacteria,o__Halobacteriales,f__Haloferacaceae,g__Haloferax,s__Haloferax mediterranei,Halobacteriota,Haloferacaceae,Metabolic enzymes
NZ_CP039376.1,NZ_CP039376.1_99,virion,COG3654 Prophage maintenance system killer protein,p__Halobacteriota,p__Halobacteriota,c__Halobacteria,o__Halobacteriales,f__Haloarculaceae,g__Halomicrobium,s__Halomicrobium mukohataei,Halobacteriota,Haloarculaceae,Prophage maintenance
NZ_CP039376.1,NZ_CP039376.1_101,lysis,lysine biosynthesis protein LysW,p__Halobacteriota,p__Halobacteriota,c__Halobacteria,o__Halobacteriales,f__Haloarculaceae,g__Halomicrobium,s__Halomicrobium mukohataei,Halobacteriota,Haloarculaceae,Metabolic enzymes
NZ_CP039376.1,NZ_CP039376.1_119,integrase,COG0582 Integrase,p__Halobacteriota,p__Halobacteriota,c__Halobacteria,o__Halobacteriales,f__Haloarculaceae,g__Halomicrobium,s__Halomicrobium mukohataei,Halobacteriota,Haloarculaceae,Integrase
NZ_CP039376.1,NZ_CP039376.1_134,lysis,COG3486 Lysine ornithine N-monooxygenase,p__Halobacteriota,p__Halobacteriota,c__Halobacteria,o__Halobacteriales,f__Haloarculaceae,g__Halomicrobium,s__Halomicrobium mukohataei,Halobacteriota,Haloarculaceae,Metabolic enzymes
NZ_CP040331.1,NZ_CP040331.1_60,integrase,DNA integration,p__Halobacteriota,p__Halobacteriota,c__Halobacteria,o__Halobacteriales,f__Natrialbaceae,g__Natrinema,s__Natrinema versiforme_A,Halobacteriota,Natrialbaceae,Integrase
NZ_CP040331.1,NZ_CP040331.1_229,integrase,COG0582 Integrase,p__Halobacteriota,p__Halobacteriota,c__Halobacteria,o__Halobacteriales,f__Natrialbaceae,g__Natrinema,s__Natrinema versiforme_A,Halobacteriota,Natrialbaceae,Integrase
NZ_CP040331.1,NZ_CP040331.1_309,integrase,COG0582 Integrase,p__Halobacteriota,p__Halobacteriota,c__Halobacteria,o__Halobacteriales,f__Natrialbaceae,g__Natrinema,s__Natrinema versiforme_A,Halobacteriota,Natrialbaceae,Integrase
NZ_CP040331.1,NZ_CP040331.1_370,virion,"Phage plasmid primase, P4",p__Halobacteriota,p__Halobacteriota,c__Halobacteria,o__Halobacteriales,f__Natrialbaceae,g__Natrinema,s__Natrinema versiforme_A,Halobacteriota,Natrialbaceae,Phage replication
NZ_CP040331.1,NZ_CP040331.1_420,integrase,COG0582 Integrase,p__Halobacteriota,p__Halobacteriota,c__Halobacteria,o__Halobacteriales,f__Natrialbaceae,g__Natrinema,s__Natrinema versiforme_A,Halobacteriota,Natrialbaceae,Integrase
NZ_CP040331.1,NZ_CP040331.1_423,integrase,COG0582 Integrase,p__Halobacteriota,p__Halobacteriota,c__Halobacteria,o__Halobacteriales,f__Natrialbaceae,g__Natrinema,s__Natrinema versiforme_A,Halobacteriota,Natrialbaceae,Integrase
NZ_CP040331.1,NZ_CP040331.1_467,lysis,COG1292 Choline-glycine betaine transporter,p__Halobacteriota,p__Halobacteriota,c__Halobacteria,o__Halobacteriales,f__Natrialbaceae,g__Natrinema,s__Natrinema versiforme_A,Halobacteriota,Natrialbaceae,Osmolyte transport
NZ_CP040331.1,NZ_CP040331.1_496,virion,"Phage plasmid primase, P4",p__Halobacteriota,p__Halobacteriota,c__Halobacteria,o__Halobacteriales,f__Natrialbaceae,g__Natrinema,s__Natrinema versiforme_A,Halobacteriota,Natrialbaceae,Phage replication
NZ_CP040332.1,NZ_CP040332.1_63,integrase,COG0582 Integrase,p__Halobacteriota,p__Halobacteriota,c__Halobacteria,o__Halobacteriales,f__Natrialbaceae,g__Natrinema,s__Natrinema versiforme_A,Halobacteriota,Natrialbaceae,Integrase
NZ_CP040332.1,NZ_CP040332.1_65,integrase,COG0582 Integrase,p__Halobacteriota,p__Halobacteriota,c__Halobacteria,o__Halobacteriales,f__Natrialbaceae,g__Natrinema,s__Natrinema versiforme_A,Halobacteriota,Natrialbaceae,Integrase
NZ_CP040332.1,NZ_CP040332.1_70,lysis,"Facilitates the functional incorporation of the urease nickel metallocenter. This process requires GTP hydrolysis, probably effectuated by UreG",p__Halobacteriota,p__Halobacteriota,c__Halobacteria,o__Halobacteriales,f__Natrialbaceae,g__Natrinema,s__Natrinema versiforme_A,Halobacteriota,Natrialbaceae,Metabolic enzymes
NZ_CP040332.1,NZ_CP040332.1_168,integrase,COG0582 Integrase,p__Halobacteriota,p__Halobacteriota,c__Halobacteria,o__Halobacteriales,f__Natrialbaceae,g__Natrinema,s__Natrinema versiforme_A,Halobacteriota,Natrialbaceae,Integrase
NZ_CP040332.1,NZ_CP040332.1_293,virion,"Phage plasmid primase, P4",p__Halobacteriota,p__Halobacteriota,c__Halobacteria,o__Halobacteriales,f__Natrialbaceae,g__Natrinema,s__Natrinema versiforme_A,Halobacteriota,Natrialbaceae,Phage replication
NZ_CP040332.1,NZ_CP040332.1_294,lysis,COG1253 Hemolysins and related proteins containing CBS domains,p__Halobacteriota,p__Halobacteriota,c__Halobacteria,o__Halobacteriales,f__Natrialbaceae,g__Natrinema,s__Natrinema versiforme_A,Halobacteriota,Natrialbaceae,Lysis & membrane
NZ_CP040638.1,NZ_CP040638.1_26,virion,COG3654 Prophage maintenance system killer protein,p__Halobacteriota,p__Halobacteriota,c__Halobacteria,o__Halobacteriales,f__Natrialbaceae,g__Natrinema,s__Natrinema pallidum,Halobacteriota,Natrialbaceae,Prophage maintenance
NZ_CP040638.1,NZ_CP040638.1_70,lysis,COG1253 Hemolysins and related proteins containing CBS domains,p__Halobacteriota,p__Halobacteriota,c__Halobacteria,o__Halobacteriales,f__Natrialbaceae,g__Natrinema,s__Natrinema pallidum,Halobacteriota,Natrialbaceae,Lysis & membrane
NZ_CP040638.1,NZ_CP040638.1_157,integrase,COG0582 Integrase,p__Halobacteriota,p__Halobacteriota,c__Halobacteria,o__Halobacteriales,f__Natrialbaceae,g__Natrinema,s__Natrinema pallidum,Halobacteriota,Natrialbaceae,Integrase
NZ_CP040639.1,NZ_CP040639.1_37,integrase,COG0582 Integrase,p__Halobacteriota,p__Halobacteriota,c__Halobacteria,o__Halobacteriales,f__Natrialbaceae,g__Natrinema,s__Natrinema pallidum,Halobacteriota,Natrialbaceae,Integrase
NZ_CP042240.1,NZ_CP042240.1_100,lysis,COG2303 Choline dehydrogenase and related flavoproteins,p__Halobacteriota,p__Halobacteriota,c__Halobacteria,o__Halobacteriales,f__Halobacteriaceae,g__Salarchaeum,s__Salarchaeum sp007833275,Halobacteriota,Halobacteriaceae,Osmolyte transport
NZ_CP042240.1,NZ_CP042240.1_118,integrase,"Site-specific tyrosine recombinase, which acts by catalyzing the cutting and rejoining of the recombining DNA molecules",p__Halobacteriota,p__Halobacteriota,c__Halobacteria,o__Halobacteriales,f__Halobacteriaceae,g__Salarchaeum,s__Salarchaeum sp007833275,Halobacteriota,Halobacteriaceae,Integrase
NZ_CP044130.1,NZ_CP044130.1_20,integrase,COG0582 Integrase,p__Halobacteriota,p__Halobacteriota,c__Halobacteria,o__Halobacteriales,f__Haloarculaceae,g__Halomicrobium,s__Halomicrobium sp009617995,Halobacteriota,Haloarculaceae,Integrase
NZ_CP044130.1,NZ_CP044130.1_29,lysis,lysine biosynthesis protein LysW,p__Halobacteriota,p__Halobacteriota,c__Halobacteria,o__Halobacteriales,f__Haloarculaceae,g__Halomicrobium,s__Halomicrobium sp009617995,Halobacteriota,Haloarculaceae,Metabolic enzymes
NZ_CP044524.1,NZ_CP044524.1_342,integrase,COG0582 Integrase,p__Halobacteriota,p__Halobacteriota,c__Halobacteria,o__Halobacteriales,f__Haladaptataceae,g__Halorussus,s__Halorussus halophilus,Halobacteriota,Haladaptataceae,Integrase
NZ_CP044525.1,NZ_CP044525.1_64,lysis,COG1253 Hemolysins and related proteins containing CBS domains,p__Halobacteriota,p__Halobacteriota,c__Halobacteria,o__Halobacteriales,f__Haladaptataceae,g__Halorussus,s__Halorussus halophilus,Halobacteriota,Haladaptataceae,Lysis & membrane
NZ_CP044525.1,NZ_CP044525.1_123,lysis,Peptidase M10A and M12B matrixin and adamalysin,p__Halobacteriota,p__Halobacteriota,c__Halobacteria,o__Halobacteriales,f__Haladaptataceae,g__Halorussus,s__Halorussus halophilus,Halobacteriota,Haladaptataceae,Lysis & membrane
NZ_CP044525.1,NZ_CP044525.1_197,integrase,COG0582 Integrase,p__Halobacteriota,p__Halobacteriota,c__Halobacteria,o__Halobacteriales,f__Haladaptataceae,g__Halorussus,s__Halorussus halophilus,Halobacteriota,Haladaptataceae,Integrase
NZ_CP045489.1,NZ_CP045489.1_102,integrase,COG0582 Integrase,p__Halobacteriota,p__Halobacteriota,c__Halobacteria,o__Halobacteriales,f__Natrialbaceae,g__Natronorubrum,s__Natronorubrum aibiense,Halobacteriota,Natrialbaceae,Integrase
NZ_CP045489.1,NZ_CP045489.1_169,lysis,COG1253 Hemolysins and related proteins containing CBS domains,p__Halobacteriota,p__Halobacteriota,c__Halobacteria,o__Halobacteriales,f__Natrialbaceae,g__Natronorubrum,s__Natronorubrum aibiense,Halobacteriota,Natrialbaceae,Lysis & membrane
NZ_CP045489.1,NZ_CP045489.1_221,lysis,COG1253 Hemolysins and related proteins containing CBS domains,p__Halobacteriota,p__Halobacteriota,c__Halobacteria,o__Halobacteriales,f__Natrialbaceae,g__Natronorubrum,s__Natronorubrum aibiense,Halobacteriota,Natrialbaceae,Lysis & membrane
NZ_CP045489.1,NZ_CP045489.1_259,integrase,COG0582 Integrase,p__Halobacteriota,p__Halobacteriota,c__Halobacteria,o__Halobacteriales,f__Natrialbaceae,g__Natronorubrum,s__Natronorubrum aibiense,Halobacteriota,Natrialbaceae,Integrase
NZ_CP045489.1,NZ_CP045489.1_262,lysis,COG3486 Lysine ornithine N-monooxygenase,p__Halobacteriota,p__Halobacteriota,c__Halobacteria,o__Halobacteriales,f__Natrialbaceae,g__Natronorubrum,s__Natronorubrum aibiense,Halobacteriota,Natrialbaceae,Metabolic enzymes
NZ_CP045489.1,NZ_CP045489.1_344,virion,"Phage plasmid primase, P4",p__Halobacteriota,p__Halobacteriota,c__Halobacteria,o__Halobacteriales,f__Natrialbaceae,g__Natronorubrum,s__Natronorubrum aibiense,Halobacteriota,Natrialbaceae,Phage replication
NZ_CP045489.1,NZ_CP045489.1_369,integrase,COG0582 Integrase,p__Halobacteriota,p__Halobacteriota,c__Halobacteria,o__Halobacteriales,f__Natrialbaceae,g__Natronorubrum,s__Natronorubrum aibiense,Halobacteriota,Natrialbaceae,Integrase
NZ_CP045489.1,NZ_CP045489.1_424,lysis,Catalyzes the release of L-lysine from LysW -gamma-L- lysine and the release of L-ornithine from LysW -L-ornithine,p__Halobacteriota,p__Halobacteriota,c__Halobacteria,o__Halobacteriales,f__Natrialbaceae,g__Natronorubrum,s__Natronorubrum aibiense,Halobacteriota,Natrialbaceae,Metabolic enzymes
NZ_CP045489.1,NZ_CP045489.1_428,lysis,Catalyzes the release of L-lysine from LysW -gamma-L- lysine and the release of L-ornithine from LysW -L-ornithine,p__Halobacteriota,p__Halobacteriota,c__Halobacteria,o__Halobacteriales,f__Natrialbaceae,g__Natronorubrum,s__Natronorubrum aibiense,Halobacteriota,Natrialbaceae,Metabolic enzymes
NZ_CP045490.1,NZ_CP045490.1_161,lysis,COG1292 Choline-glycine betaine transporter,p__Halobacteriota,p__Halobacteriota,c__Halobacteria,o__Halobacteriales,f__Natrialbaceae,g__Natronorubrum,s__Natronorubrum aibiense,Halobacteriota,Natrialbaceae,Osmolyte transport
NZ_CP045490.1,NZ_CP045490.1_239,virion,"Phage plasmid primase, P4",p__Halobacteriota,p__Halobacteriota,c__Halobacteria,o__Halobacteriales,f__Natrialbaceae,g__Natronorubrum,s__Natronorubrum aibiense,Halobacteriota,Natrialbaceae,Phage replication
NZ_CP045490.1,NZ_CP045490.1_288,lysis,COG1253 Hemolysins and related proteins containing CBS domains,p__Halobacteriota,p__Halobacteriota,c__Halobacteria,o__Halobacteriales,f__Natrialbaceae,g__Natronorubrum,s__Natronorubrum aibiense,Halobacteriota,Natrialbaceae,Lysis & membrane
NZ_CP045490.1,NZ_CP045490.1_306,integrase,COG0582 Integrase,p__Halobacteriota,p__Halobacteriota,c__Halobacteria,o__Halobacteriales,f__Natrialbaceae,g__Natronorubrum,s__Natronorubrum aibiense,Halobacteriota,Natrialbaceae,Integrase
NZ_CP045491.1,NZ_CP045491.1_101,integrase,COG0582 Integrase,p__Halobacteriota,p__Halobacteriota,c__Halobacteria,o__Halobacteriales,f__Natrialbaceae,g__Natronorubrum,s__Natronorubrum aibiense,Halobacteriota,Natrialbaceae,Integrase
NZ_CP053942.1,NZ_CP053942.1_18,lysis,Catalyzes the release of L-lysine from LysW -gamma-L- lysine and the release of L-ornithine from LysW -L-ornithine,p__Halobacteriota,p__Halobacteriota,c__Halobacteria,o__Halobacteriales,f__Haloferacaceae,g__Halorubrum,s__Halorubrum salinarum,Halobacteriota,Haloferacaceae,Metabolic enzymes
NZ_CP053942.1,NZ_CP053942.1_155,integrase,COG0582 Integrase,p__Halobacteriota,p__Halobacteriota,c__Halobacteria,o__Halobacteriales,f__Haloferacaceae,g__Halorubrum,s__Halorubrum salinarum,Halobacteriota,Haloferacaceae,Integrase
NZ_CP053943.1,NZ_CP053943.1_134,integrase,COG0582 Integrase,p__Halobacteriota,p__Halobacteriota,c__Halobacteria,o__Halobacteriales,f__Haloferacaceae,g__Halorubrum,s__Halorubrum salinarum,Halobacteriota,Haloferacaceae,Integrase
NZ_CP053943.1,NZ_CP053943.1_144,integrase,Phage integrase family,p__Halobacteriota,p__Halobacteriota,c__Halobacteria,o__Halobacteriales,f__Haloferacaceae,g__Halorubrum,s__Halorubrum salinarum,Halobacteriota,Haloferacaceae,Integrase
NZ_CP054586.1,NZ_CP054586.1_104,integrase,COG0582 Integrase,p__Halobacteriota,p__Halobacteriota,c__Halobacteria,o__Halobacteriales,f__Haloferacaceae,g__Halorubrum,s__Halorubrum sp003721435,Halobacteriota,Haloferacaceae,Integrase
NZ_CP054586.1,NZ_CP054586.1_162,integrase,COG0582 Integrase,p__Halobacteriota,p__Halobacteriota,c__Halobacteria,o__Halobacteriales,f__Haloferacaceae,g__Halorubrum,s__Halorubrum sp003721435,Halobacteriota,Haloferacaceae,Integrase
NZ_CP054586.1,NZ_CP054586.1_255,integrase,COG0582 Integrase,p__Halobacteriota,p__Halobacteriota,c__Halobacteria,o__Halobacteriales,f__Haloferacaceae,g__Halorubrum,s__Halorubrum sp003721435,Halobacteriota,Haloferacaceae,Integrase
NZ_CP054586.1,NZ_CP054586.1_287,lysis,Catalyzes the reversible conversion of 2- phosphoglycerate into phosphoenolpyruvate. It is essential for the degradation of carbohydrates via glycolysis,p__Halobacteriota,p__Halobacteriota,c__Halobacteria,o__Halobacteriales,f__Haloferacaceae,g__Halorubrum,s__Halorubrum sp003721435,Halobacteriota,Haloferacaceae,Metabolic enzymes
NZ_CP054586.1,NZ_CP054586.1_320,lysis,COG1292 Choline-glycine betaine transporter,p__Halobacteriota,p__Halobacteriota,c__Halobacteria,o__Halobacteriales,f__Haloferacaceae,g__Halorubrum,s__Halorubrum sp003721435,Halobacteriota,Haloferacaceae,Osmolyte transport
NZ_CP054588.1,NZ_CP054588.1_11,integrase,COG0582 Integrase,p__Halobacteriota,p__Halobacteriota,c__Halobacteria,o__Halobacteriales,f__Haloferacaceae,g__Halolamina,s__Halolamina sp002025255,Halobacteriota,Haloferacaceae,Integrase
NZ_CP054588.1,NZ_CP054588.1_63,integrase,Integrase,p__Halobacteriota,p__Halobacteriota,c__Halobacteria,o__Halobacteriales,f__Haloferacaceae,g__Halolamina,s__Halolamina sp002025255,Halobacteriota,Haloferacaceae,Integrase
NZ_CP054588.1,NZ_CP054588.1_72,integrase,Phage integrase family,p__Halobacteriota,p__Halobacteriota,c__Halobacteria,o__Halobacteriales,f__Haloferacaceae,g__Halolamina,s__Halolamina sp002025255,Halobacteriota,Haloferacaceae,Integrase
NZ_CP054589.1,NZ_CP054589.1_37,virion,"Phage plasmid primase, P4",p__Halobacteriota,p__Halobacteriota,c__Halobacteria,o__Halobacteriales,f__Haloferacaceae,g__Halolamina,s__Halolamina sp002025255,Halobacteriota,Haloferacaceae,Phage replication
NZ_CP054589.1,NZ_CP054589.1_142,integrase,COG0582 Integrase,p__Halobacteriota,p__Halobacteriota,c__Halobacteria,o__Halobacteriales,f__Haloferacaceae,g__Halolamina,s__Halolamina sp002025255,Halobacteriota,Haloferacaceae,Integrase
NZ_CP054589.1,NZ_CP054589.1_254,virion,COG3654 Prophage maintenance system killer protein,p__Halobacteriota,p__Halobacteriota,c__Halobacteria,o__Halobacteriales,f__Haloferacaceae,g__Halolamina,s__Halolamina sp002025255,Halobacteriota,Haloferacaceae,Prophage maintenance
NZ_CP054589.1,NZ_CP054589.1_274,integrase,COG0582 Integrase,p__Halobacteriota,p__Halobacteriota,c__Halobacteria,o__Halobacteriales,f__Haloferacaceae,g__Halolamina,s__Halolamina sp002025255,Halobacteriota,Haloferacaceae,Integrase
NZ_CP054589.1,NZ_CP054589.1_278,integrase,COG0582 Integrase,p__Halobacteriota,p__Halobacteriota,c__Halobacteria,o__Halobacteriales,f__Haloferacaceae,g__Halolamina,s__Halolamina sp002025255,Halobacteriota,Haloferacaceae,Integrase
NZ_CP054589.1,NZ_CP054589.1_282,integrase,COG0582 Integrase,p__Halobacteriota,p__Halobacteriota,c__Halobacteria,o__Halobacteriales,f__Haloferacaceae,g__Halolamina,s__Halolamina sp002025255,Halobacteriota,Haloferacaceae,Integrase
NZ_CP054590.1,NZ_CP054590.1_33,integrase,COG0582 Integrase,p__Halobacteriota,p__Halobacteriota,c__Halobacteria,o__Halobacteriales,f__Haloferacaceae,g__Halolamina,s__Halolamina sp002025255,Halobacteriota,Haloferacaceae,Integrase
NZ_CP054590.1,NZ_CP054590.1_50,integrase,integrase family,p__Halobacteriota,p__Halobacteriota,c__Halobacteria,o__Halobacteriales,f__Haloferacaceae,g__Halolamina,s__Halolamina sp002025255,Halobacteriota,Haloferacaceae,Integrase
NZ_CP054708.1,NZ_CP054708.1_93,integrase,COG0582 Integrase,p__Halobacteriota,p__Halobacteriota,c__Halobacteria,o__Halobacteriales,f__Halobacteriaceae,g__Halarchaeum,s__Halarchaeum grantii,Halobacteriota,Halobacteriaceae,Integrase
NZ_CP054708.1,NZ_CP054708.1_116,lysis,COG2303 Choline dehydrogenase and related flavoproteins,p__Halobacteriota,p__Halobacteriota,c__Halobacteria,o__Halobacteriales,f__Halobacteriaceae,g__Halarchaeum,s__Halarchaeum grantii,Halobacteriota,Halobacteriaceae,Osmolyte transport
NZ_CP054708.1,NZ_CP054708.1_180,lysis,COG1253 Hemolysins and related proteins containing CBS domains,p__Halobacteriota,p__Halobacteriota,c__Halobacteria,o__Halobacteriales,f__Halobacteriaceae,g__Halarchaeum,s__Halarchaeum grantii,Halobacteriota,Halobacteriaceae,Lysis & membrane
NZ_CP054708.1,NZ_CP054708.1_395,lysis,COG1253 Hemolysins and related proteins containing CBS domains,p__Halobacteriota,p__Halobacteriota,c__Halobacteria,o__Halobacteriales,f__Halobacteriaceae,g__Halarchaeum,s__Halarchaeum grantii,Halobacteriota,Halobacteriaceae,Lysis & membrane
NZ_CP054708.1,NZ_CP054708.1_413,virion,"Phage plasmid primase, P4",p__Halobacteriota,p__Halobacteriota,c__Halobacteria,o__Halobacteriales,f__Halobacteriaceae,g__Halarchaeum,s__Halarchaeum grantii,Halobacteriota,Halobacteriaceae,Phage replication
NZ_CP054708.1,NZ_CP054708.1_474,lysis,COG3486 Lysine ornithine N-monooxygenase,p__Halobacteriota,p__Halobacteriota,c__Halobacteria,o__Halobacteriales,f__Halobacteriaceae,g__Halarchaeum,s__Halarchaeum grantii,Halobacteriota,Halobacteriaceae,Metabolic enzymes
NZ_CP054708.1,NZ_CP054708.1_512,lysis,"Facilitates the functional incorporation of the urease nickel metallocenter. This process requires GTP hydrolysis, probably effectuated by UreG",p__Halobacteriota,p__Halobacteriota,c__Halobacteria,o__Halobacteriales,f__Halobacteriaceae,g__Halarchaeum,s__Halarchaeum grantii,Halobacteriota,Halobacteriaceae,Metabolic enzymes
NZ_CP054709.1,NZ_CP054709.1_132,lysis,COG1292 Choline-glycine betaine transporter,p__Halobacteriota,p__Halobacteriota,c__Halobacteria,o__Halobacteriales,f__Halobacteriaceae,g__Halarchaeum,s__Halarchaeum grantii,Halobacteriota,Halobacteriaceae,Osmolyte transport
NZ_CP054709.1,NZ_CP054709.1_169,lysis,COG1732 Periplasmic glycine betaine choline-binding (lipo)protein of an ABC-type transport system (osmoprotectant binding protein),p__Halobacteriota,p__Halobacteriota,c__Halobacteria,o__Halobacteriales,f__Halobacteriaceae,g__Halarchaeum,s__Halarchaeum grantii,Halobacteriota,Halobacteriaceae,Osmolyte transport
NZ_CP054709.1,NZ_CP054709.1_173,integrase,"Site-specific tyrosine recombinase, which acts by catalyzing the cutting and rejoining of the recombining DNA molecules",p__Halobacteriota,p__Halobacteriota,c__Halobacteria,o__Halobacteriales,f__Halobacteriaceae,g__Halarchaeum,s__Halarchaeum grantii,Halobacteriota,Halobacteriaceae,Integrase
NZ_CP054709.1,NZ_CP054709.1_200,integrase,COG0582 Integrase,p__Halobacteriota,p__Halobacteriota,c__Halobacteria,o__Halobacteriales,f__Halobacteriaceae,g__Halarchaeum,s__Halarchaeum grantii,Halobacteriota,Halobacteriaceae,Integrase
NZ_CP054709.1,NZ_CP054709.1_228,integrase,"Site-specific tyrosine recombinase, which acts by catalyzing the cutting and rejoining of the recombining DNA molecules",p__Halobacteriota,p__Halobacteriota,c__Halobacteria,o__Halobacteriales,f__Halobacteriaceae,g__Halarchaeum,s__Halarchaeum grantii,Halobacteriota,Halobacteriaceae,Integrase
NZ_CP054709.1,NZ_CP054709.1_324,integrase,COG0582 Integrase,p__Halobacteriota,p__Halobacteriota,c__Halobacteria,o__Halobacteriales,f__Halobacteriaceae,g__Halarchaeum,s__Halarchaeum grantii,Halobacteriota,Halobacteriaceae,Integrase
NZ_CP054709.1,NZ_CP054709.1_335,virion,"Phage plasmid primase, P4",p__Halobacteriota,p__Halobacteriota,c__Halobacteria,o__Halobacteriales,f__Halobacteriaceae,g__Halarchaeum,s__Halarchaeum grantii,Halobacteriota,Halobacteriaceae,Phage replication
NZ_CP054709.1,NZ_CP054709.1_347,virion,COG3654 Prophage maintenance system killer protein,p__Halobacteriota,p__Halobacteriota,c__Halobacteria,o__Halobacteriales,f__Halobacteriaceae,g__Halarchaeum,s__Halarchaeum grantii,Halobacteriota,Halobacteriaceae,Prophage maintenance
NZ_CP054710.1,NZ_CP054710.1_29,virion,"Phage plasmid primase, P4",p__Halobacteriota,p__Halobacteriota,c__Halobacteria,o__Halobacteriales,f__Halobacteriaceae,g__Halarchaeum,s__Halarchaeum grantii,Halobacteriota,Halobacteriaceae,Phage replication
NZ_CP054710.1,NZ_CP054710.1_101,integrase,COG0582 Integrase,p__Halobacteriota,p__Halobacteriota,c__Halobacteria,o__Halobacteriales,f__Halobacteriaceae,g__Halarchaeum,s__Halarchaeum grantii,Halobacteriota,Halobacteriaceae,Integrase
NZ_CP054711.1,NZ_CP054711.1_1,integrase,integrase family,p__Halobacteriota,p__Halobacteriota,c__Halobacteria,o__Halobacteriales,f__Halobacteriaceae,g__Halarchaeum,s__Halarchaeum grantii,Halobacteriota,Halobacteriaceae,Integrase
NZ_CP054711.1,NZ_CP054711.1_37,virion,"Phage plasmid primase, P4 family",p__Halobacteriota,p__Halobacteriota,c__Halobacteria,o__Halobacteriales,f__Halobacteriaceae,g__Halarchaeum,s__Halarchaeum grantii,Halobacteriota,Halobacteriaceae,Phage replication
NZ_CP054711.1,NZ_CP054711.1_40,integrase,integrase family,p__Halobacteriota,p__Halobacteriota,c__Halobacteria,o__Halobacteriales,f__Halobacteriaceae,g__Halarchaeum,s__Halarchaeum grantii,Halobacteriota,Halobacteriaceae,Integrase
NZ_CP054712.1,NZ_CP054712.1_15,virion,"Phage plasmid primase, P4 family",p__Halobacteriota,p__Halobacteriota,c__Halobacteria,o__Halobacteriales,f__Halobacteriaceae,g__Halarchaeum,s__Halarchaeum grantii,Halobacteriota,Halobacteriaceae,Phage replication
NZ_CP058530.1,NZ_CP058530.1_42,integrase,COG0582 Integrase,p__Halobacteriota,p__Halobacteriota,c__Halobacteria,o__Halobacteriales,f__Haloferacaceae,g__Halobaculum,s__Halobaculum halophilum,Halobacteriota,Haloferacaceae,Integrase
NZ_CP058530.1,NZ_CP058530.1_117,virion,Phage SPO1 DNA,p__Halobacteriota,p__Halobacteriota,c__Halobacteria,o__Halobacteriales,f__Haloferacaceae,g__Halobaculum,s__Halobaculum halophilum,Halobacteriota,Haloferacaceae,Phage replication
NZ_CP058531.1,NZ_CP058531.1_20,virion,"Phage plasmid primase, P4",p__Halobacteriota,p__Halobacteriota,c__Halobacteria,o__Halobacteriales,f__Haloferacaceae,g__Halobaculum,s__Halobaculum halophilum,Halobacteriota,Haloferacaceae,Phage replication
NZ_CP058531.1,NZ_CP058531.1_79,lysis,Peptidase M10A and M12B matrixin and adamalysin,p__Halobacteriota,p__Halobacteriota,c__Halobacteria,o__Halobacteriales,f__Haloferacaceae,g__Halobaculum,s__Halobaculum halophilum,Halobacteriota,Haloferacaceae,Lysis & membrane
NZ_CP058531.1,NZ_CP058531.1_99,integrase,COG0582 Integrase,p__Halobacteriota,p__Halobacteriota,c__Halobacteria,o__Halobacteriales,f__Haloferacaceae,g__Halobaculum,s__Halobaculum halophilum,Halobacteriota,Haloferacaceae,Integrase
NZ_CP058532.1,NZ_CP058532.1_6,tail,Baseplate J-like protein,p__Halobacteriota,p__Halobacteriota,c__Halobacteria,o__Halobacteriales,f__Haloferacaceae,g__Halobaculum,s__Halobaculum halophilum,Halobacteriota,Haloferacaceae,Tail & baseplate
NZ_CP058532.1,NZ_CP058532.1_180,packaging,Terminase-like family,p__Halobacteriota,p__Halobacteriota,c__Halobacteria,o__Halobacteriales,f__Haloferacaceae,g__Halobaculum,s__Halobaculum halophilum,Halobacteriota,Haloferacaceae,DNA packaging
NZ_CP058532.1,NZ_CP058532.1_225,tail,Phage virion morphogenesis family,p__Halobacteriota,p__Halobacteriota,c__Halobacteria,o__Halobacteriales,f__Haloferacaceae,g__Halobaculum,s__Halobaculum halophilum,Halobacteriota,Haloferacaceae,Capsid & head
NZ_CP058532.1,NZ_CP058532.1_232,tail,Phage tail tape measure protein TP901,p__Halobacteriota,p__Halobacteriota,c__Halobacteria,o__Halobacteriales,f__Haloferacaceae,g__Halobaculum,s__Halobaculum halophilum,Halobacteriota,Haloferacaceae,Tail & baseplate
NZ_CP058532.1,NZ_CP058532.1_235,virion,Phage protein D,p__Halobacteriota,p__Halobacteriota,c__Halobacteria,o__Halobacteriales,f__Haloferacaceae,g__Halobaculum,s__Halobaculum halophilum,Halobacteriota,Haloferacaceae,Capsid & head
NZ_CP058580.1,NZ_CP058580.1_29,integrase,COG0582 Integrase,p__Halobacteriota,p__Halobacteriota,c__Halobacteria,o__Halobacteriales,f__Haloferacaceae,g__Halobaculum,s__Halobaculum salinum,Halobacteriota,Haloferacaceae,Integrase
NZ_CP058580.1,NZ_CP058580.1_106,virion,Phage SPO1 DNA,p__Halobacteriota,p__Halobacteriota,c__Halobacteria,o__Halobacteriales,f__Haloferacaceae,g__Halobaculum,s__Halobaculum salinum,Halobacteriota,Haloferacaceae,Phage replication
NZ_CP063206.1,NZ_CP063206.1_12,lysis,COG1292 Choline-glycine betaine transporter,p__Halobacteriota,p__Halobacteriota,c__Halobacteria,o__Halobacteriales,f__Haloferacaceae,g__Haloferax,s__Haloferax gibbonsii,Halobacteriota,Haloferacaceae,Osmolyte transport
NZ_CP063206.1,NZ_CP063206.1_150,virion,"Phage plasmid primase, P4",p__Halobacteriota,p__Halobacteriota,c__Halobacteria,o__Halobacteriales,f__Haloferacaceae,g__Haloferax,s__Haloferax gibbonsii,Halobacteriota,Haloferacaceae,Phage replication
NZ_CP063206.1,NZ_CP063206.1_171,virion,COG3654 Prophage maintenance system killer protein,p__Halobacteriota,p__Halobacteriota,c__Halobacteria,o__Halobacteriales,f__Haloferacaceae,g__Haloferax,s__Haloferax gibbonsii,Halobacteriota,Haloferacaceae,Prophage maintenance
NZ_CP063206.1,NZ_CP063206.1_367,integrase,COG0582 Integrase,p__Halobacteriota,p__Halobacteriota,c__Halobacteria,o__Halobacteriales,f__Haloferacaceae,g__Haloferax,s__Haloferax gibbonsii,Halobacteriota,Haloferacaceae,Integrase
NZ_CP063206.1,NZ_CP063206.1_454,lysis,COG1292 Choline-glycine betaine transporter,p__Halobacteriota,p__Halobacteriota,c__Halobacteria,o__Halobacteriales,f__Haloferacaceae,g__Haloferax,s__Haloferax gibbonsii,Halobacteriota,Haloferacaceae,Osmolyte transport
NZ_CP063206.1,NZ_CP063206.1_489,tail,T4-like virus tail tube protein gp19,p__Halobacteriota,p__Halobacteriota,c__Halobacteria,o__Halobacteriales,f__Haloferacaceae,g__Haloferax,s__Haloferax gibbonsii,Halobacteriota,Haloferacaceae,Tail & baseplate
NZ_CP063206.1,NZ_CP063206.1_490,tail,T4-like virus tail tube protein gp19,p__Halobacteriota,p__Halobacteriota,c__Halobacteria,o__Halobacteriales,f__Haloferacaceae,g__Haloferax,s__Haloferax gibbonsii,Halobacteriota,Haloferacaceae,Tail & baseplate
NZ_CP063206.1,NZ_CP063206.1_560,virion,COG3654 Prophage maintenance system killer protein,p__Halobacteriota,p__Halobacteriota,c__Halobacteria,o__Halobacteriales,f__Haloferacaceae,g__Haloferax,s__Haloferax gibbonsii,Halobacteriota,Haloferacaceae,Prophage maintenance
NZ_CP063207.1,NZ_CP063207.1_47,integrase,Phage integrase family,p__Halobacteriota,p__Halobacteriota,c__Halobacteria,o__Halobacteriales,f__Haloferacaceae,g__Haloferax,s__Haloferax gibbonsii,Halobacteriota,Haloferacaceae,Integrase
NZ_CP063207.1,NZ_CP063207.1_61,integrase,COG0582 Integrase,p__Halobacteriota,p__Halobacteriota,c__Halobacteria,o__Halobacteriales,f__Haloferacaceae,g__Haloferax,s__Haloferax gibbonsii,Halobacteriota,Haloferacaceae,Integrase
NZ_CP063207.1,NZ_CP063207.1_262,lysis,Catalyzes the hydrolysis of the adenine ring of phosphoribosyl-AMP,p__Halobacteriota,p__Halobacteriota,c__Halobacteria,o__Halobacteriales,f__Haloferacaceae,g__Haloferax,s__Haloferax gibbonsii,Halobacteriota,Haloferacaceae,Metabolic enzymes
NZ_CP063208.1,NZ_CP063208.1_45,integrase,Integrase,p__Halobacteriota,p__Halobacteriota,c__Halobacteria,o__Halobacteriales,f__Haloferacaceae,g__Haloferax,s__Haloferax gibbonsii,Halobacteriota,Haloferacaceae,Integrase
NZ_CP063208.1,NZ_CP063208.1_46,integrase,Integrase,p__Halobacteriota,p__Halobacteriota,c__Halobacteria,o__Halobacteriales,f__Haloferacaceae,g__Haloferax,s__Haloferax gibbonsii,Halobacteriota,Haloferacaceae,Integrase
NZ_CP064790.1,NZ_CP064790.1_52,virion,COG3654 Prophage maintenance system killer protein,p__Halobacteriota,p__Halobacteriota,c__Halobacteria,o__Halobacteriales,f__Haloarculaceae,g__Halapricum,s__Halapricum desulfuricans,Halobacteriota,Haloarculaceae,Prophage maintenance
NZ_CP064790.1,NZ_CP064790.1_74,integrase,Phage integrase family,p__Halobacteriota,p__Halobacteriota,c__Halobacteria,o__Halobacteriales,f__Haloarculaceae,g__Halapricum,s__Halapricum desulfuricans,Halobacteriota,Haloarculaceae,Integrase
NZ_CP064790.1,NZ_CP064790.1_82,lysis,COG1253 Hemolysins and related proteins containing CBS domains,p__Halobacteriota,p__Halobacteriota,c__Halobacteria,o__Halobacteriales,f__Haloarculaceae,g__Halapricum,s__Halapricum desulfuricans,Halobacteriota,Haloarculaceae,Lysis & membrane
NZ_CP064790.1,NZ_CP064790.1_101,integrase,COG0582 Integrase,p__Halobacteriota,p__Halobacteriota,c__Halobacteria,o__Halobacteriales,f__Haloarculaceae,g__Halapricum,s__Halapricum desulfuricans,Halobacteriota,Haloarculaceae,Integrase
NZ_CP064792.1,NZ_CP064792.1_147,integrase,COG0582 Integrase,p__Halobacteriota,p__Halobacteriota,c__Halobacteria,o__Halobacteriales,f__Haloarculaceae,g__Halapricum,s__Halapricum sp017094465,Halobacteriota,Haloarculaceae,Integrase
NZ_CP069189.1,NZ_CP069189.1_8,virion,"Phage plasmid primase, P4",p__Halobacteriota,p__Halobacteriota,c__Halobacteria,o__Halobacteriales,f__Natrialbaceae,g__Haloterrigena,s__Haloterrigena salifodinae,Halobacteriota,Natrialbaceae,Phage replication
NZ_CP069189.1,NZ_CP069189.1_91,integrase,COG0582 Integrase,p__Halobacteriota,p__Halobacteriota,c__Halobacteria,o__Halobacteriales,f__Natrialbaceae,g__Haloterrigena,s__Haloterrigena salifodinae,Halobacteriota,Natrialbaceae,Integrase
NZ_CP069189.1,NZ_CP069189.1_137,integrase,COG0582 Integrase,p__Halobacteriota,p__Halobacteriota,c__Halobacteria,o__Halobacteriales,f__Natrialbaceae,g__Haloterrigena,s__Haloterrigena salifodinae,Halobacteriota,Natrialbaceae,Integrase
NZ_CP069190.1,NZ_CP069190.1_14,lysis,Peptidase M10A and M12B matrixin and adamalysin,p__Halobacteriota,p__Halobacteriota,c__Halobacteria,o__Halobacteriales,f__Natrialbaceae,g__Haloterrigena,s__Haloterrigena salifodinae,Halobacteriota,Natrialbaceae,Lysis & membrane
NZ_CP069190.1,NZ_CP069190.1_103,integrase,COG0582 Integrase,p__Halobacteriota,p__Halobacteriota,c__Halobacteria,o__Halobacteriales,f__Natrialbaceae,g__Haloterrigena,s__Haloterrigena salifodinae,Halobacteriota,Natrialbaceae,Integrase
NZ_CP069190.1,NZ_CP069190.1_107,integrase,COG0582 Integrase,p__Halobacteriota,p__Halobacteriota,c__Halobacteria,o__Halobacteriales,f__Natrialbaceae,g__Haloterrigena,s__Haloterrigena salifodinae,Halobacteriota,Natrialbaceae,Integrase
NZ_CP069191.1,NZ_CP069191.1_42,virion,"Phage plasmid primase, P4",p__Halobacteriota,p__Halobacteriota,c__Halobacteria,o__Halobacteriales,f__Natrialbaceae,g__Haloterrigena,s__Haloterrigena salifodinae,Halobacteriota,Natrialbaceae,Phage replication
NZ_CP069191.1,NZ_CP069191.1_43,virion,"Phage plasmid primase, P4",p__Halobacteriota,p__Halobacteriota,c__Halobacteria,o__Halobacteriales,f__Natrialbaceae,g__Haloterrigena,s__Haloterrigena salifodinae,Halobacteriota,Natrialbaceae,Phage replication
NZ_CP069191.1,NZ_CP069191.1_169,integrase,COG0582 Integrase,p__Halobacteriota,p__Halobacteriota,c__Halobacteria,o__Halobacteriales,f__Natrialbaceae,g__Haloterrigena,s__Haloterrigena salifodinae,Halobacteriota,Natrialbaceae,Integrase
NZ_CP069192.1,NZ_CP069192.1_3,integrase,COG0582 Integrase,p__Halobacteriota,p__Halobacteriota,c__Halobacteria,o__Halobacteriales,f__Natrialbaceae,g__Haloterrigena,s__Haloterrigena salifodinae,Halobacteriota,Natrialbaceae,Integrase
NZ_CP069192.1,NZ_CP069192.1_110,lysis,COG1253 Hemolysins and related proteins containing CBS domains,p__Halobacteriota,p__Halobacteriota,c__Halobacteria,o__Halobacteriales,f__Natrialbaceae,g__Haloterrigena,s__Haloterrigena salifodinae,Halobacteriota,Natrialbaceae,Lysis & membrane
NZ_CP069192.1,NZ_CP069192.1_134,lysis,COG1292 Choline-glycine betaine transporter,p__Halobacteriota,p__Halobacteriota,c__Halobacteria,o__Halobacteriales,f__Natrialbaceae,g__Haloterrigena,s__Haloterrigena salifodinae,Halobacteriota,Natrialbaceae,Osmolyte transport
NZ_CP069192.1,NZ_CP069192.1_136,lysis,COG1292 Choline-glycine betaine transporter,p__Halobacteriota,p__Halobacteriota,c__Halobacteria,o__Halobacteriales,f__Natrialbaceae,g__Haloterrigena,s__Haloterrigena salifodinae,Halobacteriota,Natrialbaceae,Osmolyte transport
NZ_CP069192.1,NZ_CP069192.1_152,lysis,Choline-glycine betaine transporter,p__Halobacteriota,p__Halobacteriota,c__Halobacteria,o__Halobacteriales,f__Natrialbaceae,g__Haloterrigena,s__Haloterrigena salifodinae,Halobacteriota,Natrialbaceae,Osmolyte transport
NZ_CP069192.1,NZ_CP069192.1_176,lysis,COG1292 Choline-glycine betaine transporter,p__Halobacteriota,p__Halobacteriota,c__Halobacteria,o__Halobacteriales,f__Natrialbaceae,g__Haloterrigena,s__Haloterrigena salifodinae,Halobacteriota,Natrialbaceae,Osmolyte transport
NZ_CP069192.1,NZ_CP069192.1_179,lysis,"Catalyzes the oxidation of 5,10- methylenetetrahydrofolate to 5,10-methenyltetrahydrofolate and then the hydrolysis of 5,10-methenyltetrahydrofolate to 10- formyltetrahydrofolate",p__Halobacteriota,p__Halobacteriota,c__Halobacteria,o__Halobacteriales,f__Natrialbaceae,g__Haloterrigena,s__Haloterrigena salifodinae,Halobacteriota,Natrialbaceae,Metabolic enzymes
NZ_CP069193.1,NZ_CP069193.1_52,lysis,NAD-dependent lysine deacetylase and desuccinylase that specifically removes acetyl and succinyl groups on target proteins. Modulates the activities of several proteins which are inactive in their acylated form,p__Halobacteriota,p__Halobacteriota,c__Halobacteria,o__Halobacteriales,f__Natrialbaceae,g__Haloterrigena,s__Haloterrigena salifodinae,Halobacteriota,Natrialbaceae,Metabolic enzymes
NZ_CP069193.1,NZ_CP069193.1_54,integrase,COG0582 Integrase,p__Halobacteriota,p__Halobacteriota,c__Halobacteria,o__Halobacteriales,f__Natrialbaceae,g__Haloterrigena,s__Haloterrigena salifodinae,Halobacteriota,Natrialbaceae,Integrase
NZ_CP070333.1,NZ_CP070333.1_8,integrase,COG0582 Integrase,p__Halobacteriota,p__Halobacteriota,c__Halobacteria,o__Halobacteriales,f__Halobacteriaceae,g__Halobacterium,s__Halobacterium salinarum,Halobacteriota,Halobacteriaceae,Integrase
NZ_CP070333.1,NZ_CP070333.1_27,lysis,COG1253 Hemolysins and related proteins containing CBS domains,p__Halobacteriota,p__Halobacteriota,c__Halobacteria,o__Halobacteriales,f__Halobacteriaceae,g__Halobacterium,s__Halobacterium salinarum,Halobacteriota,Halobacteriaceae,Lysis & membrane
NZ_CP070333.1,NZ_CP070333.1_84,lysis,COG3486 Lysine ornithine N-monooxygenase,p__Halobacteriota,p__Halobacteriota,c__Halobacteria,o__Halobacteriales,f__Halobacteriaceae,g__Halobacterium,s__Halobacterium salinarum,Halobacteriota,Halobacteriaceae,Metabolic enzymes
NZ_CP070334.1,NZ_CP070334.1_12,integrase,COG0582 Integrase,p__Halobacteriota,p__Halobacteriota,c__Halobacteria,o__Halobacteriales,f__Halobacteriaceae,g__Halobacterium,s__Halobacterium salinarum,Halobacteriota,Halobacteriaceae,Integrase
NZ_CP070335.2,NZ_CP070335.2_3,integrase,COG0582 Integrase,p__Halobacteriota,p__Halobacteriota,c__Halobacteria,o__Halobacteriales,f__Halobacteriaceae,g__Halobacterium,s__Halobacterium salinarum,Halobacteriota,Halobacteriaceae,Integrase
NZ_CP070335.2,NZ_CP070335.2_6,lysis,NAD-dependent lysine deacetylase and desuccinylase that specifically removes acetyl and succinyl groups on target proteins. Modulates the activities of several proteins which are inactive in their acylated form,p__Halobacteriota,p__Halobacteriota,c__Halobacteria,o__Halobacteriales,f__Halobacteriaceae,g__Halobacterium,s__Halobacterium salinarum,Halobacteriota,Halobacteriaceae,Metabolic enzymes
NZ_CP070335.2,NZ_CP070335.2_37,lysis,"Part of the high-affinity ATP-driven potassium transport (or Kdp) system, which catalyzes the hydrolysis of ATP coupled with the electrogenic transport of potassium into the cytoplasm. This subunit binds and transports the potassium across the cytoplasmic membrane",p__Halobacteriota,p__Halobacteriota,c__Halobacteria,o__Halobacteriales,f__Halobacteriaceae,g__Halobacterium,s__Halobacterium salinarum,Halobacteriota,Halobacteriaceae,Metabolic enzymes
NZ_CP070335.2,NZ_CP070335.2_38,lysis,"Part of the high-affinity ATP-driven potassium transport (or Kdp) system, which catalyzes the hydrolysis of ATP coupled with the electrogenic transport of potassium into the cytoplasm. This subunit is responsible for energy coupling to the transport system",p__Halobacteriota,p__Halobacteriota,c__Halobacteria,o__Halobacteriales,f__Halobacteriaceae,g__Halobacterium,s__Halobacterium salinarum,Halobacteriota,Halobacteriaceae,Metabolic enzymes
NZ_CP070335.2,NZ_CP070335.2_39,lysis,"Part of the high-affinity ATP-driven potassium transport (or Kdp) system, which catalyzes the hydrolysis of ATP coupled with the electrogenic transport of potassium into the cytoplasm. This subunit acts as a catalytic chaperone that increases the ATP- binding affinity of the ATP-hydrolyzing subunit KdpB by the formation of a transient KdpB KdpC ATP ternary complex",p__Halobacteriota,p__Halobacteriota,c__Halobacteria,o__Halobacteriales,f__Halobacteriaceae,g__Halobacterium,s__Halobacterium salinarum,Halobacteriota,Halobacteriaceae,Metabolic enzymes
NZ_CP070335.2,NZ_CP070335.2_70,lysis,COG3486 Lysine ornithine N-monooxygenase,p__Halobacteriota,p__Halobacteriota,c__Halobacteria,o__Halobacteriales,f__Halobacteriaceae,g__Halobacterium,s__Halobacterium salinarum,Halobacteriota,Halobacteriaceae,Metabolic enzymes
NZ_CP070335.2,NZ_CP070335.2_134,lysis,COG1253 Hemolysins and related proteins containing CBS domains,p__Halobacteriota,p__Halobacteriota,c__Halobacteria,o__Halobacteriales,f__Halobacteriaceae,g__Halobacterium,s__Halobacterium salinarum,Halobacteriota,Halobacteriaceae,Lysis & membrane
NZ_CP070335.2,NZ_CP070335.2_150,integrase,COG0582 Integrase,p__Halobacteriota,p__Halobacteriota,c__Halobacteria,o__Halobacteriales,f__Halobacteriaceae,g__Halobacterium,s__Halobacterium salinarum,Halobacteriota,Halobacteriaceae,Integrase
NZ_CP070335.2,NZ_CP070335.2_281,virion,COG3654 Prophage maintenance system killer protein,p__Halobacteriota,p__Halobacteriota,c__Halobacteria,o__Halobacteriales,f__Halobacteriaceae,g__Halobacterium,s__Halobacterium salinarum,Halobacteriota,Halobacteriaceae,Prophage maintenance
NZ_CP070337.2,NZ_CP070337.2_9,packaging,Phage portal protein,p__Halobacteriota,p__Halobacteriota,c__Halobacteria,o__Halobacteriales,f__Halobacteriaceae,g__Halobacterium,s__Halobacterium salinarum,Halobacteriota,Halobacteriaceae,DNA packaging
NZ_CP070337.2,NZ_CP070337.2_10,packaging,chromosome segregation,p__Halobacteriota,p__Halobacteriota,c__Halobacteria,o__Halobacteriales,f__Halobacteriaceae,g__Halobacterium,s__Halobacterium salinarum,Halobacteriota,Halobacteriaceae,DNA packaging
NZ_CP070375.1,NZ_CP070375.1_15,integrase,COG0582 Integrase,p__Halobacteriota,p__Halobacteriota,c__Halobacteria,o__Halobacteriales,f__Halobacteriaceae,g__Halobacterium,s__Halobacterium salinarum,Halobacteriota,Halobacteriaceae,Integrase
NZ_CP070375.1,NZ_CP070375.1_18,lysis,NAD-dependent lysine deacetylase and desuccinylase that specifically removes acetyl and succinyl groups on target proteins. Modulates the activities of several proteins which are inactive in their acylated form,p__Halobacteriota,p__Halobacteriota,c__Halobacteria,o__Halobacteriales,f__Halobacteriaceae,g__Halobacterium,s__Halobacterium salinarum,Halobacteriota,Halobacteriaceae,Metabolic enzymes
NZ_CP070375.1,NZ_CP070375.1_45,lysis,"Part of the high-affinity ATP-driven potassium transport (or Kdp) system, which catalyzes the hydrolysis of ATP coupled with the electrogenic transport of potassium into the cytoplasm. This subunit binds and transports the potassium across the cytoplasmic membrane",p__Halobacteriota,p__Halobacteriota,c__Halobacteria,o__Halobacteriales,f__Halobacteriaceae,g__Halobacterium,s__Halobacterium salinarum,Halobacteriota,Halobacteriaceae,Metabolic enzymes
NZ_CP070375.1,NZ_CP070375.1_46,lysis,"Part of the high-affinity ATP-driven potassium transport (or Kdp) system, which catalyzes the hydrolysis of ATP coupled with the electrogenic transport of potassium into the cytoplasm. This subunit is responsible for energy coupling to the transport system",p__Halobacteriota,p__Halobacteriota,c__Halobacteria,o__Halobacteriales,f__Halobacteriaceae,g__Halobacterium,s__Halobacterium salinarum,Halobacteriota,Halobacteriaceae,Metabolic enzymes
NZ_CP070375.1,NZ_CP070375.1_47,lysis,"Part of the high-affinity ATP-driven potassium transport (or Kdp) system, which catalyzes the hydrolysis of ATP coupled with the electrogenic transport of potassium into the cytoplasm. This subunit acts as a catalytic chaperone that increases the ATP- binding affinity of the ATP-hydrolyzing subunit KdpB by the formation of a transient KdpB KdpC ATP ternary complex",p__Halobacteriota,p__Halobacteriota,c__Halobacteria,o__Halobacteriales,f__Halobacteriaceae,g__Halobacterium,s__Halobacterium salinarum,Halobacteriota,Halobacteriaceae,Metabolic enzymes
NZ_CP070375.1,NZ_CP070375.1_75,lysis,COG3486 Lysine ornithine N-monooxygenase,p__Halobacteriota,p__Halobacteriota,c__Halobacteria,o__Halobacteriales,f__Halobacteriaceae,g__Halobacterium,s__Halobacterium salinarum,Halobacteriota,Halobacteriaceae,Metabolic enzymes
NZ_CP070375.1,NZ_CP070375.1_129,lysis,COG1253 Hemolysins and related proteins containing CBS domains,p__Halobacteriota,p__Halobacteriota,c__Halobacteria,o__Halobacteriales,f__Halobacteriaceae,g__Halobacterium,s__Halobacterium salinarum,Halobacteriota,Halobacteriaceae,Lysis & membrane
NZ_CP070375.1,NZ_CP070375.1_148,integrase,COG0582 Integrase,p__Halobacteriota,p__Halobacteriota,c__Halobacteria,o__Halobacteriales,f__Halobacteriaceae,g__Halobacterium,s__Halobacterium salinarum,Halobacteriota,Halobacteriaceae,Integrase
NZ_CP070375.1,NZ_CP070375.1_266,virion,COG3654 Prophage maintenance system killer protein,p__Halobacteriota,p__Halobacteriota,c__Halobacteria,o__Halobacteriales,f__Halobacteriaceae,g__Halobacterium,s__Halobacterium salinarum,Halobacteriota,Halobacteriaceae,Prophage maintenance
NZ_CP070376.1,NZ_CP070376.1_10,virion,Putative phage serine protease XkdF,p__Halobacteriota,p__Halobacteriota,c__Halobacteria,o__Halobacteriales,f__Halobacteriaceae,g__Halobacterium,s__Halobacterium salinarum,Halobacteriota,Halobacteriaceae,Lysis & membrane
NZ_CP070376.1,NZ_CP070376.1_12,packaging,Phage portal protein,p__Halobacteriota,p__Halobacteriota,c__Halobacteria,o__Halobacteriales,f__Halobacteriaceae,g__Halobacterium,s__Halobacterium salinarum,Halobacteriota,Halobacteriaceae,DNA packaging
NZ_CP073367.1,NZ_CP073367.1_9,integrase,"COG1961 Site-specific recombinases, DNA invertase Pin homologs",p__Halobacteriota,p__Halobacteriota,c__Halobacteria,o__Halobacteriales,f__Haloarculaceae,g__Haloarcula,s__Haloarcula marismortui,Halobacteriota,Haloarculaceae,Integrase
NZ_CP073367.1,NZ_CP073367.1_88,integrase,COG0582 Integrase,p__Halobacteriota,p__Halobacteriota,c__Halobacteria,o__Halobacteriales,f__Haloarculaceae,g__Haloarcula,s__Haloarcula marismortui,Halobacteriota,Haloarculaceae,Integrase
NZ_CP073368.1,NZ_CP073368.1_22,lysis,COG1253 Hemolysins and related proteins containing CBS domains,p__Halobacteriota,p__Halobacteriota,c__Halobacteria,o__Halobacteriales,f__Haloarculaceae,g__Haloarcula,s__Haloarcula marismortui,Halobacteriota,Haloarculaceae,Lysis & membrane
NZ_CP073368.1,NZ_CP073368.1_162,integrase,COG0582 Integrase,p__Halobacteriota,p__Halobacteriota,c__Halobacteria,o__Halobacteriales,f__Haloarculaceae,g__Haloarcula,s__Haloarcula marismortui,Halobacteriota,Haloarculaceae,Integrase
NZ_CP073368.1,NZ_CP073368.1_319,integrase,COG0582 Integrase,p__Halobacteriota,p__Halobacteriota,c__Halobacteria,o__Halobacteriales,f__Haloarculaceae,g__Haloarcula,s__Haloarcula marismortui,Halobacteriota,Haloarculaceae,Integrase
NZ_CP073368.1,NZ_CP073368.1_323,integrase,COG0582 Integrase,p__Halobacteriota,p__Halobacteriota,c__Halobacteria,o__Halobacteriales,f__Haloarculaceae,g__Haloarcula,s__Haloarcula marismortui,Halobacteriota,Haloarculaceae,Integrase
NZ_CP073368.1,NZ_CP073368.1_389,virion,COG3654 Prophage maintenance system killer protein,p__Halobacteriota,p__Halobacteriota,c__Halobacteria,o__Halobacteriales,f__Haloarculaceae,g__Haloarcula,s__Haloarcula marismortui,Halobacteriota,Haloarculaceae,Prophage maintenance
NZ_CP073368.1,NZ_CP073368.1_437,integrase,COG0582 Integrase,p__Halobacteriota,p__Halobacteriota,c__Halobacteria,o__Halobacteriales,f__Haloarculaceae,g__Haloarcula,s__Haloarcula marismortui,Halobacteriota,Haloarculaceae,Integrase
NZ_CP073368.1,NZ_CP073368.1_501,lysis,COG1253 Hemolysins and related proteins containing CBS domains,p__Halobacteriota,p__Halobacteriota,c__Halobacteria,o__Halobacteriales,f__Haloarculaceae,g__Haloarcula,s__Haloarcula marismortui,Halobacteriota,Haloarculaceae,Lysis & membrane
NZ_CP073369.1,NZ_CP073369.1_59,lysis,COG1292 Choline-glycine betaine transporter,p__Halobacteriota,p__Halobacteriota,c__Halobacteria,o__Halobacteriales,f__Haloarculaceae,g__Haloarcula,s__Haloarcula marismortui,Halobacteriota,Haloarculaceae,Osmolyte transport
NZ_CP073369.1,NZ_CP073369.1_100,lysis,"Catalyzes the oxidation of 5,10- methylenetetrahydrofolate to 5,10-methenyltetrahydrofolate and then the hydrolysis of 5,10-methenyltetrahydrofolate to 10- formyltetrahydrofolate",p__Halobacteriota,p__Halobacteriota,c__Halobacteria,o__Halobacteriales,f__Haloarculaceae,g__Haloarcula,s__Haloarcula marismortui,Halobacteriota,Haloarculaceae,Metabolic enzymes
NZ_CP073369.1,NZ_CP073369.1_103,lysis,COG1292 Choline-glycine betaine transporter,p__Halobacteriota,p__Halobacteriota,c__Halobacteria,o__Halobacteriales,f__Haloarculaceae,g__Haloarcula,s__Haloarcula marismortui,Halobacteriota,Haloarculaceae,Osmolyte transport
NZ_CP073369.1,NZ_CP073369.1_250,integrase,COG0582 Integrase,p__Halobacteriota,p__Halobacteriota,c__Halobacteria,o__Halobacteriales,f__Haloarculaceae,g__Haloarcula,s__Haloarcula marismortui,Halobacteriota,Haloarculaceae,Integrase
NZ_CP073369.1,NZ_CP073369.1_295,lysis,"Facilitates the functional incorporation of the urease nickel metallocenter. This process requires GTP hydrolysis, probably effectuated by UreG",p__Halobacteriota,p__Halobacteriota,c__Halobacteria,o__Halobacteriales,f__Haloarculaceae,g__Haloarcula,s__Haloarcula marismortui,Halobacteriota,Haloarculaceae,Metabolic enzymes
NZ_CP073370.1,NZ_CP073370.1_37,integrase,COG0582 Integrase,p__Halobacteriota,p__Halobacteriota,c__Halobacteria,o__Halobacteriales,f__Haloarculaceae,g__Haloarcula,s__Haloarcula marismortui,Halobacteriota,Haloarculaceae,Integrase
NZ_CP073371.1,NZ_CP073371.1_47,integrase,COG0582 Integrase,p__Halobacteriota,p__Halobacteriota,c__Halobacteria,o__Halobacteriales,f__Haloarculaceae,g__Haloarcula,s__Haloarcula marismortui,Halobacteriota,Haloarculaceae,Integrase
NZ_CP073371.1,NZ_CP073371.1_72,integrase,COG0582 Integrase,p__Halobacteriota,p__Halobacteriota,c__Halobacteria,o__Halobacteriales,f__Haloarculaceae,g__Haloarcula,s__Haloarcula marismortui,Halobacteriota,Haloarculaceae,Integrase
NZ_CP073371.1,NZ_CP073371.1_74,integrase,COG0582 Integrase,p__Halobacteriota,p__Halobacteriota,c__Halobacteria,o__Halobacteriales,f__Haloarculaceae,g__Haloarcula,s__Haloarcula marismortui,Halobacteriota,Haloarculaceae,Integrase
NZ_CP073372.1,NZ_CP073372.1_42,virion,COG3654 Prophage maintenance system killer protein,p__Halobacteriota,p__Halobacteriota,c__Halobacteria,o__Halobacteriales,f__Haloarculaceae,g__Haloarcula,s__Haloarcula marismortui,Halobacteriota,Haloarculaceae,Prophage maintenance
NZ_CP073372.1,NZ_CP073372.1_67,lysis,"ATPase which is responsible for recognizing, binding, unfolding and translocation of substrate proteins into the archaeal 20S proteasome core particle. Is essential for opening the gate of the 20S proteasome via an interaction with its C- terminus, thereby allowing substrate entry and access to the site of proteolysis. Thus, the C-termini of the proteasomal ATPase function like a 'key in a lock' to induce gate opening and therefore regulate proteolysis. Unfolding activity requires energy from ATP hydrolysis, whereas ATP binding alone promotes ATPase-20S proteasome association which triggers gate opening, and supports translocation of unfolded substrates",p__Halobacteriota,p__Halobacteriota,c__Halobacteria,o__Halobacteriales,f__Haloarculaceae,g__Haloarcula,s__Haloarcula marismortui,Halobacteriota,Haloarculaceae,Lysis & membrane
NZ_CP073372.1,NZ_CP073372.1_123,integrase,COG0582 Integrase,p__Halobacteriota,p__Halobacteriota,c__Halobacteria,o__Halobacteriales,f__Haloarculaceae,g__Haloarcula,s__Haloarcula marismortui,Halobacteriota,Haloarculaceae,Integrase
NZ_CP077714.1,NZ_CP077714.1_1,integrase,Phage integrase family,p__Thermoproteota,p__Thermoproteota,c__Thermoprotei_A,o__Sulfolobales,f__Sulfolobaceae,g__Saccharolobus,s__Saccharolobus shibatae,Thermoproteota,Sulfolobaceae,Integrase
NZ_CP077716.1,NZ_CP077716.1_1,integrase,Phage integrase family,p__Thermoproteota,p__Thermoproteota,c__Thermoprotei_A,o__Sulfolobales,f__Sulfolobaceae,g__Saccharolobus,s__Saccharolobus shibatae,Thermoproteota,Sulfolobaceae,Integrase
NZ_CP078064.1,NZ_CP078064.1_2,integrase,COG0582 Integrase,p__Halobacteriota,p__Halobacteriota,c__Halobacteria,o__Halobacteriales,f__Haloferacaceae,g__Haloferax,s__Haloferax larsenii,Halobacteriota,Haloferacaceae,Integrase
NZ_CP078064.1,NZ_CP078064.1_131,lysis,Peptidase M10A and M12B matrixin and adamalysin,p__Halobacteriota,p__Halobacteriota,c__Halobacteria,o__Halobacteriales,f__Haloferacaceae,g__Haloferax,s__Haloferax larsenii,Halobacteriota,Haloferacaceae,Lysis & membrane
NZ_CP078064.1,NZ_CP078064.1_222,integrase,COG0582 Integrase,p__Halobacteriota,p__Halobacteriota,c__Halobacteria,o__Halobacteriales,f__Haloferacaceae,g__Haloferax,s__Haloferax larsenii,Halobacteriota,Haloferacaceae,Integrase
NZ_CP078064.1,NZ_CP078064.1_322,tail,T4-like virus tail tube protein gp19,p__Halobacteriota,p__Halobacteriota,c__Halobacteria,o__Halobacteriales,f__Haloferacaceae,g__Haloferax,s__Haloferax larsenii,Halobacteriota,Haloferacaceae,Tail & baseplate
NZ_CP078064.1,NZ_CP078064.1_326,tail,T4-like virus tail tube protein gp19,p__Halobacteriota,p__Halobacteriota,c__Halobacteria,o__Halobacteriales,f__Haloferacaceae,g__Haloferax,s__Haloferax larsenii,Halobacteriota,Haloferacaceae,Tail & baseplate
NZ_CP078064.1,NZ_CP078064.1_327,tail,COG3497 Phage tail sheath protein FI,p__Halobacteriota,p__Halobacteriota,c__Halobacteria,o__Halobacteriales,f__Haloferacaceae,g__Haloferax,s__Haloferax larsenii,Halobacteriota,Haloferacaceae,Tail & baseplate
NZ_CP078064.1,NZ_CP078064.1_335,tail,Phage tail protein (Tail_P2_I),p__Halobacteriota,p__Halobacteriota,c__Halobacteria,o__Halobacteriales,f__Haloferacaceae,g__Haloferax,s__Haloferax larsenii,Halobacteriota,Haloferacaceae,Tail & baseplate
NZ_CP078064.1,NZ_CP078064.1_336,tail,Baseplate J-like protein,p__Halobacteriota,p__Halobacteriota,c__Halobacteria,o__Halobacteriales,f__Haloferacaceae,g__Haloferax,s__Haloferax larsenii,Halobacteriota,Haloferacaceae,Tail & baseplate
NZ_CP078064.1,NZ_CP078064.1_337,tail,Baseplate J-like protein,p__Halobacteriota,p__Halobacteriota,c__Halobacteria,o__Halobacteriales,f__Haloferacaceae,g__Haloferax,s__Haloferax larsenii,Halobacteriota,Haloferacaceae,Tail & baseplate
NZ_CP078064.1,NZ_CP078064.1_338,tail,Phage baseplate assembly protein W,p__Halobacteriota,p__Halobacteriota,c__Halobacteria,o__Halobacteriales,f__Haloferacaceae,g__Haloferax,s__Haloferax larsenii,Halobacteriota,Haloferacaceae,Tail & baseplate
NZ_CP078064.1,NZ_CP078064.1_341,virion,Phage protein D,p__Halobacteriota,p__Halobacteriota,c__Halobacteria,o__Halobacteriales,f__Haloferacaceae,g__Haloferax,s__Haloferax larsenii,Halobacteriota,Haloferacaceae,Capsid & head
NZ_CP078065.1,NZ_CP078065.1_88,integrase,Phage integrase family,p__Halobacteriota,p__Halobacteriota,c__Halobacteria,o__Halobacteriales,f__Haloferacaceae,g__Haloferax,s__Haloferax larsenii,Halobacteriota,Haloferacaceae,Integrase
NZ_CP078065.1,NZ_CP078065.1_242,lysis,COG3486 Lysine ornithine N-monooxygenase,p__Halobacteriota,p__Halobacteriota,c__Halobacteria,o__Halobacteriales,f__Haloferacaceae,g__Haloferax,s__Haloferax larsenii,Halobacteriota,Haloferacaceae,Metabolic enzymes
NZ_CP081959.1,NZ_CP081959.1_132,virion,COG3654 Prophage maintenance system killer protein,p__Halobacteriota,p__Halobacteriota,c__Halobacteria,o__Halobacteriales,f__Haloferacaceae,g__Halobaculum,s__Halobaculum magnesiiphilum,Halobacteriota,Haloferacaceae,Prophage maintenance
NZ_CP081959.1,NZ_CP081959.1_169,integrase,COG0582 Integrase,p__Halobacteriota,p__Halobacteriota,c__Halobacteria,o__Halobacteriales,f__Haloferacaceae,g__Halobaculum,s__Halobaculum magnesiiphilum,Halobacteriota,Haloferacaceae,Integrase
NZ_CP081959.1,NZ_CP081959.1_194,virion,COG3654 Prophage maintenance system killer protein,p__Halobacteriota,p__Halobacteriota,c__Halobacteria,o__Halobacteriales,f__Haloferacaceae,g__Halobaculum,s__Halobaculum magnesiiphilum,Halobacteriota,Haloferacaceae,Prophage maintenance
NZ_CP081959.1,NZ_CP081959.1_204,integrase,Phage integrase family,p__Halobacteriota,p__Halobacteriota,c__Halobacteria,o__Halobacteriales,f__Haloferacaceae,g__Halobaculum,s__Halobaculum magnesiiphilum,Halobacteriota,Haloferacaceae,Integrase
NZ_CP081959.1,NZ_CP081959.1_293,integrase,COG0582 Integrase,p__Halobacteriota,p__Halobacteriota,c__Halobacteria,o__Halobacteriales,f__Haloferacaceae,g__Halobaculum,s__Halobaculum magnesiiphilum,Halobacteriota,Haloferacaceae,Integrase
NZ_CP081960.1,NZ_CP081960.1_50,lysis,COG1253 Hemolysins and related proteins containing CBS domains,p__Halobacteriota,p__Halobacteriota,c__Halobacteria,o__Halobacteriales,f__Haloferacaceae,g__Halobaculum,s__Halobaculum magnesiiphilum,Halobacteriota,Haloferacaceae,Lysis & membrane
NZ_CP081960.1,NZ_CP081960.1_81,lysis,COG1732 Periplasmic glycine betaine choline-binding (lipo)protein of an ABC-type transport system (osmoprotectant binding protein),p__Halobacteriota,p__Halobacteriota,c__Halobacteria,o__Halobacteriales,f__Haloferacaceae,g__Halobaculum,s__Halobaculum magnesiiphilum,Halobacteriota,Haloferacaceae,Osmolyte transport
NZ_CP081960.1,NZ_CP081960.1_88,lysis,COG2303 Choline dehydrogenase and related flavoproteins,p__Halobacteriota,p__Halobacteriota,c__Halobacteria,o__Halobacteriales,f__Haloferacaceae,g__Halobaculum,s__Halobaculum magnesiiphilum,Halobacteriota,Haloferacaceae,Osmolyte transport
NZ_CP081960.1,NZ_CP081960.1_310,integrase,COG0582 Integrase,p__Halobacteriota,p__Halobacteriota,c__Halobacteria,o__Halobacteriales,f__Haloferacaceae,g__Halobaculum,s__Halobaculum magnesiiphilum,Halobacteriota,Haloferacaceae,Integrase
NZ_CP081960.1,NZ_CP081960.1_404,lysis,COG1732 Periplasmic glycine betaine choline-binding (lipo)protein of an ABC-type transport system (osmoprotectant binding protein),p__Halobacteriota,p__Halobacteriota,c__Halobacteria,o__Halobacteriales,f__Haloferacaceae,g__Halobaculum,s__Halobaculum magnesiiphilum,Halobacteriota,Haloferacaceae,Osmolyte transport
NZ_CP082247.1,NZ_CP082247.1_139,integrase,COG0582 Integrase,p__Halobacteriota,p__Halobacteriota,c__Halobacteria,o__Halobacteriales,f__Natrialbaceae,g__Natrinema,s__Natrinema sp019879105,Halobacteriota,Natrialbaceae,Integrase
NZ_CP082247.1,NZ_CP082247.1_141,integrase,COG0582 Integrase,p__Halobacteriota,p__Halobacteriota,c__Halobacteria,o__Halobacteriales,f__Natrialbaceae,g__Natrinema,s__Natrinema sp019879105,Halobacteriota,Natrialbaceae,Integrase
NZ_CP082247.1,NZ_CP082247.1_259,integrase,COG0582 Integrase,p__Halobacteriota,p__Halobacteriota,c__Halobacteria,o__Halobacteriales,f__Natrialbaceae,g__Natrinema,s__Natrinema sp019879105,Halobacteriota,Natrialbaceae,Integrase
NZ_CP082247.1,NZ_CP082247.1_417,integrase,integrase family,p__Halobacteriota,p__Halobacteriota,c__Halobacteria,o__Halobacteriales,f__Natrialbaceae,g__Natrinema,s__Natrinema sp019879105,Halobacteriota,Natrialbaceae,Integrase
NZ_CP082247.1,NZ_CP082247.1_462,integrase,integrase family,p__Halobacteriota,p__Halobacteriota,c__Halobacteria,o__Halobacteriales,f__Natrialbaceae,g__Natrinema,s__Natrinema sp019879105,Halobacteriota,Natrialbaceae,Integrase
NZ_CP082247.1,NZ_CP082247.1_472,integrase,integrase family,p__Halobacteriota,p__Halobacteriota,c__Halobacteria,o__Halobacteriales,f__Natrialbaceae,g__Natrinema,s__Natrinema sp019879105,Halobacteriota,Natrialbaceae,Integrase
NZ_CP082247.1,NZ_CP082247.1_569,integrase,Integrase,p__Halobacteriota,p__Halobacteriota,c__Halobacteria,o__Halobacteriales,f__Natrialbaceae,g__Natrinema,s__Natrinema sp019879105,Halobacteriota,Natrialbaceae,Integrase
NZ_CP082247.1,NZ_CP082247.1_596,virion,"Phage plasmid primase, P4",p__Halobacteriota,p__Halobacteriota,c__Halobacteria,o__Halobacteriales,f__Natrialbaceae,g__Natrinema,s__Natrinema sp019879105,Halobacteriota,Natrialbaceae,Phage replication
NZ_CP082247.1,NZ_CP082247.1_599,lysis,COG1253 Hemolysins and related proteins containing CBS domains,p__Halobacteriota,p__Halobacteriota,c__Halobacteria,o__Halobacteriales,f__Natrialbaceae,g__Natrinema,s__Natrinema sp019879105,Halobacteriota,Natrialbaceae,Lysis & membrane
NZ_CP082247.1,NZ_CP082247.1_619,integrase,COG0582 Integrase,p__Halobacteriota,p__Halobacteriota,c__Halobacteria,o__Halobacteriales,f__Natrialbaceae,g__Natrinema,s__Natrinema sp019879105,Halobacteriota,Natrialbaceae,Integrase
NZ_CP082247.1,NZ_CP082247.1_621,integrase,COG0582 Integrase,p__Halobacteriota,p__Halobacteriota,c__Halobacteria,o__Halobacteriales,f__Natrialbaceae,g__Natrinema,s__Natrinema sp019879105,Halobacteriota,Natrialbaceae,Integrase
NZ_CP082247.1,NZ_CP082247.1_622,integrase,COG0582 Integrase,p__Halobacteriota,p__Halobacteriota,c__Halobacteria,o__Halobacteriales,f__Natrialbaceae,g__Natrinema,s__Natrinema sp019879105,Halobacteriota,Natrialbaceae,Integrase
NZ_CP082247.1,NZ_CP082247.1_623,integrase,COG0582 Integrase,p__Halobacteriota,p__Halobacteriota,c__Halobacteria,o__Halobacteriales,f__Natrialbaceae,g__Natrinema,s__Natrinema sp019879105,Halobacteriota,Natrialbaceae,Integrase
NZ_CP082247.1,NZ_CP082247.1_724,packaging,chromosome segregation,p__Halobacteriota,p__Halobacteriota,c__Halobacteria,o__Halobacteriales,f__Natrialbaceae,g__Natrinema,s__Natrinema sp019879105,Halobacteriota,Natrialbaceae,DNA packaging
NZ_CP082248.1,NZ_CP082248.1_30,lysis,"Catalyzes the oxidation of 5,10- methylenetetrahydrofolate to 5,10-methenyltetrahydrofolate and then the hydrolysis of 5,10-methenyltetrahydrofolate to 10- formyltetrahydrofolate",p__Halobacteriota,p__Halobacteriota,c__Halobacteria,o__Halobacteriales,f__Natrialbaceae,g__Natrinema,s__Natrinema sp019879105,Halobacteriota,Natrialbaceae,Metabolic enzymes
NZ_CP082248.1,NZ_CP082248.1_34,lysis,COG1292 Choline-glycine betaine transporter,p__Halobacteriota,p__Halobacteriota,c__Halobacteria,o__Halobacteriales,f__Natrialbaceae,g__Natrinema,s__Natrinema sp019879105,Halobacteriota,Natrialbaceae,Osmolyte transport
NZ_CP082248.1,NZ_CP082248.1_108,integrase,Integrase,p__Halobacteriota,p__Halobacteriota,c__Halobacteria,o__Halobacteriales,f__Natrialbaceae,g__Natrinema,s__Natrinema sp019879105,Halobacteriota,Natrialbaceae,Integrase
NZ_CP082248.1,NZ_CP082248.1_109,integrase,Integrase,p__Halobacteriota,p__Halobacteriota,c__Halobacteria,o__Halobacteriales,f__Natrialbaceae,g__Natrinema,s__Natrinema sp019879105,Halobacteriota,Natrialbaceae,Integrase
NZ_CP082248.1,NZ_CP082248.1_252,integrase,COG0582 Integrase,p__Halobacteriota,p__Halobacteriota,c__Halobacteria,o__Halobacteriales,f__Natrialbaceae,g__Natrinema,s__Natrinema sp019879105,Halobacteriota,Natrialbaceae,Integrase
NZ_CP082248.1,NZ_CP082248.1_342,lysis,Choline-glycine betaine transporter,p__Halobacteriota,p__Halobacteriota,c__Halobacteria,o__Halobacteriales,f__Natrialbaceae,g__Natrinema,s__Natrinema sp019879105,Halobacteriota,Natrialbaceae,Osmolyte transport
NZ_CP082248.1,NZ_CP082248.1_343,lysis,Choline-glycine betaine transporter,p__Halobacteriota,p__Halobacteriota,c__Halobacteria,o__Halobacteriales,f__Natrialbaceae,g__Natrinema,s__Natrinema sp019879105,Halobacteriota,Natrialbaceae,Osmolyte transport
NZ_CP082248.1,NZ_CP082248.1_365,integrase,COG0582 Integrase,p__Halobacteriota,p__Halobacteriota,c__Halobacteria,o__Halobacteriales,f__Natrialbaceae,g__Natrinema,s__Natrinema sp019879105,Halobacteriota,Natrialbaceae,Integrase
NZ_CP082248.1,NZ_CP082248.1_441,lysis,COG1292 Choline-glycine betaine transporter,p__Halobacteriota,p__Halobacteriota,c__Halobacteria,o__Halobacteriales,f__Natrialbaceae,g__Natrinema,s__Natrinema sp019879105,Halobacteriota,Natrialbaceae,Osmolyte transport
NZ_CP082248.1,NZ_CP082248.1_493,integrase,COG0582 Integrase,p__Halobacteriota,p__Halobacteriota,c__Halobacteria,o__Halobacteriales,f__Natrialbaceae,g__Natrinema,s__Natrinema sp019879105,Halobacteriota,Natrialbaceae,Integrase
NZ_CP082248.1,NZ_CP082248.1_502,virion,"Phage plasmid primase, P4",p__Halobacteriota,p__Halobacteriota,c__Halobacteria,o__Halobacteriales,f__Natrialbaceae,g__Natrinema,s__Natrinema sp019879105,Halobacteriota,Natrialbaceae,Phage replication
NZ_CP082248.1,NZ_CP082248.1_538,virion,"Phage plasmid primase, P4",p__Halobacteriota,p__Halobacteriota,c__Halobacteria,o__Halobacteriales,f__Natrialbaceae,g__Natrinema,s__Natrinema sp019879105,Halobacteriota,Natrialbaceae,Phage replication
NZ_CP082248.1,NZ_CP082248.1_539,virion,"Phage plasmid primase, P4",p__Halobacteriota,p__Halobacteriota,c__Halobacteria,o__Halobacteriales,f__Natrialbaceae,g__Natrinema,s__Natrinema sp019879105,Halobacteriota,Natrialbaceae,Phage replication
NZ_CP082248.1,NZ_CP082248.1_559,integrase,COG0582 Integrase,p__Halobacteriota,p__Halobacteriota,c__Halobacteria,o__Halobacteriales,f__Natrialbaceae,g__Natrinema,s__Natrinema sp019879105,Halobacteriota,Natrialbaceae,Integrase
NZ_CP082248.1,NZ_CP082248.1_712,integrase,COG0582 Integrase,p__Halobacteriota,p__Halobacteriota,c__Halobacteria,o__Halobacteriales,f__Natrialbaceae,g__Natrinema,s__Natrinema sp019879105,Halobacteriota,Natrialbaceae,Integrase
NZ_CP082248.1,NZ_CP082248.1_742,lysis,COG1292 Choline-glycine betaine transporter,p__Halobacteriota,p__Halobacteriota,c__Halobacteria,o__Halobacteriales,f__Natrialbaceae,g__Natrinema,s__Natrinema sp019879105,Halobacteriota,Natrialbaceae,Osmolyte transport
NZ_CP082248.1,NZ_CP082248.1_760,integrase,COG0582 Integrase,p__Halobacteriota,p__Halobacteriota,c__Halobacteria,o__Halobacteriales,f__Natrialbaceae,g__Natrinema,s__Natrinema sp019879105,Halobacteriota,Natrialbaceae,Integrase
NZ_CP082248.1,NZ_CP082248.1_799,integrase,Integrase,p__Halobacteriota,p__Halobacteriota,c__Halobacteria,o__Halobacteriales,f__Natrialbaceae,g__Natrinema,s__Natrinema sp019879105,Halobacteriota,Natrialbaceae,Integrase
NZ_CP082248.1,NZ_CP082248.1_833,virion,"Phage plasmid primase, P4",p__Halobacteriota,p__Halobacteriota,c__Halobacteria,o__Halobacteriales,f__Natrialbaceae,g__Natrinema,s__Natrinema sp019879105,Halobacteriota,Natrialbaceae,Phage replication
NZ_CP082248.1,NZ_CP082248.1_892,lysis,COG1732 Periplasmic glycine betaine choline-binding (lipo)protein of an ABC-type transport system (osmoprotectant binding protein),p__Halobacteriota,p__Halobacteriota,c__Halobacteria,o__Halobacteriales,f__Natrialbaceae,g__Natrinema,s__Natrinema sp019879105,Halobacteriota,Natrialbaceae,Osmolyte transport
NZ_CP082248.1,NZ_CP082248.1_898,integrase,COG0582 Integrase,p__Halobacteriota,p__Halobacteriota,c__Halobacteria,o__Halobacteriales,f__Natrialbaceae,g__Natrinema,s__Natrinema sp019879105,Halobacteriota,Natrialbaceae,Integrase
NZ_CP082248.1,NZ_CP082248.1_978,integrase,COG0582 Integrase,p__Halobacteriota,p__Halobacteriota,c__Halobacteria,o__Halobacteriales,f__Natrialbaceae,g__Natrinema,s__Natrinema sp019879105,Halobacteriota,Natrialbaceae,Integrase
NZ_CP082285.1,NZ_CP082285.1_81,integrase,COG0582 Integrase,p__Halobacteriota,p__Halobacteriota,c__Halobacteria,o__Halobacteriales,f__Haloferacaceae,g__Halobaculum,s__Halobaculum rubrum,Halobacteriota,Haloferacaceae,Integrase
NZ_CP082285.1,NZ_CP082285.1_84,integrase,COG0582 Integrase,p__Halobacteriota,p__Halobacteriota,c__Halobacteria,o__Halobacteriales,f__Haloferacaceae,g__Halobaculum,s__Halobaculum rubrum,Halobacteriota,Haloferacaceae,Integrase
NZ_CP082287.1,NZ_CP082287.1_8,integrase,COG0582 Integrase,p__Halobacteriota,p__Halobacteriota,c__Halobacteria,o__Halobacteriales,f__Haloferacaceae,g__Halobaculum,s__Halobaculum roseum,Halobacteriota,Haloferacaceae,Integrase
NZ_CP082287.1,NZ_CP082287.1_166,lysis,COG2931 RTX toxins and related Ca2 -binding proteins,p__Halobacteriota,p__Halobacteriota,c__Halobacteria,o__Halobacteriales,f__Haloferacaceae,g__Halobaculum,s__Halobaculum roseum,Halobacteriota,Haloferacaceae,Lysis & membrane
NZ_CP082287.1,NZ_CP082287.1_204,virion,COG3654 Prophage maintenance system killer protein,p__Halobacteriota,p__Halobacteriota,c__Halobacteria,o__Halobacteriales,f__Haloferacaceae,g__Halobaculum,s__Halobaculum roseum,Halobacteriota,Haloferacaceae,Prophage maintenance
NZ_CP082287.1,NZ_CP082287.1_245,integrase,Phage integrase family,p__Halobacteriota,p__Halobacteriota,c__Halobacteria,o__Halobacteriales,f__Haloferacaceae,g__Halobaculum,s__Halobaculum roseum,Halobacteriota,Haloferacaceae,Integrase
NZ_CP082288.1,NZ_CP082288.1_43,integrase,COG0582 Integrase,p__Halobacteriota,p__Halobacteriota,c__Halobacteria,o__Halobacteriales,f__Haloferacaceae,g__Halobaculum,s__Halobaculum roseum,Halobacteriota,Haloferacaceae,Integrase
NZ_CP082288.1,NZ_CP082288.1_213,lysis,COG2303 Choline dehydrogenase and related flavoproteins,p__Halobacteriota,p__Halobacteriota,c__Halobacteria,o__Halobacteriales,f__Haloferacaceae,g__Halobaculum,s__Halobaculum roseum,Halobacteriota,Haloferacaceae,Osmolyte transport
NZ_CP082288.1,NZ_CP082288.1_220,lysis,COG1732 Periplasmic glycine betaine choline-binding (lipo)protein of an ABC-type transport system (osmoprotectant binding protein),p__Halobacteriota,p__Halobacteriota,c__Halobacteria,o__Halobacteriales,f__Haloferacaceae,g__Halobaculum,s__Halobaculum roseum,Halobacteriota,Haloferacaceae,Osmolyte transport
NZ_CP082288.1,NZ_CP082288.1_249,lysis,COG1253 Hemolysins and related proteins containing CBS domains,p__Halobacteriota,p__Halobacteriota,c__Halobacteria,o__Halobacteriales,f__Haloferacaceae,g__Halobaculum,s__Halobaculum roseum,Halobacteriota,Haloferacaceae,Lysis & membrane
NZ_CP082289.1,NZ_CP082289.1_9,integrase,COG0582 Integrase,p__Halobacteriota,p__Halobacteriota,c__Halobacteria,o__Halobacteriales,f__Haloferacaceae,g__Halobaculum,s__Halobaculum roseum,Halobacteriota,Haloferacaceae,Integrase
NZ_CP083664.1,NZ_CP083664.1_21,lysis,COG1292 Choline-glycine betaine transporter,p__Halobacteriota,p__Halobacteriota,c__Halobacteria,o__Halobacteriales,f__Haloferacaceae,g__Haloprofundus,s__Haloprofundus sp020097815,Halobacteriota,Haloferacaceae,Osmolyte transport
NZ_CP083664.1,NZ_CP083664.1_315,lysis,"Catalyzes the oxidation of 5,10- methylenetetrahydrofolate to 5,10-methenyltetrahydrofolate and then the hydrolysis of 5,10-methenyltetrahydrofolate to 10- formyltetrahydrofolate",p__Halobacteriota,p__Halobacteriota,c__Halobacteria,o__Halobacteriales,f__Haloferacaceae,g__Haloprofundus,s__Haloprofundus sp020097815,Halobacteriota,Haloferacaceae,Metabolic enzymes
NZ_CP083664.1,NZ_CP083664.1_318,lysis,COG1292 Choline-glycine betaine transporter,p__Halobacteriota,p__Halobacteriota,c__Halobacteria,o__Halobacteriales,f__Haloferacaceae,g__Haloprofundus,s__Haloprofundus sp020097815,Halobacteriota,Haloferacaceae,Osmolyte transport
NZ_CP083664.1,NZ_CP083664.1_340,integrase,COG0582 Integrase,p__Halobacteriota,p__Halobacteriota,c__Halobacteria,o__Halobacteriales,f__Haloferacaceae,g__Haloprofundus,s__Haloprofundus sp020097815,Halobacteriota,Haloferacaceae,Integrase
NZ_CP083667.1,NZ_CP083667.1_36,lysis,COG3486 Lysine ornithine N-monooxygenase,p__Halobacteriota,p__Halobacteriota,c__Halobacteria,o__Halobacteriales,f__Haloferacaceae,g__Haloprofundus,s__Haloprofundus sp020097835,Halobacteriota,Haloferacaceae,Metabolic enzymes
NZ_CP083667.1,NZ_CP083667.1_65,virion,COG3654 Prophage maintenance system killer protein,p__Halobacteriota,p__Halobacteriota,c__Halobacteria,o__Halobacteriales,f__Haloferacaceae,g__Haloprofundus,s__Haloprofundus sp020097835,Halobacteriota,Haloferacaceae,Prophage maintenance
NZ_CP083667.1,NZ_CP083667.1_71,integrase,Integrase,p__Halobacteriota,p__Halobacteriota,c__Halobacteria,o__Halobacteriales,f__Haloferacaceae,g__Haloprofundus,s__Haloprofundus sp020097835,Halobacteriota,Haloferacaceae,Integrase
NZ_CP083667.1,NZ_CP083667.1_72,integrase,Integrase,p__Halobacteriota,p__Halobacteriota,c__Halobacteria,o__Halobacteriales,f__Haloferacaceae,g__Haloprofundus,s__Haloprofundus sp020097835,Halobacteriota,Haloferacaceae,Integrase
NZ_CP083667.1,NZ_CP083667.1_89,integrase,Phage integrase family,p__Halobacteriota,p__Halobacteriota,c__Halobacteria,o__Halobacteriales,f__Haloferacaceae,g__Haloprofundus,s__Haloprofundus sp020097835,Halobacteriota,Haloferacaceae,Integrase
NZ_CP083667.1,NZ_CP083667.1_122,virion,"Phage plasmid primase, P4",p__Halobacteriota,p__Halobacteriota,c__Halobacteria,o__Halobacteriales,f__Haloferacaceae,g__Haloprofundus,s__Haloprofundus sp020097835,Halobacteriota,Haloferacaceae,Phage replication
NZ_CP083667.1,NZ_CP083667.1_191,lysis,COG1292 Choline-glycine betaine transporter,p__Halobacteriota,p__Halobacteriota,c__Halobacteria,o__Halobacteriales,f__Haloferacaceae,g__Haloprofundus,s__Haloprofundus sp020097835,Halobacteriota,Haloferacaceae,Osmolyte transport
NZ_CP083667.1,NZ_CP083667.1_398,integrase,COG0582 Integrase,p__Halobacteriota,p__Halobacteriota,c__Halobacteria,o__Halobacteriales,f__Haloferacaceae,g__Haloprofundus,s__Haloprofundus sp020097835,Halobacteriota,Haloferacaceae,Integrase
NZ_CP083668.1,NZ_CP083668.1_6,integrase,COG0582 Integrase,p__Halobacteriota,p__Halobacteriota,c__Halobacteria,o__Halobacteriales,f__Haloferacaceae,g__Haloprofundus,s__Haloprofundus sp020097835,Halobacteriota,Haloferacaceae,Integrase
NZ_CP083668.1,NZ_CP083668.1_38,virion,"Phage plasmid primase, P4",p__Halobacteriota,p__Halobacteriota,c__Halobacteria,o__Halobacteriales,f__Haloferacaceae,g__Haloprofundus,s__Haloprofundus sp020097835,Halobacteriota,Haloferacaceae,Phage replication
NZ_CP083669.1,NZ_CP083669.1_6,integrase,COG0582 Integrase,p__Halobacteriota,p__Halobacteriota,c__Halobacteria,o__Halobacteriales,f__Haloferacaceae,g__Haloprofundus,s__Haloprofundus sp020097835,Halobacteriota,Haloferacaceae,Integrase
NZ_CP083669.1,NZ_CP083669.1_35,virion,COG3654 Prophage maintenance system killer protein,p__Halobacteriota,p__Halobacteriota,c__Halobacteria,o__Halobacteriales,f__Haloferacaceae,g__Haloprofundus,s__Haloprofundus sp020097835,Halobacteriota,Haloferacaceae,Prophage maintenance
NZ_CP084319.1,NZ_CP084319.1_131,integrase,COG0582 Integrase,p__Halobacteriota,p__Halobacteriota,c__Halobacteria,o__Halobacteriales,f__Natrialbaceae,g__Haloterrigena,s__Haloterrigena alkaliphila,Halobacteriota,Natrialbaceae,Integrase
NZ_CP084320.1,NZ_CP084320.1_33,integrase,COG0582 Integrase,p__Halobacteriota,p__Halobacteriota,c__Halobacteria,o__Halobacteriales,f__Natrialbaceae,g__Haloterrigena,s__Haloterrigena alkaliphila,Halobacteriota,Natrialbaceae,Integrase
NZ_CP084320.1,NZ_CP084320.1_35,integrase,COG0582 Integrase,p__Halobacteriota,p__Halobacteriota,c__Halobacteria,o__Halobacteriales,f__Natrialbaceae,g__Haloterrigena,s__Haloterrigena alkaliphila,Halobacteriota,Natrialbaceae,Integrase
NZ_CP084320.1,NZ_CP084320.1_102,lysis,Peptidase M10A and M12B matrixin and adamalysin,p__Halobacteriota,p__Halobacteriota,c__Halobacteria,o__Halobacteriales,f__Natrialbaceae,g__Haloterrigena,s__Haloterrigena alkaliphila,Halobacteriota,Natrialbaceae,Lysis & membrane
NZ_CP084464.1,NZ_CP084464.1_347,integrase,COG0582 Integrase,p__Halobacteriota,p__Halobacteriota,c__Halobacteria,o__Halobacteriales,f__Haloarculaceae,g__Halomicrobium,s__Halomicrobium salinisoli,Halobacteriota,Haloarculaceae,Integrase
NZ_CP084465.1,NZ_CP084465.1_65,integrase,COG0582 Integrase,p__Halobacteriota,p__Halobacteriota,c__Halobacteria,o__Halobacteriales,f__Haloarculaceae,g__Halomicrobium,s__Halomicrobium salinisoli,Halobacteriota,Haloarculaceae,Integrase
NZ_CP084467.1,NZ_CP084467.1_282,virion,COG3654 Prophage maintenance system killer protein,p__Halobacteriota,p__Halobacteriota,c__Halobacteria,o__Halobacteriales,f__Haloarculaceae,g__Halomicrobium,s__Halomicrobium salinisoli,Halobacteriota,Haloarculaceae,Prophage maintenance
NZ_CP084467.1,NZ_CP084467.1_297,virion,COG3654 Prophage maintenance system killer protein,p__Halobacteriota,p__Halobacteriota,c__Halobacteria,o__Halobacteriales,f__Haloarculaceae,g__Halomicrobium,s__Halomicrobium salinisoli,Halobacteriota,Haloarculaceae,Prophage maintenance
NZ_CP084467.1,NZ_CP084467.1_316,integrase,Integrase,p__Halobacteriota,p__Halobacteriota,c__Halobacteria,o__Halobacteriales,f__Haloarculaceae,g__Halomicrobium,s__Halomicrobium salinisoli,Halobacteriota,Haloarculaceae,Integrase
NZ_CP084467.1,NZ_CP084467.1_317,integrase,Integrase,p__Halobacteriota,p__Halobacteriota,c__Halobacteria,o__Halobacteriales,f__Haloarculaceae,g__Halomicrobium,s__Halomicrobium salinisoli,Halobacteriota,Haloarculaceae,Integrase
NZ_CP084467.1,NZ_CP084467.1_472,integrase,COG0582 Integrase,p__Halobacteriota,p__Halobacteriota,c__Halobacteria,o__Halobacteriales,f__Haloarculaceae,g__Halomicrobium,s__Halomicrobium salinisoli,Halobacteriota,Haloarculaceae,Integrase
NZ_CP084468.1,NZ_CP084468.1_6,integrase,COG0582 Integrase,p__Halobacteriota,p__Halobacteriota,c__Halobacteria,o__Halobacteriales,f__Haloarculaceae,g__Halomicrobium,s__Halomicrobium salinisoli,Halobacteriota,Haloarculaceae,Integrase
NZ_CP084468.1,NZ_CP084468.1_7,integrase,COG0582 Integrase,p__Halobacteriota,p__Halobacteriota,c__Halobacteria,o__Halobacteriales,f__Haloarculaceae,g__Halomicrobium,s__Halomicrobium salinisoli,Halobacteriota,Haloarculaceae,Integrase
NZ_CP084468.1,NZ_CP084468.1_8,integrase,COG0582 Integrase,p__Halobacteriota,p__Halobacteriota,c__Halobacteria,o__Halobacteriales,f__Haloarculaceae,g__Halomicrobium,s__Halomicrobium salinisoli,Halobacteriota,Haloarculaceae,Integrase
NZ_CP084468.1,NZ_CP084468.1_105,integrase,integrase family,p__Halobacteriota,p__Halobacteriota,c__Halobacteria,o__Halobacteriales,f__Haloarculaceae,g__Halomicrobium,s__Halomicrobium salinisoli,Halobacteriota,Haloarculaceae,Integrase
NZ_CP084470.1,NZ_CP084470.1_6,integrase,COG0582 Integrase,p__Halobacteriota,p__Halobacteriota,c__Halobacteria,o__Halobacteriales,f__Natrialbaceae,g__Natrinema,s__Natrinema salinisoli,Halobacteriota,Natrialbaceae,Integrase
NZ_CP084470.1,NZ_CP084470.1_108,integrase,Phage integrase family,p__Halobacteriota,p__Halobacteriota,c__Halobacteria,o__Halobacteriales,f__Natrialbaceae,g__Natrinema,s__Natrinema salinisoli,Halobacteriota,Natrialbaceae,Integrase
NZ_CP084470.1,NZ_CP084470.1_152,integrase,COG0582 Integrase,p__Halobacteriota,p__Halobacteriota,c__Halobacteria,o__Halobacteriales,f__Natrialbaceae,g__Natrinema,s__Natrinema salinisoli,Halobacteriota,Natrialbaceae,Integrase
NZ_CP084470.1,NZ_CP084470.1_337,integrase,Integrase,p__Halobacteriota,p__Halobacteriota,c__Halobacteria,o__Halobacteriales,f__Natrialbaceae,g__Natrinema,s__Natrinema salinisoli,Halobacteriota,Natrialbaceae,Integrase
NZ_CP084470.1,NZ_CP084470.1_354,lysis,COG1253 Hemolysins and related proteins containing CBS domains,p__Halobacteriota,p__Halobacteriota,c__Halobacteria,o__Halobacteriales,f__Natrialbaceae,g__Natrinema,s__Natrinema salinisoli,Halobacteriota,Natrialbaceae,Lysis & membrane
NZ_CP084471.1,NZ_CP084471.1_46,integrase,COG0582 Integrase,p__Halobacteriota,p__Halobacteriota,c__Halobacteria,o__Halobacteriales,f__Natrialbaceae,g__Natrinema,s__Natrinema salinisoli,Halobacteriota,Natrialbaceae,Integrase
NZ_CP084471.1,NZ_CP084471.1_76,integrase,integrase family,p__Halobacteriota,p__Halobacteriota,c__Halobacteria,o__Halobacteriales,f__Natrialbaceae,g__Natrinema,s__Natrinema salinisoli,Halobacteriota,Natrialbaceae,Integrase
NZ_CP084473.1,NZ_CP084473.1_70,virion,"Phage plasmid primase, P4",p__Halobacteriota,p__Halobacteriota,c__Halobacteria,o__Halobacteriales,f__Natrialbaceae,g__Natrinema,s__Natrinema sp020405225,Halobacteriota,Natrialbaceae,Phage replication
NZ_CP084473.1,NZ_CP084473.1_71,virion,"Phage plasmid primase, P4",p__Halobacteriota,p__Halobacteriota,c__Halobacteria,o__Halobacteriales,f__Natrialbaceae,g__Natrinema,s__Natrinema sp020405225,Halobacteriota,Natrialbaceae,Phage replication
NZ_CP084473.1,NZ_CP084473.1_93,lysis,COG1253 Hemolysins and related proteins containing CBS domains,p__Halobacteriota,p__Halobacteriota,c__Halobacteria,o__Halobacteriales,f__Natrialbaceae,g__Natrinema,s__Natrinema sp020405225,Halobacteriota,Natrialbaceae,Lysis & membrane
NZ_CP084473.1,NZ_CP084473.1_126,virion,COG3654 Prophage maintenance system killer protein,p__Halobacteriota,p__Halobacteriota,c__Halobacteria,o__Halobacteriales,f__Natrialbaceae,g__Natrinema,s__Natrinema sp020405225,Halobacteriota,Natrialbaceae,Prophage maintenance
NZ_CP084473.1,NZ_CP084473.1_148,integrase,integrase family,p__Halobacteriota,p__Halobacteriota,c__Halobacteria,o__Halobacteriales,f__Natrialbaceae,g__Natrinema,s__Natrinema sp020405225,Halobacteriota,Natrialbaceae,Integrase
NZ_CP084473.1,NZ_CP084473.1_168,integrase,Phage integrase family,p__Halobacteriota,p__Halobacteriota,c__Halobacteria,o__Halobacteriales,f__Natrialbaceae,g__Natrinema,s__Natrinema sp020405225,Halobacteriota,Natrialbaceae,Integrase
NZ_CP084473.1,NZ_CP084473.1_215,lysis,COG1253 Hemolysins and related proteins containing CBS domains,p__Halobacteriota,p__Halobacteriota,c__Halobacteria,o__Halobacteriales,f__Natrialbaceae,g__Natrinema,s__Natrinema sp020405225,Halobacteriota,Natrialbaceae,Lysis & membrane
NZ_CP084473.1,NZ_CP084473.1_280,integrase,COG0582 Integrase,p__Halobacteriota,p__Halobacteriota,c__Halobacteria,o__Halobacteriales,f__Natrialbaceae,g__Natrinema,s__Natrinema sp020405225,Halobacteriota,Natrialbaceae,Integrase
NZ_CP084473.1,NZ_CP084473.1_334,integrase,COG0582 Integrase,p__Halobacteriota,p__Halobacteriota,c__Halobacteria,o__Halobacteriales,f__Natrialbaceae,g__Natrinema,s__Natrinema sp020405225,Halobacteriota,Natrialbaceae,Integrase
NZ_CP084473.1,NZ_CP084473.1_335,integrase,COG0582 Integrase,p__Halobacteriota,p__Halobacteriota,c__Halobacteria,o__Halobacteriales,f__Natrialbaceae,g__Natrinema,s__Natrinema sp020405225,Halobacteriota,Natrialbaceae,Integrase
NZ_CP084473.1,NZ_CP084473.1_356,virion,"Phage plasmid primase, P4",p__Halobacteriota,p__Halobacteriota,c__Halobacteria,o__Halobacteriales,f__Natrialbaceae,g__Natrinema,s__Natrinema sp020405225,Halobacteriota,Natrialbaceae,Phage replication
NZ_CP084473.1,NZ_CP084473.1_366,lysis,COG1253 Hemolysins and related proteins containing CBS domains,p__Halobacteriota,p__Halobacteriota,c__Halobacteria,o__Halobacteriales,f__Natrialbaceae,g__Natrinema,s__Natrinema sp020405225,Halobacteriota,Natrialbaceae,Lysis & membrane
NZ_CP084474.1,NZ_CP084474.1_76,integrase,COG0582 Integrase,p__Halobacteriota,p__Halobacteriota,c__Halobacteria,o__Halobacteriales,f__Natrialbaceae,g__Natrinema,s__Natrinema sp020405225,Halobacteriota,Natrialbaceae,Integrase
NZ_CP084474.1,NZ_CP084474.1_230,integrase,COG0582 Integrase,p__Halobacteriota,p__Halobacteriota,c__Halobacteria,o__Halobacteriales,f__Natrialbaceae,g__Natrinema,s__Natrinema sp020405225,Halobacteriota,Natrialbaceae,Integrase
NZ_CP084474.1,NZ_CP084474.1_301,lysis,COG1253 Hemolysins and related proteins containing CBS domains,p__Halobacteriota,p__Halobacteriota,c__Halobacteria,o__Halobacteriales,f__Natrialbaceae,g__Natrinema,s__Natrinema sp020405225,Halobacteriota,Natrialbaceae,Lysis & membrane
NZ_CP084474.1,NZ_CP084474.1_333,virion,"Phage plasmid primase, P4",p__Halobacteriota,p__Halobacteriota,c__Halobacteria,o__Halobacteriales,f__Natrialbaceae,g__Natrinema,s__Natrinema sp020405225,Halobacteriota,Natrialbaceae,Phage replication
NZ_CP084474.1,NZ_CP084474.1_379,integrase,COG0582 Integrase,p__Halobacteriota,p__Halobacteriota,c__Halobacteria,o__Halobacteriales,f__Natrialbaceae,g__Natrinema,s__Natrinema sp020405225,Halobacteriota,Natrialbaceae,Integrase
NZ_CP084475.1,NZ_CP084475.1_6,integrase,COG0582 Integrase,p__Halobacteriota,p__Halobacteriota,c__Halobacteria,o__Halobacteriales,f__Natrialbaceae,g__Natrinema,s__Natrinema sp020405225,Halobacteriota,Natrialbaceae,Integrase
NZ_CP084475.1,NZ_CP084475.1_66,virion,"Phage plasmid primase, P4",p__Halobacteriota,p__Halobacteriota,c__Halobacteria,o__Halobacteriales,f__Natrialbaceae,g__Natrinema,s__Natrinema sp020405225,Halobacteriota,Natrialbaceae,Phage replication
NZ_CP084475.1,NZ_CP084475.1_84,lysis,COG1253 Hemolysins and related proteins containing CBS domains,p__Halobacteriota,p__Halobacteriota,c__Halobacteria,o__Halobacteriales,f__Natrialbaceae,g__Natrinema,s__Natrinema sp020405225,Halobacteriota,Natrialbaceae,Lysis & membrane
NZ_CP084475.1,NZ_CP084475.1_187,integrase,Phage integrase family,p__Halobacteriota,p__Halobacteriota,c__Halobacteria,o__Halobacteriales,f__Natrialbaceae,g__Natrinema,s__Natrinema sp020405225,Halobacteriota,Natrialbaceae,Integrase
NZ_CP084476.1,NZ_CP084476.1_42,integrase,COG0582 Integrase,p__Halobacteriota,p__Halobacteriota,c__Halobacteria,o__Halobacteriales,f__Natrialbaceae,g__Natrinema,s__Natrinema sp020405225,Halobacteriota,Natrialbaceae,Integrase
NZ_CP084476.1,NZ_CP084476.1_69,integrase,Phage integrase family,p__Halobacteriota,p__Halobacteriota,c__Halobacteria,o__Halobacteriales,f__Natrialbaceae,g__Natrinema,s__Natrinema sp020405225,Halobacteriota,Natrialbaceae,Integrase
NZ_CP084477.1,NZ_CP084477.1_24,virion,Putative phage serine protease XkdF,p__Halobacteriota,p__Halobacteriota,c__Halobacteria,o__Halobacteriales,f__Natrialbaceae,g__Natrinema,s__Natrinema sp020405225,Halobacteriota,Natrialbaceae,Lysis & membrane
NZ_CP084477.1,NZ_CP084477.1_27,packaging,Phage portal protein,p__Halobacteriota,p__Halobacteriota,c__Halobacteria,o__Halobacteriales,f__Natrialbaceae,g__Natrinema,s__Natrinema sp020405225,Halobacteriota,Natrialbaceae,DNA packaging
NZ_CP084477.1,NZ_CP084477.1_29,packaging,chromosome segregation,p__Halobacteriota,p__Halobacteriota,c__Halobacteria,o__Halobacteriales,f__Natrialbaceae,g__Natrinema,s__Natrinema sp020405225,Halobacteriota,Natrialbaceae,DNA packaging
NZ_CP084477.1,NZ_CP084477.1_49,integrase,Phage integrase family,p__Halobacteriota,p__Halobacteriota,c__Halobacteria,o__Halobacteriales,f__Natrialbaceae,g__Natrinema,s__Natrinema sp020405225,Halobacteriota,Natrialbaceae,Integrase
NZ_CP084478.1,NZ_CP084478.1_6,integrase,Phage integrase family,p__Halobacteriota,p__Halobacteriota,c__Halobacteria,o__Halobacteriales,f__Natrialbaceae,g__Natrinema,s__Natrinema sp020405225,Halobacteriota,Natrialbaceae,Integrase
NZ_CP084478.1,NZ_CP084478.1_9,integrase,Phage integrase family,p__Halobacteriota,p__Halobacteriota,c__Halobacteria,o__Halobacteriales,f__Natrialbaceae,g__Natrinema,s__Natrinema sp020405225,Halobacteriota,Natrialbaceae,Integrase
NZ_CP084478.1,NZ_CP084478.1_24,lysis,Peptidase M10A and M12B matrixin and adamalysin,p__Halobacteriota,p__Halobacteriota,c__Halobacteria,o__Halobacteriales,f__Natrialbaceae,g__Natrinema,s__Natrinema sp020405225,Halobacteriota,Natrialbaceae,Lysis & membrane
NZ_CP084478.1,NZ_CP084478.1_53,integrase,integrase family,p__Halobacteriota,p__Halobacteriota,c__Halobacteria,o__Halobacteriales,f__Natrialbaceae,g__Natrinema,s__Natrinema sp020405225,Halobacteriota,Natrialbaceae,Integrase
NZ_CP084880.1,NZ_CP084880.1_165,integrase,COG0582 Integrase,p__Halobacteriota,p__Halobacteriota,c__Halobacteria,o__Halobacteriales,f__Natrialbaceae,g__Natrinema,s__Natrinema halophilum,Halobacteriota,Natrialbaceae,Integrase
NZ_CP084880.1,NZ_CP084880.1_298,integrase,COG0582 Integrase,p__Halobacteriota,p__Halobacteriota,c__Halobacteria,o__Halobacteriales,f__Natrialbaceae,g__Natrinema,s__Natrinema halophilum,Halobacteriota,Natrialbaceae,Integrase
NZ_CP084880.1,NZ_CP084880.1_440,integrase,COG0582 Integrase,p__Halobacteriota,p__Halobacteriota,c__Halobacteria,o__Halobacteriales,f__Natrialbaceae,g__Natrinema,s__Natrinema halophilum,Halobacteriota,Natrialbaceae,Integrase
NZ_CP084881.1,NZ_CP084881.1_26,virion,Putative phage serine protease XkdF,p__Halobacteriota,p__Halobacteriota,c__Halobacteria,o__Halobacteriales,f__Natrialbaceae,g__Natrinema,s__Natrinema halophilum,Halobacteriota,Natrialbaceae,Lysis & membrane
NZ_CP084881.1,NZ_CP084881.1_29,packaging,Phage portal protein,p__Halobacteriota,p__Halobacteriota,c__Halobacteria,o__Halobacteriales,f__Natrialbaceae,g__Natrinema,s__Natrinema halophilum,Halobacteriota,Natrialbaceae,DNA packaging
NZ_CP084881.1,NZ_CP084881.1_32,packaging,chromosome segregation,p__Halobacteriota,p__Halobacteriota,c__Halobacteria,o__Halobacteriales,f__Natrialbaceae,g__Natrinema,s__Natrinema halophilum,Halobacteriota,Natrialbaceae,DNA packaging
NZ_CP084881.1,NZ_CP084881.1_87,virion,COG4422 Bacteriophage protein gp37,p__Halobacteriota,p__Halobacteriota,c__Halobacteria,o__Halobacteriales,f__Natrialbaceae,g__Natrinema,s__Natrinema halophilum,Halobacteriota,Natrialbaceae,Tail & baseplate
NZ_CP084882.1,NZ_CP084882.1_73,integrase,COG0582 Integrase,p__Halobacteriota,p__Halobacteriota,c__Halobacteria,o__Halobacteriales,f__Natrialbaceae,g__Natrinema,s__Natrinema sp013456555,Halobacteriota,Natrialbaceae,Integrase
NZ_CP084882.1,NZ_CP084882.1_90,integrase,COG0582 Integrase,p__Halobacteriota,p__Halobacteriota,c__Halobacteria,o__Halobacteriales,f__Natrialbaceae,g__Natrinema,s__Natrinema sp013456555,Halobacteriota,Natrialbaceae,Integrase
NZ_CP084882.1,NZ_CP084882.1_320,integrase,COG0582 Integrase,p__Halobacteriota,p__Halobacteriota,c__Halobacteria,o__Halobacteriales,f__Natrialbaceae,g__Natrinema,s__Natrinema sp013456555,Halobacteriota,Natrialbaceae,Integrase
NZ_CP084882.1,NZ_CP084882.1_342,lysis,COG1292 Choline-glycine betaine transporter,p__Halobacteriota,p__Halobacteriota,c__Halobacteria,o__Halobacteriales,f__Natrialbaceae,g__Natrinema,s__Natrinema sp013456555,Halobacteriota,Natrialbaceae,Osmolyte transport
NZ_CP084882.1,NZ_CP084882.1_397,integrase,COG0582 Integrase,p__Halobacteriota,p__Halobacteriota,c__Halobacteria,o__Halobacteriales,f__Natrialbaceae,g__Natrinema,s__Natrinema sp013456555,Halobacteriota,Natrialbaceae,Integrase
NZ_CP084882.1,NZ_CP084882.1_404,lysis,"Facilitates the functional incorporation of the urease nickel metallocenter. This process requires GTP hydrolysis, probably effectuated by UreG",p__Halobacteriota,p__Halobacteriota,c__Halobacteria,o__Halobacteriales,f__Natrialbaceae,g__Natrinema,s__Natrinema sp013456555,Halobacteriota,Natrialbaceae,Metabolic enzymes
NZ_CP084882.1,NZ_CP084882.1_544,integrase,Site-specific recombinase XerD,p__Halobacteriota,p__Halobacteriota,c__Halobacteria,o__Halobacteriales,f__Natrialbaceae,g__Natrinema,s__Natrinema sp013456555,Halobacteriota,Natrialbaceae,Integrase
NZ_CP084882.1,NZ_CP084882.1_584,integrase,integrase family,p__Halobacteriota,p__Halobacteriota,c__Halobacteria,o__Halobacteriales,f__Natrialbaceae,g__Natrinema,s__Natrinema sp013456555,Halobacteriota,Natrialbaceae,Integrase
NZ_CP084883.1,NZ_CP084883.1_24,lysis,COG1253 Hemolysins and related proteins containing CBS domains,p__Halobacteriota,p__Halobacteriota,c__Halobacteria,o__Halobacteriales,f__Natrialbaceae,g__Natrinema,s__Natrinema sp013456555,Halobacteriota,Natrialbaceae,Lysis & membrane
NZ_CP084883.1,NZ_CP084883.1_39,lysis,COG1292 Choline-glycine betaine transporter,p__Halobacteriota,p__Halobacteriota,c__Halobacteria,o__Halobacteriales,f__Natrialbaceae,g__Natrinema,s__Natrinema sp013456555,Halobacteriota,Natrialbaceae,Osmolyte transport
NZ_CP084883.1,NZ_CP084883.1_127,integrase,"COG1961 Site-specific recombinases, DNA invertase Pin homologs",p__Halobacteriota,p__Halobacteriota,c__Halobacteria,o__Halobacteriales,f__Natrialbaceae,g__Natrinema,s__Natrinema sp013456555,Halobacteriota,Natrialbaceae,Integrase
NZ_CP084883.1,NZ_CP084883.1_128,integrase,"COG1961 Site-specific recombinases, DNA invertase Pin homologs",p__Halobacteriota,p__Halobacteriota,c__Halobacteria,o__Halobacteriales,f__Natrialbaceae,g__Natrinema,s__Natrinema sp013456555,Halobacteriota,Natrialbaceae,Integrase
NZ_CP084883.1,NZ_CP084883.1_232,integrase,COG0582 Integrase,p__Halobacteriota,p__Halobacteriota,c__Halobacteria,o__Halobacteriales,f__Natrialbaceae,g__Natrinema,s__Natrinema sp013456555,Halobacteriota,Natrialbaceae,Integrase
NZ_CP084883.1,NZ_CP084883.1_259,integrase,COG0582 Integrase,p__Halobacteriota,p__Halobacteriota,c__Halobacteria,o__Halobacteriales,f__Natrialbaceae,g__Natrinema,s__Natrinema sp013456555,Halobacteriota,Natrialbaceae,Integrase
NZ_CP084883.1,NZ_CP084883.1_283,lysis,"Facilitates the functional incorporation of the urease nickel metallocenter. This process requires GTP hydrolysis, probably effectuated by UreG",p__Halobacteriota,p__Halobacteriota,c__Halobacteria,o__Halobacteriales,f__Natrialbaceae,g__Natrinema,s__Natrinema sp013456555,Halobacteriota,Natrialbaceae,Metabolic enzymes
NZ_CP084883.1,NZ_CP084883.1_405,integrase,COG0582 Integrase,p__Halobacteriota,p__Halobacteriota,c__Halobacteria,o__Halobacteriales,f__Natrialbaceae,g__Natrinema,s__Natrinema sp013456555,Halobacteriota,Natrialbaceae,Integrase
NZ_CP084884.1,NZ_CP084884.1_54,integrase,COG0582 Integrase,p__Halobacteriota,p__Halobacteriota,c__Halobacteria,o__Halobacteriales,f__Natrialbaceae,g__Natrinema,s__Natrinema sp013456555,Halobacteriota,Natrialbaceae,Integrase
NZ_CP084884.1,NZ_CP084884.1_362,integrase,COG0582 Integrase,p__Halobacteriota,p__Halobacteriota,c__Halobacteria,o__Halobacteriales,f__Natrialbaceae,g__Natrinema,s__Natrinema sp013456555,Halobacteriota,Natrialbaceae,Integrase
NZ_CP084885.1,NZ_CP084885.1_7,integrase,COG0582 Integrase,p__Halobacteriota,p__Halobacteriota,c__Halobacteria,o__Halobacteriales,f__Natrialbaceae,g__Natrinema,s__Natrinema sp013456555,Halobacteriota,Natrialbaceae,Integrase
NZ_CP084885.1,NZ_CP084885.1_88,integrase,"Site-specific tyrosine recombinase, which acts by catalyzing the cutting and rejoining of the recombining DNA molecules",p__Halobacteriota,p__Halobacteriota,c__Halobacteria,o__Halobacteriales,f__Natrialbaceae,g__Natrinema,s__Natrinema sp013456555,Halobacteriota,Natrialbaceae,Integrase
NZ_CP084885.1,NZ_CP084885.1_142,integrase,COG0582 Integrase,p__Halobacteriota,p__Halobacteriota,c__Halobacteria,o__Halobacteriales,f__Natrialbaceae,g__Natrinema,s__Natrinema sp013456555,Halobacteriota,Natrialbaceae,Integrase
NZ_CP084885.1,NZ_CP084885.1_143,integrase,COG0582 Integrase,p__Halobacteriota,p__Halobacteriota,c__Halobacteria,o__Halobacteriales,f__Natrialbaceae,g__Natrinema,s__Natrinema sp013456555,Halobacteriota,Natrialbaceae,Integrase
NZ_CP084885.1,NZ_CP084885.1_177,virion,COG3654 Prophage maintenance system killer protein,p__Halobacteriota,p__Halobacteriota,c__Halobacteria,o__Halobacteriales,f__Natrialbaceae,g__Natrinema,s__Natrinema sp013456555,Halobacteriota,Natrialbaceae,Prophage maintenance
NZ_CP085325.1,NZ_CP085325.1_148,integrase,COG0582 Integrase,p__Halobacteriota,p__Halobacteriota,c__Halobacteria,o__Halobacteriales,f__Halobacteriaceae,g__Salarchaeum,s__Salarchaeum japonicum,Halobacteriota,Halobacteriaceae,Integrase
NZ_CP085883.1,NZ_CP085883.1_29,lysis,COG3486 Lysine ornithine N-monooxygenase,p__Halobacteriota,p__Halobacteriota,c__Halobacteria,o__Halobacteriales,f__Halobacteriaceae,g__Halobacterium,s__Halobacterium salinarum,Halobacteriota,Halobacteriaceae,Metabolic enzymes
NZ_CP085883.1,NZ_CP085883.1_93,lysis,COG1253 Hemolysins and related proteins containing CBS domains,p__Halobacteriota,p__Halobacteriota,c__Halobacteria,o__Halobacteriales,f__Halobacteriaceae,g__Halobacterium,s__Halobacterium salinarum,Halobacteriota,Halobacteriaceae,Lysis & membrane
NZ_CP085883.1,NZ_CP085883.1_109,integrase,COG0582 Integrase,p__Halobacteriota,p__Halobacteriota,c__Halobacteria,o__Halobacteriales,f__Halobacteriaceae,g__Halobacterium,s__Halobacterium salinarum,Halobacteriota,Halobacteriaceae,Integrase
NZ_CP085883.1,NZ_CP085883.1_163,integrase,COG0582 Integrase,p__Halobacteriota,p__Halobacteriota,c__Halobacteria,o__Halobacteriales,f__Halobacteriaceae,g__Halobacterium,s__Halobacterium salinarum,Halobacteriota,Halobacteriaceae,Integrase
NZ_CP085883.1,NZ_CP085883.1_235,lysis,"Part of the high-affinity ATP-driven potassium transport (or Kdp) system, which catalyzes the hydrolysis of ATP coupled with the electrogenic transport of potassium into the cytoplasm. This subunit binds and transports the potassium across the cytoplasmic membrane",p__Halobacteriota,p__Halobacteriota,c__Halobacteria,o__Halobacteriales,f__Halobacteriaceae,g__Halobacterium,s__Halobacterium salinarum,Halobacteriota,Halobacteriaceae,Metabolic enzymes
NZ_CP085883.1,NZ_CP085883.1_236,lysis,"Part of the high-affinity ATP-driven potassium transport (or Kdp) system, which catalyzes the hydrolysis of ATP coupled with the electrogenic transport of potassium into the cytoplasm. This subunit is responsible for energy coupling to the transport system",p__Halobacteriota,p__Halobacteriota,c__Halobacteria,o__Halobacteriales,f__Halobacteriaceae,g__Halobacterium,s__Halobacterium salinarum,Halobacteriota,Halobacteriaceae,Metabolic enzymes
NZ_CP085883.1,NZ_CP085883.1_237,lysis,"Part of the high-affinity ATP-driven potassium transport (or Kdp) system, which catalyzes the hydrolysis of ATP coupled with the electrogenic transport of potassium into the cytoplasm. This subunit acts as a catalytic chaperone that increases the ATP- binding affinity of the ATP-hydrolyzing subunit KdpB by the formation of a transient KdpB KdpC ATP ternary complex",p__Halobacteriota,p__Halobacteriota,c__Halobacteria,o__Halobacteriales,f__Halobacteriaceae,g__Halobacterium,s__Halobacterium salinarum,Halobacteriota,Halobacteriaceae,Metabolic enzymes
NZ_CP085884.1,NZ_CP085884.1_19,integrase,integrase family,p__Halobacteriota,p__Halobacteriota,c__Halobacteria,o__Halobacteriales,f__Halobacteriaceae,g__Halobacterium,s__Halobacterium salinarum,Halobacteriota,Halobacteriaceae,Integrase
NZ_CP085884.1,NZ_CP085884.1_30,integrase,COG0582 Integrase,p__Halobacteriota,p__Halobacteriota,c__Halobacteria,o__Halobacteriales,f__Halobacteriaceae,g__Halobacterium,s__Halobacterium salinarum,Halobacteriota,Halobacteriaceae,Integrase
NZ_CP087722.1,NZ_CP087722.1_17,integrase,COG0582 Integrase,p__Halobacteriota,p__Halobacteriota,c__Halobacteria,o__Halobacteriales,f__Haloferacaceae,g__Halalkaliarchaeum,s__Halalkaliarchaeum sp024972735,Halobacteriota,Haloferacaceae,Integrase
NZ_CP087722.1,NZ_CP087722.1_126,integrase,Phage integrase family,p__Halobacteriota,p__Halobacteriota,c__Halobacteria,o__Halobacteriales,f__Haloferacaceae,g__Halalkaliarchaeum,s__Halalkaliarchaeum sp024972735,Halobacteriota,Haloferacaceae,Integrase
NZ_CP087722.1,NZ_CP087722.1_127,integrase,Phage integrase family,p__Halobacteriota,p__Halobacteriota,c__Halobacteria,o__Halobacteriales,f__Haloferacaceae,g__Halalkaliarchaeum,s__Halalkaliarchaeum sp024972735,Halobacteriota,Haloferacaceae,Integrase
NZ_CP087725.1,NZ_CP087725.1_17,integrase,COG0582 Integrase,p__Halobacteriota,p__Halobacteriota,c__Halobacteria,o__Halobacteriales,f__Halobacteriaceae,g__Halanaeroarchaeum,s__Halanaeroarchaeum sp024972755,Halobacteriota,Halobacteriaceae,Integrase
NZ_CP089469.1,NZ_CP089469.1_3,integrase,COG0582 Integrase,p__Halobacteriota,p__Halobacteriota,c__Halobacteria,o__Halobacteriales,f__Halobacteriaceae,g__Halobacterium,s__Halobacterium noricense,Halobacteriota,Halobacteriaceae,Integrase
NZ_CP089469.1,NZ_CP089469.1_64,integrase,COG0582 Integrase,p__Halobacteriota,p__Halobacteriota,c__Halobacteria,o__Halobacteriales,f__Halobacteriaceae,g__Halobacterium,s__Halobacterium noricense,Halobacteriota,Halobacteriaceae,Integrase
NZ_CP089469.1,NZ_CP089469.1_66,integrase,COG0582 Integrase,p__Halobacteriota,p__Halobacteriota,c__Halobacteria,o__Halobacteriales,f__Halobacteriaceae,g__Halobacterium,s__Halobacterium noricense,Halobacteriota,Halobacteriaceae,Integrase
NZ_CP089469.1,NZ_CP089469.1_123,integrase,COG0582 Integrase,p__Halobacteriota,p__Halobacteriota,c__Halobacteria,o__Halobacteriales,f__Halobacteriaceae,g__Halobacterium,s__Halobacterium noricense,Halobacteriota,Halobacteriaceae,Integrase
NZ_CP089469.1,NZ_CP089469.1_126,lysis,COG1253 Hemolysins and related proteins containing CBS domains,p__Halobacteriota,p__Halobacteriota,c__Halobacteria,o__Halobacteriales,f__Halobacteriaceae,g__Halobacterium,s__Halobacterium noricense,Halobacteriota,Halobacteriaceae,Lysis & membrane
NZ_CP089469.1,NZ_CP089469.1_166,integrase,COG0582 Integrase,p__Halobacteriota,p__Halobacteriota,c__Halobacteria,o__Halobacteriales,f__Halobacteriaceae,g__Halobacterium,s__Halobacterium noricense,Halobacteriota,Halobacteriaceae,Integrase
NZ_CP089469.1,NZ_CP089469.1_213,integrase,COG0582 Integrase,p__Halobacteriota,p__Halobacteriota,c__Halobacteria,o__Halobacteriales,f__Halobacteriaceae,g__Halobacterium,s__Halobacterium noricense,Halobacteriota,Halobacteriaceae,Integrase
NZ_CP089469.1,NZ_CP089469.1_214,integrase,COG0582 Integrase,p__Halobacteriota,p__Halobacteriota,c__Halobacteria,o__Halobacteriales,f__Halobacteriaceae,g__Halobacterium,s__Halobacterium noricense,Halobacteriota,Halobacteriaceae,Integrase
NZ_CP089469.1,NZ_CP089469.1_236,integrase,COG0582 Integrase,p__Halobacteriota,p__Halobacteriota,c__Halobacteria,o__Halobacteriales,f__Halobacteriaceae,g__Halobacterium,s__Halobacterium noricense,Halobacteriota,Halobacteriaceae,Integrase
NZ_CP089469.1,NZ_CP089469.1_238,integrase,COG0582 Integrase,p__Halobacteriota,p__Halobacteriota,c__Halobacteria,o__Halobacteriales,f__Halobacteriaceae,g__Halobacterium,s__Halobacterium noricense,Halobacteriota,Halobacteriaceae,Integrase
NZ_CP089469.1,NZ_CP089469.1_276,lysis,COG1732 Periplasmic glycine betaine choline-binding (lipo)protein of an ABC-type transport system (osmoprotectant binding protein),p__Halobacteriota,p__Halobacteriota,c__Halobacteria,o__Halobacteriales,f__Halobacteriaceae,g__Halobacterium,s__Halobacterium noricense,Halobacteriota,Halobacteriaceae,Osmolyte transport
NZ_CP089470.1,NZ_CP089470.1_66,integrase,COG0582 Integrase,p__Halobacteriota,p__Halobacteriota,c__Halobacteria,o__Halobacteriales,f__Halobacteriaceae,g__Halobacterium,s__Halobacterium noricense,Halobacteriota,Halobacteriaceae,Integrase
NZ_CP089594.1,NZ_CP089594.1_119,integrase,COG0582 Integrase,p__Halobacteriota,p__Halobacteriota,c__Halobacteria,o__Halobacteriales,f__Halobacteriaceae,g__Halobacterium,s__Halobacterium sp021249405,Halobacteriota,Halobacteriaceae,Integrase
NZ_CP089595.1,NZ_CP089595.1_3,integrase,COG0582 Integrase,p__Halobacteriota,p__Halobacteriota,c__Halobacteria,o__Halobacteriales,f__Halobacteriaceae,g__Halobacterium,s__Halobacterium sp021249405,Halobacteriota,Halobacteriaceae,Integrase
NZ_CP089595.1,NZ_CP089595.1_6,lysis,Catalyzes the hydrolysis of the adenine ring of phosphoribosyl-AMP,p__Halobacteriota,p__Halobacteriota,c__Halobacteria,o__Halobacteriales,f__Halobacteriaceae,g__Halobacterium,s__Halobacterium sp021249405,Halobacteriota,Halobacteriaceae,Metabolic enzymes
NZ_CP089595.1,NZ_CP089595.1_60,virion,"Phage plasmid primase, P4",p__Halobacteriota,p__Halobacteriota,c__Halobacteria,o__Halobacteriales,f__Halobacteriaceae,g__Halobacterium,s__Halobacterium sp021249405,Halobacteriota,Halobacteriaceae,Phage replication
NZ_CP090372.1,NZ_CP090372.1_22,lysis,COG2303 Choline dehydrogenase and related flavoproteins,p__Halobacteriota,p__Halobacteriota,c__Halobacteria,o__Halobacteriales,f__Haloferacaceae,g__Halobaculum,s__Halobaculum sp021431925,Halobacteriota,Haloferacaceae,Osmolyte transport
NZ_CP090372.1,NZ_CP090372.1_176,integrase,COG0582 Integrase,p__Halobacteriota,p__Halobacteriota,c__Halobacteria,o__Halobacteriales,f__Haloferacaceae,g__Halobaculum,s__Halobaculum sp021431925,Halobacteriota,Haloferacaceae,Integrase
NZ_CP090372.1,NZ_CP090372.1_211,lysis,COG1253 Hemolysins and related proteins containing CBS domains,p__Halobacteriota,p__Halobacteriota,c__Halobacteria,o__Halobacteriales,f__Haloferacaceae,g__Halobaculum,s__Halobaculum sp021431925,Halobacteriota,Haloferacaceae,Lysis & membrane
NZ_CP090372.1,NZ_CP090372.1_226,lysis,COG1292 Choline-glycine betaine transporter,p__Halobacteriota,p__Halobacteriota,c__Halobacteria,o__Halobacteriales,f__Haloferacaceae,g__Halobaculum,s__Halobaculum sp021431925,Halobacteriota,Haloferacaceae,Osmolyte transport
NZ_CP090373.1,NZ_CP090373.1_7,virion,"Phage plasmid primase, P4",p__Halobacteriota,p__Halobacteriota,c__Halobacteria,o__Halobacteriales,f__Haloferacaceae,g__Halobaculum,s__Halobaculum sp021431925,Halobacteriota,Haloferacaceae,Phage replication
NZ_CP090373.1,NZ_CP090373.1_74,integrase,Phage integrase family,p__Halobacteriota,p__Halobacteriota,c__Halobacteria,o__Halobacteriales,f__Haloferacaceae,g__Halobaculum,s__Halobaculum sp021431925,Halobacteriota,Haloferacaceae,Integrase
NZ_CP090373.1,NZ_CP090373.1_85,integrase,COG0582 Integrase,p__Halobacteriota,p__Halobacteriota,c__Halobacteria,o__Halobacteriales,f__Haloferacaceae,g__Halobaculum,s__Halobaculum sp021431925,Halobacteriota,Haloferacaceae,Integrase
NZ_CP095006.1,NZ_CP095006.1_48,integrase,COG0582 Integrase,p__Halobacteriota,p__Halobacteriota,c__Halobacteria,o__Halobacteriales,f__Halococcaceae,g__Halococcus,s__Halococcus morrhuae,Halobacteriota,Halococcaceae,Integrase
NZ_CP095006.1,NZ_CP095006.1_373,integrase,COG0582 Integrase,p__Halobacteriota,p__Halobacteriota,c__Halobacteria,o__Halobacteriales,f__Halococcaceae,g__Halococcus,s__Halococcus morrhuae,Halobacteriota,Halococcaceae,Integrase
NZ_CP095007.1,NZ_CP095007.1_74,lysis,Catalyzes the release of L-lysine from LysW -gamma-L- lysine and the release of L-ornithine from LysW -L-ornithine,p__Halobacteriota,p__Halobacteriota,c__Halobacteria,o__Halobacteriales,f__Halococcaceae,g__Halococcus,s__Halococcus morrhuae,Halobacteriota,Halococcaceae,Metabolic enzymes
NZ_CP095007.1,NZ_CP095007.1_100,integrase,Integrase,p__Halobacteriota,p__Halobacteriota,c__Halobacteria,o__Halobacteriales,f__Halococcaceae,g__Halococcus,s__Halococcus morrhuae,Halobacteriota,Halococcaceae,Integrase
NZ_CP095007.1,NZ_CP095007.1_142,virion,COG3654 Prophage maintenance system killer protein,p__Halobacteriota,p__Halobacteriota,c__Halobacteria,o__Halobacteriales,f__Halococcaceae,g__Halococcus,s__Halococcus morrhuae,Halobacteriota,Halococcaceae,Prophage maintenance
NZ_CP095007.1,NZ_CP095007.1_181,integrase,COG0582 Integrase,p__Halobacteriota,p__Halobacteriota,c__Halobacteria,o__Halobacteriales,f__Halococcaceae,g__Halococcus,s__Halococcus morrhuae,Halobacteriota,Halococcaceae,Integrase
NZ_CP095007.1,NZ_CP095007.1_225,lysis,"Catalyzes the hydrolysis of 1,4-dihydroxy-2-naphthoyl- CoA (DHNA-CoA) to 1,4-dihydroxy-2-naphthoate (DHNA), a reaction involved in phylloquinone (vitamin K1) biosynthesis",p__Halobacteriota,p__Halobacteriota,c__Halobacteria,o__Halobacteriales,f__Halococcaceae,g__Halococcus,s__Halococcus morrhuae,Halobacteriota,Halococcaceae,Metabolic enzymes
NZ_CP095009.1,NZ_CP095009.1_45,integrase,COG0582 Integrase,p__Halobacteriota,p__Halobacteriota,c__Halobacteria,o__Halobacteriales,f__Halococcaceae,g__Halococcus,s__Halococcus morrhuae,Halobacteriota,Halococcaceae,Integrase
NZ_CP095009.1,NZ_CP095009.1_47,integrase,COG0582 Integrase,p__Halobacteriota,p__Halobacteriota,c__Halobacteria,o__Halobacteriales,f__Halococcaceae,g__Halococcus,s__Halococcus morrhuae,Halobacteriota,Halococcaceae,Integrase
NZ_CP095009.1,NZ_CP095009.1_89,integrase,COG0582 Integrase,p__Halobacteriota,p__Halobacteriota,c__Halobacteria,o__Halobacteriales,f__Halococcaceae,g__Halococcus,s__Halococcus morrhuae,Halobacteriota,Halococcaceae,Integrase
NZ_CP095009.1,NZ_CP095009.1_233,integrase,COG0582 Integrase,p__Halobacteriota,p__Halobacteriota,c__Halobacteria,o__Halobacteriales,f__Halococcaceae,g__Halococcus,s__Halococcus morrhuae,Halobacteriota,Halococcaceae,Integrase
NZ_CP095009.1,NZ_CP095009.1_356,lysis,COG1253 Hemolysins and related proteins containing CBS domains,p__Halobacteriota,p__Halobacteriota,c__Halobacteria,o__Halobacteriales,f__Halococcaceae,g__Halococcus,s__Halococcus morrhuae,Halobacteriota,Halococcaceae,Lysis & membrane
NZ_CP095009.1,NZ_CP095009.1_357,lysis,COG1253 Hemolysins and related proteins containing CBS domains,p__Halobacteriota,p__Halobacteriota,c__Halobacteria,o__Halobacteriales,f__Halococcaceae,g__Halococcus,s__Halococcus morrhuae,Halobacteriota,Halococcaceae,Lysis & membrane
NZ_CP095010.1,NZ_CP095010.1_5,integrase,integrase family,p__Halobacteriota,p__Halobacteriota,c__Halobacteria,o__Halobacteriales,f__Halococcaceae,g__Halococcus,s__Halococcus morrhuae,Halobacteriota,Halococcaceae,Integrase
NZ_CP095010.1,NZ_CP095010.1_49,integrase,COG0582 Integrase,p__Halobacteriota,p__Halobacteriota,c__Halobacteria,o__Halobacteriales,f__Halococcaceae,g__Halococcus,s__Halococcus morrhuae,Halobacteriota,Halococcaceae,Integrase
NZ_CP095398.1,NZ_CP095398.1_39,integrase,COG0582 Integrase,p__Halobacteriota,p__Halobacteriota,c__Halobacteria,o__Halobacteriales,f__Natrialbaceae,g__Halovarius,s__Halovarius luteus,Halobacteriota,Natrialbaceae,Integrase
NZ_CP095398.1,NZ_CP095398.1_270,virion,phage-related replication protein,p__Halobacteriota,p__Halobacteriota,c__Halobacteria,o__Halobacteriales,f__Natrialbaceae,g__Halovarius,s__Halovarius luteus,Halobacteriota,Natrialbaceae,Phage replication
NZ_CP095398.1,NZ_CP095398.1_437,lysis,COG1253 Hemolysins and related proteins containing CBS domains,p__Halobacteriota,p__Halobacteriota,c__Halobacteria,o__Halobacteriales,f__Natrialbaceae,g__Halovarius,s__Halovarius luteus,Halobacteriota,Natrialbaceae,Lysis & membrane
NZ_CP095398.1,NZ_CP095398.1_456,lysis,COG1253 Hemolysins and related proteins containing CBS domains,p__Halobacteriota,p__Halobacteriota,c__Halobacteria,o__Halobacteriales,f__Natrialbaceae,g__Halovarius,s__Halovarius luteus,Halobacteriota,Natrialbaceae,Lysis & membrane
NZ_CP095399.1,NZ_CP095399.1_73,virion,COG3654 Prophage maintenance system killer protein,p__Halobacteriota,p__Halobacteriota,c__Halobacteria,o__Halobacteriales,f__Natrialbaceae,g__Halovarius,s__Halovarius luteus,Halobacteriota,Natrialbaceae,Prophage maintenance
NZ_CP095399.1,NZ_CP095399.1_85,virion,"Phage plasmid primase, P4",p__Halobacteriota,p__Halobacteriota,c__Halobacteria,o__Halobacteriales,f__Natrialbaceae,g__Halovarius,s__Halovarius luteus,Halobacteriota,Natrialbaceae,Phage replication
NZ_CP095399.1,NZ_CP095399.1_105,integrase,COG0582 Integrase,p__Halobacteriota,p__Halobacteriota,c__Halobacteria,o__Halobacteriales,f__Natrialbaceae,g__Halovarius,s__Halovarius luteus,Halobacteriota,Natrialbaceae,Integrase
NZ_CP095483.1,NZ_CP095483.1_67,integrase,COG0582 Integrase,p__Halobacteriota,p__Halobacteriota,c__Halobacteria,o__Halobacteriales,f__Haloarculaceae,g__Halorientalis,s__Halorientalis litorea,Halobacteriota,Haloarculaceae,Integrase
NZ_CP095484.1,NZ_CP095484.1_84,integrase,COG0582 Integrase,p__Halobacteriota,p__Halobacteriota,c__Halobacteria,o__Halobacteriales,f__Haloarculaceae,g__Halorientalis,s__Halorientalis litorea,Halobacteriota,Haloarculaceae,Integrase
NZ_CP095485.1,NZ_CP095485.1_4,integrase,COG0582 Integrase,p__Halobacteriota,p__Halobacteriota,c__Halobacteria,o__Halobacteriales,f__Haloarculaceae,g__Halorientalis,s__Halorientalis litorea,Halobacteriota,Haloarculaceae,Integrase
NZ_CP095485.1,NZ_CP095485.1_18,integrase,COG0582 Integrase,p__Halobacteriota,p__Halobacteriota,c__Halobacteria,o__Halobacteriales,f__Haloarculaceae,g__Halorientalis,s__Halorientalis litorea,Halobacteriota,Haloarculaceae,Integrase
NZ_CP095486.1,NZ_CP095486.1_12,integrase,integrase family,p__Halobacteriota,p__Halobacteriota,c__Halobacteria,o__Halobacteriales,f__Haloarculaceae,g__Halorientalis,s__Halorientalis litorea,Halobacteriota,Haloarculaceae,Integrase
NZ_CP095492.1,NZ_CP095492.1_6,integrase,COG0582 Integrase,p__Halobacteriota,p__Halobacteriota,c__Halobacteria,o__Halobacteriales,f__Natrialbaceae,g__JALIQP01,s__JALIQP01 sp023028105,Halobacteriota,Natrialbaceae,Integrase
NZ_CP095492.1,NZ_CP095492.1_168,lysis,COG1253 Hemolysins and related proteins containing CBS domains,p__Halobacteriota,p__Halobacteriota,c__Halobacteria,o__Halobacteriales,f__Natrialbaceae,g__JALIQP01,s__JALIQP01 sp023028105,Halobacteriota,Natrialbaceae,Lysis & membrane
NZ_CP095492.1,NZ_CP095492.1_247,lysis,"Catalyzes the oxidation of 5,10- methylenetetrahydrofolate to 5,10-methenyltetrahydrofolate and then the hydrolysis of 5,10-methenyltetrahydrofolate to 10- formyltetrahydrofolate",p__Halobacteriota,p__Halobacteriota,c__Halobacteria,o__Halobacteriales,f__Natrialbaceae,g__JALIQP01,s__JALIQP01 sp023028105,Halobacteriota,Natrialbaceae,Metabolic enzymes
NZ_CP095493.1,NZ_CP095493.1_33,lysis,Peptidase M10A and M12B matrixin and adamalysin,p__Halobacteriota,p__Halobacteriota,c__Halobacteria,o__Halobacteriales,f__Natrialbaceae,g__JALIQP01,s__JALIQP01 sp023028105,Halobacteriota,Natrialbaceae,Lysis & membrane
NZ_CP095493.1,NZ_CP095493.1_126,integrase,COG0582 Integrase,p__Halobacteriota,p__Halobacteriota,c__Halobacteria,o__Halobacteriales,f__Natrialbaceae,g__JALIQP01,s__JALIQP01 sp023028105,Halobacteriota,Natrialbaceae,Integrase
NZ_CP095494.1,NZ_CP095494.1_63,integrase,COG0582 Integrase,p__Halobacteriota,p__Halobacteriota,c__Halobacteria,o__Halobacteriales,f__Natrialbaceae,g__JALIQP01,s__JALIQP01 sp023028105,Halobacteriota,Natrialbaceae,Integrase
NZ_CP095494.1,NZ_CP095494.1_69,integrase,COG0582 Integrase,p__Halobacteriota,p__Halobacteriota,c__Halobacteria,o__Halobacteriales,f__Natrialbaceae,g__JALIQP01,s__JALIQP01 sp023028105,Halobacteriota,Natrialbaceae,Integrase
NZ_CP096020.1,NZ_CP096020.1_5,lysis,Peptidase M10 serralysin C terminal,p__Halobacteriota,p__Halobacteriota,c__Halobacteria,o__Halobacteriales,f__Haloarculaceae,g__Halocatena,s__Halocatena sp023115355,Halobacteriota,Haloarculaceae,Lysis & membrane
NZ_CP096020.1,NZ_CP096020.1_105,lysis,COG1253 Hemolysins and related proteins containing CBS domains,p__Halobacteriota,p__Halobacteriota,c__Halobacteria,o__Halobacteriales,f__Haloarculaceae,g__Halocatena,s__Halocatena sp023115355,Halobacteriota,Haloarculaceae,Lysis & membrane
NZ_CP096020.1,NZ_CP096020.1_128,integrase,COG0582 Integrase,p__Halobacteriota,p__Halobacteriota,c__Halobacteria,o__Halobacteriales,f__Haloarculaceae,g__Halocatena,s__Halocatena sp023115355,Halobacteriota,Haloarculaceae,Integrase
NZ_CP096020.1,NZ_CP096020.1_204,integrase,"COG1961 Site-specific recombinases, DNA invertase Pin homologs",p__Halobacteriota,p__Halobacteriota,c__Halobacteria,o__Halobacteriales,f__Haloarculaceae,g__Halocatena,s__Halocatena sp023115355,Halobacteriota,Haloarculaceae,Integrase
NZ_CP096020.1,NZ_CP096020.1_292,lysis,COG1292 Choline-glycine betaine transporter,p__Halobacteriota,p__Halobacteriota,c__Halobacteria,o__Halobacteriales,f__Haloarculaceae,g__Halocatena,s__Halocatena sp023115355,Halobacteriota,Haloarculaceae,Osmolyte transport
NZ_CP096021.1,NZ_CP096021.1_118,lysis,COG1253 Hemolysins and related proteins containing CBS domains,p__Halobacteriota,p__Halobacteriota,c__Halobacteria,o__Halobacteriales,f__Haloarculaceae,g__Halocatena,s__Halocatena sp023115355,Halobacteriota,Haloarculaceae,Lysis & membrane
NZ_CP096021.1,NZ_CP096021.1_153,integrase,"COG1961 Site-specific recombinases, DNA invertase Pin homologs",p__Halobacteriota,p__Halobacteriota,c__Halobacteria,o__Halobacteriales,f__Haloarculaceae,g__Halocatena,s__Halocatena sp023115355,Halobacteriota,Haloarculaceae,Integrase
NZ_CP096021.1,NZ_CP096021.1_201,lysis,COG1292 Choline-glycine betaine transporter,p__Halobacteriota,p__Halobacteriota,c__Halobacteria,o__Halobacteriales,f__Haloarculaceae,g__Halocatena,s__Halocatena sp023115355,Halobacteriota,Haloarculaceae,Osmolyte transport
NZ_CP096021.1,NZ_CP096021.1_206,lysis,"Catalyzes the oxidation of 5,10- methylenetetrahydrofolate to 5,10-methenyltetrahydrofolate and then the hydrolysis of 5,10-methenyltetrahydrofolate to 10- formyltetrahydrofolate",p__Halobacteriota,p__Halobacteriota,c__Halobacteria,o__Halobacteriales,f__Haloarculaceae,g__Halocatena,s__Halocatena sp023115355,Halobacteriota,Haloarculaceae,Metabolic enzymes
NZ_CP096021.1,NZ_CP096021.1_350,integrase,COG0582 Integrase,p__Halobacteriota,p__Halobacteriota,c__Halobacteria,o__Halobacteriales,f__Haloarculaceae,g__Halocatena,s__Halocatena sp023115355,Halobacteriota,Haloarculaceae,Integrase
NZ_CP096022.1,NZ_CP096022.1_122,integrase,COG0582 Integrase,p__Halobacteriota,p__Halobacteriota,c__Halobacteria,o__Halobacteriales,f__Haloarculaceae,g__Halocatena,s__Halocatena sp023115355,Halobacteriota,Haloarculaceae,Integrase
NZ_CP096023.1,NZ_CP096023.1_70,integrase,"COG1961 Site-specific recombinases, DNA invertase Pin homologs",p__Halobacteriota,p__Halobacteriota,c__Halobacteria,o__Halobacteriales,f__Haloarculaceae,g__Halocatena,s__Halocatena sp023115355,Halobacteriota,Haloarculaceae,Integrase
NZ_CP096023.1,NZ_CP096023.1_80,integrase,"COG1961 Site-specific recombinases, DNA invertase Pin homologs",p__Halobacteriota,p__Halobacteriota,c__Halobacteria,o__Halobacteriales,f__Haloarculaceae,g__Halocatena,s__Halocatena sp023115355,Halobacteriota,Haloarculaceae,Integrase
NZ_CP098515.1,NZ_CP098515.1_8,integrase,COG0582 Integrase,p__Halobacteriota,p__Halobacteriota,c__Halobacteria,o__Halobacteriales,f__Haloferacaceae,g__Haloplanus,s__Haloplanus sp023703775,Halobacteriota,Haloferacaceae,Integrase
NZ_CP098515.1,NZ_CP098515.1_52,virion,"Phage plasmid primase, P4",p__Halobacteriota,p__Halobacteriota,c__Halobacteria,o__Halobacteriales,f__Haloferacaceae,g__Haloplanus,s__Haloplanus sp023703775,Halobacteriota,Haloferacaceae,Phage replication
NZ_CP098515.1,NZ_CP098515.1_128,integrase,integrase family,p__Halobacteriota,p__Halobacteriota,c__Halobacteria,o__Halobacteriales,f__Haloferacaceae,g__Haloplanus,s__Haloplanus sp023703775,Halobacteriota,Haloferacaceae,Integrase
NZ_CP098516.1,NZ_CP098516.1_3,integrase,COG0582 Integrase,p__Halobacteriota,p__Halobacteriota,c__Halobacteria,o__Halobacteriales,f__Haloferacaceae,g__Haloplanus,s__Haloplanus sp023703775,Halobacteriota,Haloferacaceae,Integrase
NZ_CP098516.1,NZ_CP098516.1_109,virion,"Phage plasmid primase, P4",p__Halobacteriota,p__Halobacteriota,c__Halobacteria,o__Halobacteriales,f__Haloferacaceae,g__Haloplanus,s__Haloplanus sp023703775,Halobacteriota,Haloferacaceae,Phage replication
NZ_CP098517.1,NZ_CP098517.1_5,integrase,COG0582 Integrase,p__Halobacteriota,p__Halobacteriota,c__Halobacteria,o__Halobacteriales,f__Haloferacaceae,g__Haloplanus,s__Haloplanus sp023703775,Halobacteriota,Haloferacaceae,Integrase
NZ_CP098517.1,NZ_CP098517.1_42,virion,COG3654 Prophage maintenance system killer protein,p__Halobacteriota,p__Halobacteriota,c__Halobacteria,o__Halobacteriales,f__Haloferacaceae,g__Haloplanus,s__Haloplanus sp023703775,Halobacteriota,Haloferacaceae,Prophage maintenance
NZ_CP098519.1,NZ_CP098519.1_13,integrase,COG0582 Integrase,p__Halobacteriota,p__Halobacteriota,c__Halobacteria,o__Halobacteriales,f__Haloferacaceae,g__Haloplanus,s__Haloplanus sp023703795,Halobacteriota,Haloferacaceae,Integrase
NZ_CP098520.1,NZ_CP098520.1_19,lysis,Catalyzes the hydrolysis of the adenine ring of phosphoribosyl-AMP,p__Halobacteriota,p__Halobacteriota,c__Halobacteria,o__Halobacteriales,f__Haloferacaceae,g__Haloplanus,s__Haloplanus sp023703795,Halobacteriota,Haloferacaceae,Metabolic enzymes
NZ_CP098520.1,NZ_CP098520.1_53,integrase,COG0582 Integrase,p__Halobacteriota,p__Halobacteriota,c__Halobacteria,o__Halobacteriales,f__Haloferacaceae,g__Haloplanus,s__Haloplanus sp023703795,Halobacteriota,Haloferacaceae,Integrase
NZ_CP098520.1,NZ_CP098520.1_150,integrase,COG0582 Integrase,p__Halobacteriota,p__Halobacteriota,c__Halobacteria,o__Halobacteriales,f__Haloferacaceae,g__Haloplanus,s__Haloplanus sp023703795,Halobacteriota,Haloferacaceae,Integrase
NZ_CP099392.1,NZ_CP099392.1_190,integrase,COG0582 Integrase,p__Halobacteriota,p__Halobacteriota,c__Halobacteria,o__Halobacteriales,f__Natrialbaceae,g__Natronococcus,s__Natronococcus sp023913515,Halobacteriota,Natrialbaceae,Integrase
NZ_CP099392.1,NZ_CP099392.1_205,lysis,"Catalyzes the oxidation of 5,10- methylenetetrahydrofolate to 5,10-methenyltetrahydrofolate and then the hydrolysis of 5,10-methenyltetrahydrofolate to 10- formyltetrahydrofolate",p__Halobacteriota,p__Halobacteriota,c__Halobacteria,o__Halobacteriales,f__Natrialbaceae,g__Natronococcus,s__Natronococcus sp023913515,Halobacteriota,Natrialbaceae,Metabolic enzymes
NZ_CP099392.1,NZ_CP099392.1_208,lysis,COG1292 Choline-glycine betaine transporter,p__Halobacteriota,p__Halobacteriota,c__Halobacteria,o__Halobacteriales,f__Natrialbaceae,g__Natronococcus,s__Natronococcus sp023913515,Halobacteriota,Natrialbaceae,Osmolyte transport
NZ_CP099393.1,NZ_CP099393.1_87,integrase,COG0582 Integrase,p__Halobacteriota,p__Halobacteriota,c__Halobacteria,o__Halobacteriales,f__Natrialbaceae,g__Natronococcus,s__Natronococcus sp023913515,Halobacteriota,Natrialbaceae,Integrase
NZ_CP099393.1,NZ_CP099393.1_291,integrase,COG0582 Integrase,p__Halobacteriota,p__Halobacteriota,c__Halobacteria,o__Halobacteriales,f__Natrialbaceae,g__Natronococcus,s__Natronococcus sp023913515,Halobacteriota,Natrialbaceae,Integrase
NZ_CP100405.1,NZ_CP100405.1_10,lysis,"Catalyzes the oxidation of 5,10- methylenetetrahydrofolate to 5,10-methenyltetrahydrofolate and then the hydrolysis of 5,10-methenyltetrahydrofolate to 10- formyltetrahydrofolate",p__Halobacteriota,p__Halobacteriota,c__Halobacteria,o__Halobacteriales,f__Haloarculaceae,g__Halomicroarcula,s__Halomicroarcula sp024218775,Halobacteriota,Haloarculaceae,Metabolic enzymes
NZ_CP100405.1,NZ_CP100405.1_13,lysis,COG1292 Choline-glycine betaine transporter,p__Halobacteriota,p__Halobacteriota,c__Halobacteria,o__Halobacteriales,f__Haloarculaceae,g__Halomicroarcula,s__Halomicroarcula sp024218775,Halobacteriota,Haloarculaceae,Osmolyte transport
NZ_CP100405.1,NZ_CP100405.1_25,lysis,COG1292 Choline-glycine betaine transporter,p__Halobacteriota,p__Halobacteriota,c__Halobacteria,o__Halobacteriales,f__Haloarculaceae,g__Halomicroarcula,s__Halomicroarcula sp024218775,Halobacteriota,Haloarculaceae,Osmolyte transport
NZ_CP100405.1,NZ_CP100405.1_133,integrase,Phage integrase family,p__Halobacteriota,p__Halobacteriota,c__Halobacteria,o__Halobacteriales,f__Haloarculaceae,g__Halomicroarcula,s__Halomicroarcula sp024218775,Halobacteriota,Haloarculaceae,Integrase
NZ_CP100405.1,NZ_CP100405.1_170,integrase,Phage integrase family,p__Halobacteriota,p__Halobacteriota,c__Halobacteria,o__Halobacteriales,f__Haloarculaceae,g__Halomicroarcula,s__Halomicroarcula sp024218775,Halobacteriota,Haloarculaceae,Integrase
NZ_CP100405.1,NZ_CP100405.1_281,integrase,COG0582 Integrase,p__Halobacteriota,p__Halobacteriota,c__Halobacteria,o__Halobacteriales,f__Haloarculaceae,g__Halomicroarcula,s__Halomicroarcula sp024218775,Halobacteriota,Haloarculaceae,Integrase
NZ_CP100405.1,NZ_CP100405.1_334,lysis,COG1253 Hemolysins and related proteins containing CBS domains,p__Halobacteriota,p__Halobacteriota,c__Halobacteria,o__Halobacteriales,f__Haloarculaceae,g__Halomicroarcula,s__Halomicroarcula sp024218775,Halobacteriota,Haloarculaceae,Lysis & membrane
NZ_CP100406.1,NZ_CP100406.1_6,integrase,integrase family,p__Halobacteriota,p__Halobacteriota,c__Halobacteria,o__Halobacteriales,f__Haloarculaceae,g__Halomicroarcula,s__Halomicroarcula sp024218775,Halobacteriota,Haloarculaceae,Integrase
NZ_CP100406.1,NZ_CP100406.1_13,integrase,Integrase,p__Halobacteriota,p__Halobacteriota,c__Halobacteria,o__Halobacteriales,f__Haloarculaceae,g__Halomicroarcula,s__Halomicroarcula sp024218775,Halobacteriota,Haloarculaceae,Integrase
NZ_CP100408.1,NZ_CP100408.1_10,lysis,"Catalyzes the oxidation of 5,10- methylenetetrahydrofolate to 5,10-methenyltetrahydrofolate and then the hydrolysis of 5,10-methenyltetrahydrofolate to 10- formyltetrahydrofolate",p__Halobacteriota,p__Halobacteriota,c__Halobacteria,o__Halobacteriales,f__Haloarculaceae,g__Halomicroarcula,s__Halomicroarcula sp024218775,Halobacteriota,Haloarculaceae,Metabolic enzymes
NZ_CP100408.1,NZ_CP100408.1_13,lysis,COG1292 Choline-glycine betaine transporter,p__Halobacteriota,p__Halobacteriota,c__Halobacteria,o__Halobacteriales,f__Haloarculaceae,g__Halomicroarcula,s__Halomicroarcula sp024218775,Halobacteriota,Haloarculaceae,Osmolyte transport
NZ_CP100408.1,NZ_CP100408.1_25,lysis,COG1292 Choline-glycine betaine transporter,p__Halobacteriota,p__Halobacteriota,c__Halobacteria,o__Halobacteriales,f__Haloarculaceae,g__Halomicroarcula,s__Halomicroarcula sp024218775,Halobacteriota,Haloarculaceae,Osmolyte transport
NZ_CP100408.1,NZ_CP100408.1_238,integrase,COG0582 Integrase,p__Halobacteriota,p__Halobacteriota,c__Halobacteria,o__Halobacteriales,f__Haloarculaceae,g__Halomicroarcula,s__Halomicroarcula sp024218775,Halobacteriota,Haloarculaceae,Integrase
NZ_CP100408.1,NZ_CP100408.1_266,integrase,COG0582 Integrase,p__Halobacteriota,p__Halobacteriota,c__Halobacteria,o__Halobacteriales,f__Haloarculaceae,g__Halomicroarcula,s__Halomicroarcula sp024218775,Halobacteriota,Haloarculaceae,Integrase
NZ_CP100408.1,NZ_CP100408.1_286,lysis,COG1253 Hemolysins and related proteins containing CBS domains,p__Halobacteriota,p__Halobacteriota,c__Halobacteria,o__Halobacteriales,f__Haloarculaceae,g__Halomicroarcula,s__Halomicroarcula sp024218775,Halobacteriota,Haloarculaceae,Lysis & membrane
NZ_CP100409.1,NZ_CP100409.1_13,integrase,COG0582 Integrase,p__Halobacteriota,p__Halobacteriota,c__Halobacteria,o__Halobacteriales,f__Haloarculaceae,g__Halomicroarcula,s__Halomicroarcula sp024218775,Halobacteriota,Haloarculaceae,Integrase
NZ_CP100409.1,NZ_CP100409.1_14,integrase,COG0582 Integrase,p__Halobacteriota,p__Halobacteriota,c__Halobacteria,o__Halobacteriales,f__Haloarculaceae,g__Halomicroarcula,s__Halomicroarcula sp024218775,Halobacteriota,Haloarculaceae,Integrase
NZ_CP100409.1,NZ_CP100409.1_76,integrase,"COG1961 Site-specific recombinases, DNA invertase Pin homologs",p__Halobacteriota,p__Halobacteriota,c__Halobacteria,o__Halobacteriales,f__Haloarculaceae,g__Halomicroarcula,s__Halomicroarcula sp024218775,Halobacteriota,Haloarculaceae,Integrase
NZ_CP100409.1,NZ_CP100409.1_187,lysis,choline-sulfatase,p__Halobacteriota,p__Halobacteriota,c__Halobacteria,o__Halobacteriales,f__Haloarculaceae,g__Halomicroarcula,s__Halomicroarcula sp024218775,Halobacteriota,Haloarculaceae,Osmolyte transport
NZ_CP100409.1,NZ_CP100409.1_201,integrase,COG0582 Integrase,p__Halobacteriota,p__Halobacteriota,c__Halobacteria,o__Halobacteriales,f__Haloarculaceae,g__Halomicroarcula,s__Halomicroarcula sp024218775,Halobacteriota,Haloarculaceae,Integrase
NZ_CP100410.1,NZ_CP100410.1_3,integrase,COG0582 Integrase,p__Halobacteriota,p__Halobacteriota,c__Halobacteria,o__Halobacteriales,f__Haloarculaceae,g__Halomicroarcula,s__Halomicroarcula sp024218775,Halobacteriota,Haloarculaceae,Integrase
NZ_CP100410.1,NZ_CP100410.1_43,virion,"Phage plasmid primase, P4",p__Halobacteriota,p__Halobacteriota,c__Halobacteria,o__Halobacteriales,f__Haloarculaceae,g__Halomicroarcula,s__Halomicroarcula sp024218775,Halobacteriota,Haloarculaceae,Phage replication
NZ_CP100446.1,NZ_CP100446.1_147,virion,"Phage plasmid primase, P4",p__Halobacteriota,p__Halobacteriota,c__Halobacteria,o__Halobacteriales,f__Natrialbaceae,g__Natrinema,s__Natrinema sp024227435,Halobacteriota,Natrialbaceae,Phage replication
NZ_CP100446.1,NZ_CP100446.1_213,virion,"Phage plasmid primase, P4",p__Halobacteriota,p__Halobacteriota,c__Halobacteria,o__Halobacteriales,f__Natrialbaceae,g__Natrinema,s__Natrinema sp024227435,Halobacteriota,Natrialbaceae,Phage replication
NZ_CP100446.1,NZ_CP100446.1_237,virion,"Phage plasmid primase, P4",p__Halobacteriota,p__Halobacteriota,c__Halobacteria,o__Halobacteriales,f__Natrialbaceae,g__Natrinema,s__Natrinema sp024227435,Halobacteriota,Natrialbaceae,Phage replication
NZ_CP100446.1,NZ_CP100446.1_488,integrase,COG0582 Integrase,p__Halobacteriota,p__Halobacteriota,c__Halobacteria,o__Halobacteriales,f__Natrialbaceae,g__Natrinema,s__Natrinema sp024227435,Halobacteriota,Natrialbaceae,Integrase
NZ_CP100447.1,NZ_CP100447.1_42,virion,"Phage plasmid primase, P4",p__Halobacteriota,p__Halobacteriota,c__Halobacteria,o__Halobacteriales,f__Natrialbaceae,g__Natrinema,s__Natrinema sp024227435,Halobacteriota,Natrialbaceae,Phage replication
NZ_CP100447.1,NZ_CP100447.1_86,integrase,COG0582 Integrase,p__Halobacteriota,p__Halobacteriota,c__Halobacteria,o__Halobacteriales,f__Natrialbaceae,g__Natrinema,s__Natrinema sp024227435,Halobacteriota,Natrialbaceae,Integrase
NZ_CP100449.1,NZ_CP100449.1_4,integrase,COG0582 Integrase,p__Halobacteriota,p__Halobacteriota,c__Halobacteria,o__Halobacteriales,f__Haloarculaceae,g__Halomarina,s__Halomarina sp024227715,Halobacteriota,Haloarculaceae,Integrase
NZ_CP100449.1,NZ_CP100449.1_328,lysis,COG3486 Lysine ornithine N-monooxygenase,p__Halobacteriota,p__Halobacteriota,c__Halobacteria,o__Halobacteriales,f__Haloarculaceae,g__Halomarina,s__Halomarina sp024227715,Halobacteriota,Haloarculaceae,Metabolic enzymes
NZ_CP100450.1,NZ_CP100450.1_86,integrase,COG0582 Integrase,p__Halobacteriota,p__Halobacteriota,c__Halobacteria,o__Halobacteriales,f__Haloarculaceae,g__Halomarina,s__Halomarina sp024227715,Halobacteriota,Haloarculaceae,Integrase
NZ_CP100451.1,NZ_CP100451.1_4,integrase,COG0582 Integrase,p__Halobacteriota,p__Halobacteriota,c__Halobacteria,o__Halobacteriales,f__Haloarculaceae,g__Halomarina,s__Halomarina sp024227715,Halobacteriota,Haloarculaceae,Integrase
NZ_CP100451.1,NZ_CP100451.1_119,virion,"Phage plasmid primase, P4",p__Halobacteriota,p__Halobacteriota,c__Halobacteria,o__Halobacteriales,f__Haloarculaceae,g__Halomarina,s__Halomarina sp024227715,Halobacteriota,Haloarculaceae,Phage replication
NZ_CP100453.1,NZ_CP100453.1_13,integrase,integrase family,p__Halobacteriota,p__Halobacteriota,c__Halobacteria,o__Halobacteriales,f__Haloarculaceae,g__Halomarina,s__Halomarina sp024227715,Halobacteriota,Haloarculaceae,Integrase
NZ_CP100455.1,NZ_CP100455.1_26,lysis,Catalyzes the release of L-lysine from LysW -gamma-L- lysine and the release of L-ornithine from LysW -L-ornithine,p__Halobacteriota,p__Halobacteriota,c__Halobacteria,o__Halobacteriales,f__Haloarculaceae,g__Halomarina,s__Halomarina sp024228315,Halobacteriota,Haloarculaceae,Metabolic enzymes
NZ_CP100455.1,NZ_CP100455.1_332,virion,Phage SPO1 DNA,p__Halobacteriota,p__Halobacteriota,c__Halobacteria,o__Halobacteriales,f__Haloarculaceae,g__Halomarina,s__Halomarina sp024228315,Halobacteriota,Haloarculaceae,Phage replication
NZ_CP100455.1,NZ_CP100455.1_457,lysis,COG1292 Choline-glycine betaine transporter,p__Halobacteriota,p__Halobacteriota,c__Halobacteria,o__Halobacteriales,f__Haloarculaceae,g__Halomarina,s__Halomarina sp024228315,Halobacteriota,Haloarculaceae,Osmolyte transport
NZ_CP100455.1,NZ_CP100455.1_463,integrase,COG0582 Integrase,p__Halobacteriota,p__Halobacteriota,c__Halobacteria,o__Halobacteriales,f__Haloarculaceae,g__Halomarina,s__Halomarina sp024228315,Halobacteriota,Haloarculaceae,Integrase
NZ_CP100456.1,NZ_CP100456.1_4,integrase,COG0582 Integrase,p__Halobacteriota,p__Halobacteriota,c__Halobacteria,o__Halobacteriales,f__Haloarculaceae,g__Halomarina,s__Halomarina sp024228315,Halobacteriota,Haloarculaceae,Integrase
NZ_CP100457.1,NZ_CP100457.1_3,integrase,COG0582 Integrase,p__Halobacteriota,p__Halobacteriota,c__Halobacteria,o__Halobacteriales,f__Haloarculaceae,g__Halomarina,s__Halomarina sp024228315,Halobacteriota,Haloarculaceae,Integrase
NZ_CP100457.1,NZ_CP100457.1_155,integrase,COG0582 Integrase,p__Halobacteriota,p__Halobacteriota,c__Halobacteria,o__Halobacteriales,f__Haloarculaceae,g__Halomarina,s__Halomarina sp024228315,Halobacteriota,Haloarculaceae,Integrase
NZ_CP100458.1,NZ_CP100458.1_11,integrase,COG0582 Integrase,p__Halobacteriota,p__Halobacteriota,c__Halobacteria,o__Halobacteriales,f__Haloarculaceae,g__Halomarina,s__Halomarina sp024228315,Halobacteriota,Haloarculaceae,Integrase
NZ_CP100458.1,NZ_CP100458.1_25,virion,"Phage plasmid primase, P4",p__Halobacteriota,p__Halobacteriota,c__Halobacteria,o__Halobacteriales,f__Haloarculaceae,g__Halomarina,s__Halomarina sp024228315,Halobacteriota,Haloarculaceae,Phage replication
NZ_CP100459.1,NZ_CP100459.1_96,integrase,COG0582 Integrase,p__Halobacteriota,p__Halobacteriota,c__Halobacteria,o__Halobacteriales,f__Haloarculaceae,g__Halomarina,s__Halomarina sp024228315,Halobacteriota,Haloarculaceae,Integrase
NZ_CP100460.1,NZ_CP100460.1_9,packaging,Terminase RNaseH-like domain,p__Halobacteriota,p__Halobacteriota,c__Halobacteria,o__Halobacteriales,f__Haloarculaceae,g__Halomarina,s__Halomarina sp024228315,Halobacteriota,Haloarculaceae,DNA packaging
NZ_CP100460.1,NZ_CP100460.1_11,virion,"head morphogenesis protein, SPP1 gp7",p__Halobacteriota,p__Halobacteriota,c__Halobacteria,o__Halobacteriales,f__Haloarculaceae,g__Halomarina,s__Halomarina sp024228315,Halobacteriota,Haloarculaceae,Capsid & head
NZ_CP101155.1,NZ_CP101155.1_4,integrase,COG0582 Integrase,p__Halobacteriota,p__Halobacteriota,c__Halobacteria,o__Halobacteriales,f__Haloarculaceae,g__Natronomonas,s__Natronomonas sp024298905,Halobacteriota,Haloarculaceae,Integrase
NZ_CP101155.1,NZ_CP101155.1_11,lysis,COG1253 Hemolysins and related proteins containing CBS domains,p__Halobacteriota,p__Halobacteriota,c__Halobacteria,o__Halobacteriales,f__Haloarculaceae,g__Natronomonas,s__Natronomonas sp024298905,Halobacteriota,Haloarculaceae,Lysis & membrane
NZ_CP101155.1,NZ_CP101155.1_12,lysis,COG1253 Hemolysins and related proteins containing CBS domains,p__Halobacteriota,p__Halobacteriota,c__Halobacteria,o__Halobacteriales,f__Haloarculaceae,g__Natronomonas,s__Natronomonas sp024298905,Halobacteriota,Haloarculaceae,Lysis & membrane
NZ_CP101324.1,NZ_CP101324.1_3,integrase,COG0582 Integrase,p__Halobacteriota,p__Halobacteriota,c__Halobacteria,o__Halobacteriales,f__Haloarculaceae,g__Natronomonas,s__Natronomonas gomsonensis,Halobacteriota,Haloarculaceae,Integrase
NZ_CP101826.1,NZ_CP101826.1_145,integrase,COG0582 Integrase,p__Halobacteriota,p__Halobacteriota,c__Halobacteria,o__Halobacteriales,f__Haloferacaceae,g__Halobellus,s__Halobellus inordinatus,Halobacteriota,Haloferacaceae,Integrase
NZ_CP101874.1,NZ_CP101874.1_25,integrase,COG0582 Integrase,p__Halobacteriota,p__Halobacteriota,c__Halobacteria,o__Halobacteriales,f__Natrialbaceae,g__Natrinema,s__Natrinema thermotolerans,Halobacteriota,Natrialbaceae,Integrase
NZ_CP101874.1,NZ_CP101874.1_41,virion,"Phage plasmid primase, P4",p__Halobacteriota,p__Halobacteriota,c__Halobacteria,o__Halobacteriales,f__Natrialbaceae,g__Natrinema,s__Natrinema thermotolerans,Halobacteriota,Natrialbaceae,Phage replication
NZ_CP101874.1,NZ_CP101874.1_78,integrase,COG0582 Integrase,p__Halobacteriota,p__Halobacteriota,c__Halobacteria,o__Halobacteriales,f__Natrialbaceae,g__Natrinema,s__Natrinema thermotolerans,Halobacteriota,Natrialbaceae,Integrase
NZ_CP101874.1,NZ_CP101874.1_87,integrase,COG0582 Integrase,p__Halobacteriota,p__Halobacteriota,c__Halobacteria,o__Halobacteriales,f__Natrialbaceae,g__Natrinema,s__Natrinema thermotolerans,Halobacteriota,Natrialbaceae,Integrase
NZ_CP101875.1,NZ_CP101875.1_1,integrase,integrase family,p__Halobacteriota,p__Halobacteriota,c__Halobacteria,o__Halobacteriales,f__Natrialbaceae,g__Natrinema,s__Natrinema thermotolerans,Halobacteriota,Natrialbaceae,Integrase
NZ_CP101875.1,NZ_CP101875.1_6,integrase,"Site-specific tyrosine recombinase, which acts by catalyzing the cutting and rejoining of the recombining DNA molecules",p__Halobacteriota,p__Halobacteriota,c__Halobacteria,o__Halobacteriales,f__Natrialbaceae,g__Natrinema,s__Natrinema thermotolerans,Halobacteriota,Natrialbaceae,Integrase
NZ_CP104742.1,NZ_CP104742.1_139,integrase,Phage integrase family,p__Halobacteriota,p__Halobacteriota,c__Halobacteria,o__Halobacteriales,f__Haloferacaceae,g__Haloferax,s__Haloferax volcanii,Halobacteriota,Haloferacaceae,Integrase
NZ_CP104742.1,NZ_CP104742.1_232,lysis,"amino acids such as valine, to avoid such errors it has two additional distinct tRNA(Ile)-dependent editing activities. One activity is designated as 'pretransfer' editing and involves the hydrolysis of activated Val-AMP. The other activity is designated 'posttransfer' editing and involves deacylation of mischarged Val-tRNA(Ile)",p__Halobacteriota,p__Halobacteriota,c__Halobacteria,o__Halobacteriales,f__Haloferacaceae,g__Haloferax,s__Haloferax volcanii,Halobacteriota,Haloferacaceae,Metabolic enzymes
NZ_CP104742.1,NZ_CP104742.1_238,virion,COG3654 Prophage maintenance system killer protein,p__Halobacteriota,p__Halobacteriota,c__Halobacteria,o__Halobacteriales,f__Haloferacaceae,g__Haloferax,s__Haloferax volcanii,Halobacteriota,Haloferacaceae,Prophage maintenance
NZ_CP104742.1,NZ_CP104742.1_257,integrase,integrase family,p__Halobacteriota,p__Halobacteriota,c__Halobacteria,o__Halobacteriales,f__Haloferacaceae,g__Haloferax,s__Haloferax volcanii,Halobacteriota,Haloferacaceae,Integrase
NZ_CP104742.1,NZ_CP104742.1_444,lysis,COG3486 Lysine ornithine N-monooxygenase,p__Halobacteriota,p__Halobacteriota,c__Halobacteria,o__Halobacteriales,f__Haloferacaceae,g__Haloferax,s__Haloferax volcanii,Halobacteriota,Haloferacaceae,Metabolic enzymes
NZ_CP104742.1,NZ_CP104742.1_474,lysis,COG1292 Choline-glycine betaine transporter,p__Halobacteriota,p__Halobacteriota,c__Halobacteria,o__Halobacteriales,f__Haloferacaceae,g__Haloferax,s__Haloferax volcanii,Halobacteriota,Haloferacaceae,Osmolyte transport
NZ_CP104742.1,NZ_CP104742.1_556,lysis,COG1292 Choline-glycine betaine transporter,p__Halobacteriota,p__Halobacteriota,c__Halobacteria,o__Halobacteriales,f__Haloferacaceae,g__Haloferax,s__Haloferax volcanii,Halobacteriota,Haloferacaceae,Osmolyte transport
NZ_CP104743.1,NZ_CP104743.1_207,integrase,COG0582 Integrase,p__Halobacteriota,p__Halobacteriota,c__Halobacteria,o__Halobacteriales,f__Haloferacaceae,g__Haloferax,s__Haloferax volcanii,Halobacteriota,Haloferacaceae,Integrase
NZ_CP104743.1,NZ_CP104743.1_216,integrase,Phage integrase family,p__Halobacteriota,p__Halobacteriota,c__Halobacteria,o__Halobacteriales,f__Haloferacaceae,g__Haloferax,s__Haloferax volcanii,Halobacteriota,Haloferacaceae,Integrase
NZ_CP104744.1,NZ_CP104744.1_93,integrase,COG0582 Integrase,p__Halobacteriota,p__Halobacteriota,c__Halobacteria,o__Halobacteriales,f__Haloferacaceae,g__Haloferax,s__Haloferax volcanii,Halobacteriota,Haloferacaceae,Integrase
NZ_CP104744.1,NZ_CP104744.1_120,virion,"Phage plasmid primase, P4",p__Halobacteriota,p__Halobacteriota,c__Halobacteria,o__Halobacteriales,f__Haloferacaceae,g__Haloferax,s__Haloferax volcanii,Halobacteriota,Haloferacaceae,Phage replication
NZ_CP106967.1,NZ_CP106967.1_76,lysis,COG1292 Choline-glycine betaine transporter,p__Halobacteriota,p__Halobacteriota,c__Halobacteria,o__Halobacteriales,f__Haloferacaceae,g__Haloferax,s__Haloferax volcanii,Halobacteriota,Haloferacaceae,Osmolyte transport
NZ_CP106967.1,NZ_CP106967.1_106,lysis,COG3486 Lysine ornithine N-monooxygenase,p__Halobacteriota,p__Halobacteriota,c__Halobacteria,o__Halobacteriales,f__Haloferacaceae,g__Haloferax,s__Haloferax volcanii,Halobacteriota,Haloferacaceae,Metabolic enzymes
NZ_CP106967.1,NZ_CP106967.1_307,integrase,COG0582 Integrase,p__Halobacteriota,p__Halobacteriota,c__Halobacteria,o__Halobacteriales,f__Haloferacaceae,g__Haloferax,s__Haloferax volcanii,Halobacteriota,Haloferacaceae,Integrase
NZ_CP106967.1,NZ_CP106967.1_415,lysis,COG1292 Choline-glycine betaine transporter,p__Halobacteriota,p__Halobacteriota,c__Halobacteria,o__Halobacteriales,f__Haloferacaceae,g__Haloferax,s__Haloferax volcanii,Halobacteriota,Haloferacaceae,Osmolyte transport
NZ_CP106968.1,NZ_CP106968.1_30,integrase,Phage integrase family,p__Halobacteriota,p__Halobacteriota,c__Halobacteria,o__Halobacteriales,f__Haloferacaceae,g__Haloferax,s__Haloferax volcanii,Halobacteriota,Haloferacaceae,Integrase
NZ_CP106968.1,NZ_CP106968.1_41,integrase,COG0582 Integrase,p__Halobacteriota,p__Halobacteriota,c__Halobacteria,o__Halobacteriales,f__Haloferacaceae,g__Haloferax,s__Haloferax volcanii,Halobacteriota,Haloferacaceae,Integrase
NZ_CP106969.1,NZ_CP106969.1_18,virion,COG3654 Prophage maintenance system killer protein,p__Halobacteriota,p__Halobacteriota,c__Halobacteria,o__Halobacteriales,f__Haloferacaceae,g__Haloferax,s__Haloferax volcanii,Halobacteriota,Haloferacaceae,Prophage maintenance
NZ_CP106970.1,NZ_CP106970.1_7,integrase,COG0582 Integrase,p__Halobacteriota,p__Halobacteriota,c__Halobacteria,o__Halobacteriales,f__Haloferacaceae,g__Haloferax,s__Haloferax volcanii,Halobacteriota,Haloferacaceae,Integrase
NZ_CP109786.1,NZ_CP109786.1_28,integrase,"COG1961 Site-specific recombinases, DNA invertase Pin homologs",p__Halobacteriota,p__Halobacteriota,c__Halobacteria,o__Halobacteriales,f__Haloarculaceae,g__Halocatena,s__Halocatena sp023276375,Halobacteriota,Haloarculaceae,Integrase
NZ_CP109980.1,NZ_CP109980.1_97,integrase,COG0582 Integrase,p__Halobacteriota,p__Halobacteriota,c__Halobacteria,o__Halobacteriales,f__Haloarculaceae,g__Halocatena,s__Halocatena sp023276375,Halobacteriota,Haloarculaceae,Integrase
NZ_CP109980.1,NZ_CP109980.1_116,lysis,COG1732 Periplasmic glycine betaine choline-binding (lipo)protein of an ABC-type transport system (osmoprotectant binding protein),p__Halobacteriota,p__Halobacteriota,c__Halobacteria,o__Halobacteriales,f__Haloarculaceae,g__Halocatena,s__Halocatena sp023276375,Halobacteriota,Haloarculaceae,Osmolyte transport
NZ_CP109980.1,NZ_CP109980.1_371,integrase,"Site-specific tyrosine recombinase, which acts by catalyzing the cutting and rejoining of the recombining DNA molecules",p__Halobacteriota,p__Halobacteriota,c__Halobacteria,o__Halobacteriales,f__Haloarculaceae,g__Halocatena,s__Halocatena sp023276375,Halobacteriota,Haloarculaceae,Integrase
NZ_CP109981.1,NZ_CP109981.1_15,integrase,COG0582 Integrase,p__Halobacteriota,p__Halobacteriota,c__Halobacteria,o__Halobacteriales,f__Haloarculaceae,g__Halocatena,s__Halocatena sp023276375,Halobacteriota,Haloarculaceae,Integrase
NZ_CP109981.1,NZ_CP109981.1_46,lysis,Catalyzes the release of L-lysine from LysW -gamma-L- lysine and the release of L-ornithine from LysW -L-ornithine,p__Halobacteriota,p__Halobacteriota,c__Halobacteria,o__Halobacteriales,f__Haloarculaceae,g__Halocatena,s__Halocatena sp023276375,Halobacteriota,Haloarculaceae,Metabolic enzymes
NZ_CP109981.1,NZ_CP109981.1_51,lysis,Catalyzes the release of L-lysine from LysW -gamma-L- lysine and the release of L-ornithine from LysW -L-ornithine,p__Halobacteriota,p__Halobacteriota,c__Halobacteria,o__Halobacteriales,f__Haloarculaceae,g__Halocatena,s__Halocatena sp023276375,Halobacteriota,Haloarculaceae,Metabolic enzymes
NZ_CP109981.1,NZ_CP109981.1_82,integrase,COG0582 Integrase,p__Halobacteriota,p__Halobacteriota,c__Halobacteria,o__Halobacteriales,f__Haloarculaceae,g__Halocatena,s__Halocatena sp023276375,Halobacteriota,Haloarculaceae,Integrase
NZ_CP109981.1,NZ_CP109981.1_139,integrase,COG0582 Integrase,p__Halobacteriota,p__Halobacteriota,c__Halobacteria,o__Halobacteriales,f__Haloarculaceae,g__Halocatena,s__Halocatena sp023276375,Halobacteriota,Haloarculaceae,Integrase
NZ_CP109981.1,NZ_CP109981.1_265,lysis,choline-sulfatase,p__Halobacteriota,p__Halobacteriota,c__Halobacteria,o__Halobacteriales,f__Haloarculaceae,g__Halocatena,s__Halocatena sp023276375,Halobacteriota,Haloarculaceae,Osmolyte transport
NZ_CP109981.1,NZ_CP109981.1_273,lysis,proteolysis,p__Halobacteriota,p__Halobacteriota,c__Halobacteria,o__Halobacteriales,f__Haloarculaceae,g__Halocatena,s__Halocatena sp023276375,Halobacteriota,Haloarculaceae,Lysis & membrane
NZ_CP109981.1,NZ_CP109981.1_275,lysis,proteolysis,p__Halobacteriota,p__Halobacteriota,c__Halobacteria,o__Halobacteriales,f__Haloarculaceae,g__Halocatena,s__Halocatena sp023276375,Halobacteriota,Haloarculaceae,Lysis & membrane
NZ_CP109981.1,NZ_CP109981.1_371,integrase,COG0582 Integrase,p__Halobacteriota,p__Halobacteriota,c__Halobacteria,o__Halobacteriales,f__Haloarculaceae,g__Halocatena,s__Halocatena sp023276375,Halobacteriota,Haloarculaceae,Integrase
NZ_CP109982.1,NZ_CP109982.1_10,integrase,"COG1961 Site-specific recombinases, DNA invertase Pin homologs",p__Halobacteriota,p__Halobacteriota,c__Halobacteria,o__Halobacteriales,f__Haloarculaceae,g__Halocatena,s__Halocatena sp023276375,Halobacteriota,Haloarculaceae,Integrase
NZ_CP109982.1,NZ_CP109982.1_16,integrase,COG0582 Integrase,p__Halobacteriota,p__Halobacteriota,c__Halobacteria,o__Halobacteriales,f__Haloarculaceae,g__Halocatena,s__Halocatena sp023276375,Halobacteriota,Haloarculaceae,Integrase
NZ_CP109982.1,NZ_CP109982.1_309,virion,COG3654 Prophage maintenance system killer protein,p__Halobacteriota,p__Halobacteriota,c__Halobacteria,o__Halobacteriales,f__Haloarculaceae,g__Halocatena,s__Halocatena sp023276375,Halobacteriota,Haloarculaceae,Prophage maintenance
NZ_CP109982.1,NZ_CP109982.1_327,integrase,"COG1961 Site-specific recombinases, DNA invertase Pin homologs",p__Halobacteriota,p__Halobacteriota,c__Halobacteria,o__Halobacteriales,f__Haloarculaceae,g__Halocatena,s__Halocatena sp023276375,Halobacteriota,Haloarculaceae,Integrase
NZ_CP109982.1,NZ_CP109982.1_333,integrase,COG0582 Integrase,p__Halobacteriota,p__Halobacteriota,c__Halobacteria,o__Halobacteriales,f__Haloarculaceae,g__Halocatena,s__Halocatena sp023276375,Halobacteriota,Haloarculaceae,Integrase
NZ_CP110250.1,NZ_CP110250.1_242,integrase,"Site-specific tyrosine recombinase, which acts by catalyzing the cutting and rejoining of the recombining DNA molecules",p__Halobacteriota,p__Halobacteriota,c__Halobacteria,o__Halobacteriales,f__Haloarculaceae,g__Halocatena,s__Halocatena sp023276375,Halobacteriota,Haloarculaceae,Integrase
NZ_CP110250.1,NZ_CP110250.1_418,integrase,COG0582 Integrase,p__Halobacteriota,p__Halobacteriota,c__Halobacteria,o__Halobacteriales,f__Haloarculaceae,g__Halocatena,s__Halocatena sp023276375,Halobacteriota,Haloarculaceae,Integrase
NZ_CP110250.1,NZ_CP110250.1_437,lysis,COG1732 Periplasmic glycine betaine choline-binding (lipo)protein of an ABC-type transport system (osmoprotectant binding protein),p__Halobacteriota,p__Halobacteriota,c__Halobacteria,o__Halobacteriales,f__Haloarculaceae,g__Halocatena,s__Halocatena sp023276375,Halobacteriota,Haloarculaceae,Osmolyte transport
NZ_CP110251.1,NZ_CP110251.1_95,integrase,COG0582 Integrase,p__Halobacteriota,p__Halobacteriota,c__Halobacteria,o__Halobacteriales,f__Haloarculaceae,g__Halocatena,s__Halocatena sp023276375,Halobacteriota,Haloarculaceae,Integrase
NZ_CP110251.1,NZ_CP110251.1_125,lysis,Catalyzes the release of L-lysine from LysW -gamma-L- lysine and the release of L-ornithine from LysW -L-ornithine,p__Halobacteriota,p__Halobacteriota,c__Halobacteria,o__Halobacteriales,f__Haloarculaceae,g__Halocatena,s__Halocatena sp023276375,Halobacteriota,Haloarculaceae,Metabolic enzymes
NZ_CP110251.1,NZ_CP110251.1_130,lysis,Catalyzes the release of L-lysine from LysW -gamma-L- lysine and the release of L-ornithine from LysW -L-ornithine,p__Halobacteriota,p__Halobacteriota,c__Halobacteria,o__Halobacteriales,f__Haloarculaceae,g__Halocatena,s__Halocatena sp023276375,Halobacteriota,Haloarculaceae,Metabolic enzymes
NZ_CP110251.1,NZ_CP110251.1_161,integrase,COG0582 Integrase,p__Halobacteriota,p__Halobacteriota,c__Halobacteria,o__Halobacteriales,f__Haloarculaceae,g__Halocatena,s__Halocatena sp023276375,Halobacteriota,Haloarculaceae,Integrase
NZ_CP110251.1,NZ_CP110251.1_218,integrase,COG0582 Integrase,p__Halobacteriota,p__Halobacteriota,c__Halobacteria,o__Halobacteriales,f__Haloarculaceae,g__Halocatena,s__Halocatena sp023276375,Halobacteriota,Haloarculaceae,Integrase
NZ_CP110251.1,NZ_CP110251.1_345,lysis,choline-sulfatase,p__Halobacteriota,p__Halobacteriota,c__Halobacteria,o__Halobacteriales,f__Haloarculaceae,g__Halocatena,s__Halocatena sp023276375,Halobacteriota,Haloarculaceae,Osmolyte transport
NZ_CP110251.1,NZ_CP110251.1_353,lysis,proteolysis,p__Halobacteriota,p__Halobacteriota,c__Halobacteria,o__Halobacteriales,f__Haloarculaceae,g__Halocatena,s__Halocatena sp023276375,Halobacteriota,Haloarculaceae,Lysis & membrane
NZ_CP110251.1,NZ_CP110251.1_355,lysis,proteolysis,p__Halobacteriota,p__Halobacteriota,c__Halobacteria,o__Halobacteriales,f__Haloarculaceae,g__Halocatena,s__Halocatena sp023276375,Halobacteriota,Haloarculaceae,Lysis & membrane
NZ_CP110252.1,NZ_CP110252.1_85,integrase,COG0582 Integrase,p__Halobacteriota,p__Halobacteriota,c__Halobacteria,o__Halobacteriales,f__Haloarculaceae,g__Halocatena,s__Halocatena sp023276375,Halobacteriota,Haloarculaceae,Integrase
NZ_CP110252.1,NZ_CP110252.1_91,integrase,"COG1961 Site-specific recombinases, DNA invertase Pin homologs",p__Halobacteriota,p__Halobacteriota,c__Halobacteria,o__Halobacteriales,f__Haloarculaceae,g__Halocatena,s__Halocatena sp023276375,Halobacteriota,Haloarculaceae,Integrase
NZ_CP110252.1,NZ_CP110252.1_109,virion,COG3654 Prophage maintenance system killer protein,p__Halobacteriota,p__Halobacteriota,c__Halobacteria,o__Halobacteriales,f__Haloarculaceae,g__Halocatena,s__Halocatena sp023276375,Halobacteriota,Haloarculaceae,Prophage maintenance
NZ_CP111037.1,NZ_CP111037.1_171,integrase,COG0582 Integrase,p__Halobacteriota,p__Halobacteriota,c__Halobacteria,o__Halobacteriales,f__Haladaptataceae,g__Haladaptatus,s__Haladaptatus [species 0010],Halobacteriota,Haladaptataceae,Integrase
NZ_CP111037.1,NZ_CP111037.1_225,virion,COG3654 Prophage maintenance system killer protein,p__Halobacteriota,p__Halobacteriota,c__Halobacteria,o__Halobacteriales,f__Haladaptataceae,g__Haladaptatus,s__Haladaptatus [species 0010],Halobacteriota,Haladaptataceae,Prophage maintenance
NZ_CP111040.1,NZ_CP111040.1_132,tail,Lamin Tail Domain,p__Halobacteriota,p__Halobacteriota,c__Halobacteria,o__Halobacteriales,f__Haladaptataceae,g__Haladaptatus,s__Haladaptatus [species 0010],Halobacteriota,Haladaptataceae,Tail & baseplate
NZ_CP111040.1,NZ_CP111040.1_309,lysis,COG1292 Choline-glycine betaine transporter,p__Halobacteriota,p__Halobacteriota,c__Halobacteria,o__Halobacteriales,f__Haladaptataceae,g__Haladaptatus,s__Haladaptatus [species 0010],Halobacteriota,Haladaptataceae,Osmolyte transport
NZ_CP111040.1,NZ_CP111040.1_321,lysis,COG1292 Choline-glycine betaine transporter,p__Halobacteriota,p__Halobacteriota,c__Halobacteria,o__Halobacteriales,f__Haladaptataceae,g__Haladaptatus,s__Haladaptatus [species 0010],Halobacteriota,Haladaptataceae,Osmolyte transport
NZ_CP111040.1,NZ_CP111040.1_511,integrase,COG0582 Integrase,p__Halobacteriota,p__Halobacteriota,c__Halobacteria,o__Halobacteriales,f__Haladaptataceae,g__Haladaptatus,s__Haladaptatus [species 0010],Halobacteriota,Haladaptataceae,Integrase
NZ_CP111041.1,NZ_CP111041.1_280,lysis,COG1732 Periplasmic glycine betaine choline-binding (lipo)protein of an ABC-type transport system (osmoprotectant binding protein),p__Halobacteriota,p__Halobacteriota,c__Halobacteria,o__Halobacteriales,f__Haladaptataceae,g__Haladaptatus,s__Haladaptatus [species 0010],Halobacteriota,Haladaptataceae,Osmolyte transport
NZ_CP111041.1,NZ_CP111041.1_376,lysis,Catalyzes the release of L-lysine from LysW -gamma-L- lysine and the release of L-ornithine from LysW -L-ornithine,p__Halobacteriota,p__Halobacteriota,c__Halobacteria,o__Halobacteriales,f__Haladaptataceae,g__Haladaptatus,s__Haladaptatus [species 0010],Halobacteriota,Haladaptataceae,Metabolic enzymes
NZ_CP111041.1,NZ_CP111041.1_468,lysis,COG1292 Choline-glycine betaine transporter,p__Halobacteriota,p__Halobacteriota,c__Halobacteria,o__Halobacteriales,f__Haladaptataceae,g__Haladaptatus,s__Haladaptatus [species 0010],Halobacteriota,Haladaptataceae,Osmolyte transport
NZ_CP111041.1,NZ_CP111041.1_544,lysis,Catalyzes the release of L-lysine from LysW -gamma-L- lysine and the release of L-ornithine from LysW -L-ornithine,p__Halobacteriota,p__Halobacteriota,c__Halobacteria,o__Halobacteriales,f__Haladaptataceae,g__Haladaptatus,s__Haladaptatus [species 0010],Halobacteriota,Haladaptataceae,Metabolic enzymes
NZ_CP111041.1,NZ_CP111041.1_547,lysis,Catalyzes the release of L-lysine from LysW -gamma-L- lysine and the release of L-ornithine from LysW -L-ornithine,p__Halobacteriota,p__Halobacteriota,c__Halobacteria,o__Halobacteriales,f__Haladaptataceae,g__Haladaptatus,s__Haladaptatus [species 0010],Halobacteriota,Haladaptataceae,Metabolic enzymes
NZ_CP111042.1,NZ_CP111042.1_107,tail,Lamin Tail Domain,p__Halobacteriota,p__Halobacteriota,c__Halobacteria,o__Halobacteriales,f__Haladaptataceae,g__Haladaptatus,s__Haladaptatus [species 0010],Halobacteriota,Haladaptataceae,Tail & baseplate
NZ_CP111042.1,NZ_CP111042.1_245,lysis,acid phosphatase activity,p__Halobacteriota,p__Halobacteriota,c__Halobacteria,o__Halobacteriales,f__Haladaptataceae,g__Haladaptatus,s__Haladaptatus [species 0010],Halobacteriota,Haladaptataceae,Metabolic enzymes
NZ_CP111042.1,NZ_CP111042.1_339,tail,Lamin Tail Domain,p__Halobacteriota,p__Halobacteriota,c__Halobacteria,o__Halobacteriales,f__Haladaptataceae,g__Haladaptatus,s__Haladaptatus [species 0010],Halobacteriota,Haladaptataceae,Tail & baseplate
NZ_CP111042.1,NZ_CP111042.1_395,integrase,COG0582 Integrase,p__Halobacteriota,p__Halobacteriota,c__Halobacteria,o__Halobacteriales,f__Haladaptataceae,g__Haladaptatus,s__Haladaptatus [species 0010],Halobacteriota,Haladaptataceae,Integrase
NZ_CP119560.1,NZ_CP119560.1_423,lysis,COG1732 Periplasmic glycine betaine choline-binding (lipo)protein of an ABC-type transport system (osmoprotectant binding protein),p__Halobacteriota,p__Halobacteriota,c__Halobacteria,o__Halobacteriales,f__Haloarculaceae,g__,s__[Genus] [species 0002],Halobacteriota,Haloarculaceae,Osmolyte transport
NZ_CP119783.1,NZ_CP119783.1_64,integrase,COG0582 Integrase,p__Halobacteriota,p__Halobacteriota,c__Halobacteria,o__Halobacteriales,f__,g__,s__[Genus] [species 0001],Halobacteriota,Unclassified,Integrase
NZ_CP119783.1,NZ_CP119783.1_65,integrase,COG0582 Integrase,p__Halobacteriota,p__Halobacteriota,c__Halobacteria,o__Halobacteriales,f__,g__,s__[Genus] [species 0001],Halobacteriota,Unclassified,Integrase
NZ_CP119783.1,NZ_CP119783.1_67,lysis,Choline-glycine betaine transporter,p__Halobacteriota,p__Halobacteriota,c__Halobacteria,o__Halobacteriales,f__,g__,s__[Genus] [species 0001],Halobacteriota,Unclassified,Osmolyte transport
NZ_CP119783.1,NZ_CP119783.1_182,lysis,Thiolesterase that catalyzes the hydrolysis of S-D- lactoyl-glutathione to form glutathione and D-lactic acid,p__Halobacteriota,p__Halobacteriota,c__Halobacteria,o__Halobacteriales,f__,g__,s__[Genus] [species 0001],Halobacteriota,Unclassified,Metabolic enzymes
NZ_CP119783.1,NZ_CP119783.1_207,lysis,COG1292 Choline-glycine betaine transporter,p__Halobacteriota,p__Halobacteriota,c__Halobacteria,o__Halobacteriales,f__,g__,s__[Genus] [species 0001],Halobacteriota,Unclassified,Osmolyte transport
NZ_CP119783.1,NZ_CP119783.1_258,lysis,COG3486 Lysine ornithine N-monooxygenase,p__Halobacteriota,p__Halobacteriota,c__Halobacteria,o__Halobacteriales,f__,g__,s__[Genus] [species 0001],Halobacteriota,Unclassified,Metabolic enzymes
NZ_CP119783.1,NZ_CP119783.1_299,lysis,Catalyzes the reversible conversion of 2- phosphoglycerate into phosphoenolpyruvate. It is essential for the degradation of carbohydrates via glycolysis,p__Halobacteriota,p__Halobacteriota,c__Halobacteria,o__Halobacteriales,f__,g__,s__[Genus] [species 0001],Halobacteriota,Unclassified,Metabolic enzymes
NZ_CP119784.1,NZ_CP119784.1_88,integrase,integrase family,p__Halobacteriota,p__Halobacteriota,c__Halobacteria,o__Halobacteriales,f__,g__,s__[Genus] [species 0001],Halobacteriota,Unclassified,Integrase
NZ_CP119784.1,NZ_CP119784.1_91,integrase,integrase family,p__Halobacteriota,p__Halobacteriota,c__Halobacteria,o__Halobacteriales,f__,g__,s__[Genus] [species 0001],Halobacteriota,Unclassified,Integrase
NZ_CP119784.1,NZ_CP119784.1_191,lysis,COG1253 Hemolysins and related proteins containing CBS domains,p__Halobacteriota,p__Halobacteriota,c__Halobacteria,o__Halobacteriales,f__,g__,s__[Genus] [species 0001],Halobacteriota,Unclassified,Lysis & membrane
NZ_CP119784.1,NZ_CP119784.1_220,lysis,Catalyzes hydrolysis of the D-alanyl-D-alanine dipeptide,p__Halobacteriota,p__Halobacteriota,c__Halobacteria,o__Halobacteriales,f__,g__,s__[Genus] [species 0001],Halobacteriota,Unclassified,Metabolic enzymes
NZ_CP119784.1,NZ_CP119784.1_227,lysis,Catalyzes hydrolysis of the D-alanyl-D-alanine dipeptide,p__Halobacteriota,p__Halobacteriota,c__Halobacteria,o__Halobacteriales,f__,g__,s__[Genus] [species 0001],Halobacteriota,Unclassified,Metabolic enzymes
NZ_CP119784.1,NZ_CP119784.1_228,lysis,Catalyzes hydrolysis of the D-alanyl-D-alanine dipeptide,p__Halobacteriota,p__Halobacteriota,c__Halobacteria,o__Halobacteriales,f__,g__,s__[Genus] [species 0001],Halobacteriota,Unclassified,Metabolic enzymes
NZ_CP119784.1,NZ_CP119784.1_253,integrase,COG0582 Integrase,p__Halobacteriota,p__Halobacteriota,c__Halobacteria,o__Halobacteriales,f__,g__,s__[Genus] [species 0001],Halobacteriota,Unclassified,Integrase
NZ_CP119788.1,NZ_CP119788.1_28,integrase,COG0582 Integrase,p__Halobacteriota,p__Halobacteriota,c__Halobacteria,o__Halobacteriales,f__Haloarculaceae,g__,s__[Genus] [species 0004],Halobacteriota,Haloarculaceae,Integrase
NZ_CP119788.1,NZ_CP119788.1_112,integrase,COG0582 Integrase,p__Halobacteriota,p__Halobacteriota,c__Halobacteria,o__Halobacteriales,f__Haloarculaceae,g__,s__[Genus] [species 0004],Halobacteriota,Haloarculaceae,Integrase
NZ_CP119788.1,NZ_CP119788.1_120,integrase,COG0582 Integrase,p__Halobacteriota,p__Halobacteriota,c__Halobacteria,o__Halobacteriales,f__Haloarculaceae,g__,s__[Genus] [species 0004],Halobacteriota,Haloarculaceae,Integrase
NZ_CP119790.1,NZ_CP119790.1_147,lysis,COG1253 Hemolysins and related proteins containing CBS domains,p__Halobacteriota,p__Halobacteriota,c__Halobacteria,o__Halobacteriales,f__Haloarculaceae,g__,s__[Genus] [species 0006],Halobacteriota,Haloarculaceae,Lysis & membrane
NZ_CP119790.1,NZ_CP119790.1_167,tail,T4-like virus tail tube protein gp19,p__Halobacteriota,p__Halobacteriota,c__Halobacteria,o__Halobacteriales,f__Haloarculaceae,g__,s__[Genus] [species 0006],Halobacteriota,Haloarculaceae,Tail & baseplate
NZ_CP119790.1,NZ_CP119790.1_168,tail,T4-like virus tail tube protein gp19,p__Halobacteriota,p__Halobacteriota,c__Halobacteria,o__Halobacteriales,f__Haloarculaceae,g__,s__[Genus] [species 0006],Halobacteriota,Haloarculaceae,Tail & baseplate
NZ_CP119790.1,NZ_CP119790.1_183,integrase,COG0582 Integrase,p__Halobacteriota,p__Halobacteriota,c__Halobacteria,o__Halobacteriales,f__Haloarculaceae,g__,s__[Genus] [species 0006],Halobacteriota,Haloarculaceae,Integrase
NZ_CP119790.1,NZ_CP119790.1_219,lysis,COG1253 Hemolysins and related proteins containing CBS domains,p__Halobacteriota,p__Halobacteriota,c__Halobacteria,o__Halobacteriales,f__Haloarculaceae,g__,s__[Genus] [species 0006],Halobacteriota,Haloarculaceae,Lysis & membrane
NZ_CP119790.1,NZ_CP119790.1_233,virion,COG3654 Prophage maintenance system killer protein,p__Halobacteriota,p__Halobacteriota,c__Halobacteria,o__Halobacteriales,f__Haloarculaceae,g__,s__[Genus] [species 0006],Halobacteriota,Haloarculaceae,Prophage maintenance
NZ_CP119792.1,NZ_CP119792.1_104,lysis,Catalyzes the reversible conversion of 2- phosphoglycerate into phosphoenolpyruvate. It is essential for the degradation of carbohydrates via glycolysis,p__Halobacteriota,p__Halobacteriota,c__Halobacteria,o__Halobacteriales,f__,g__,s__[Genus] [species 0001],Halobacteriota,Unclassified,Metabolic enzymes
NZ_CP119792.1,NZ_CP119792.1_142,lysis,COG3486 Lysine ornithine N-monooxygenase,p__Halobacteriota,p__Halobacteriota,c__Halobacteria,o__Halobacteriales,f__,g__,s__[Genus] [species 0001],Halobacteriota,Unclassified,Metabolic enzymes
NZ_CP119792.1,NZ_CP119792.1_193,lysis,COG1292 Choline-glycine betaine transporter,p__Halobacteriota,p__Halobacteriota,c__Halobacteria,o__Halobacteriales,f__,g__,s__[Genus] [species 0001],Halobacteriota,Unclassified,Osmolyte transport
NZ_CP119792.1,NZ_CP119792.1_218,lysis,Thiolesterase that catalyzes the hydrolysis of S-D- lactoyl-glutathione to form glutathione and D-lactic acid,p__Halobacteriota,p__Halobacteriota,c__Halobacteria,o__Halobacteriales,f__,g__,s__[Genus] [species 0001],Halobacteriota,Unclassified,Metabolic enzymes
NZ_CP119792.1,NZ_CP119792.1_328,integrase,COG0582 Integrase,p__Halobacteriota,p__Halobacteriota,c__Halobacteria,o__Halobacteriales,f__,g__,s__[Genus] [species 0001],Halobacteriota,Unclassified,Integrase
NZ_CP119792.1,NZ_CP119792.1_329,integrase,COG0582 Integrase,p__Halobacteriota,p__Halobacteriota,c__Halobacteria,o__Halobacteriales,f__,g__,s__[Genus] [species 0001],Halobacteriota,Unclassified,Integrase
NZ_CP119797.1,NZ_CP119797.1_467,lysis,"Facilitates the functional incorporation of the urease nickel metallocenter. This process requires GTP hydrolysis, probably effectuated by UreG",p__Halobacteriota,p__Halobacteriota,c__Halobacteria,o__Halobacteriales,f__Natrialbaceae,g__KZCA124,s__KZCA124 sp017357405,Halobacteriota,Natrialbaceae,Metabolic enzymes
NZ_CP119797.1,NZ_CP119797.1_737,integrase,COG0582 Integrase,p__Halobacteriota,p__Halobacteriota,c__Halobacteria,o__Halobacteriales,f__Natrialbaceae,g__KZCA124,s__KZCA124 sp017357405,Halobacteriota,Natrialbaceae,Integrase
NZ_CP119798.1,NZ_CP119798.1_3,integrase,COG0582 Integrase,p__Halobacteriota,p__Halobacteriota,c__Halobacteria,o__Halobacteriales,f__Natrialbaceae,g__KZCA124,s__KZCA124 sp017357405,Halobacteriota,Natrialbaceae,Integrase
NZ_CP119798.1,NZ_CP119798.1_27,lysis,Sulfatase,p__Halobacteriota,p__Halobacteriota,c__Halobacteria,o__Halobacteriales,f__Natrialbaceae,g__KZCA124,s__KZCA124 sp017357405,Halobacteriota,Natrialbaceae,Metabolic enzymes
NZ_CP119798.1,NZ_CP119798.1_92,virion,"Phage plasmid primase, P4",p__Halobacteriota,p__Halobacteriota,c__Halobacteria,o__Halobacteriales,f__Natrialbaceae,g__KZCA124,s__KZCA124 sp017357405,Halobacteriota,Natrialbaceae,Phage replication
NZ_CP119798.1,NZ_CP119798.1_139,integrase,COG0582 Integrase,p__Halobacteriota,p__Halobacteriota,c__Halobacteria,o__Halobacteriales,f__Natrialbaceae,g__KZCA124,s__KZCA124 sp017357405,Halobacteriota,Natrialbaceae,Integrase
NZ_CP119799.1,NZ_CP119799.1_31,virion,"Phage plasmid primase, P4",p__Halobacteriota,p__Halobacteriota,c__Halobacteria,o__Halobacteriales,f__Natrialbaceae,g__KZCA124,s__KZCA124 sp017357405,Halobacteriota,Natrialbaceae,Phage replication
NZ_CP119799.1,NZ_CP119799.1_37,virion,"Phage plasmid primase, P4",p__Halobacteriota,p__Halobacteriota,c__Halobacteria,o__Halobacteriales,f__Natrialbaceae,g__KZCA124,s__KZCA124 sp017357405,Halobacteriota,Natrialbaceae,Phage replication
NZ_CP119799.1,NZ_CP119799.1_38,integrase,COG0582 Integrase,p__Halobacteriota,p__Halobacteriota,c__Halobacteria,o__Halobacteriales,f__Natrialbaceae,g__KZCA124,s__KZCA124 sp017357405,Halobacteriota,Natrialbaceae,Integrase
NZ_CP119799.1,NZ_CP119799.1_73,virion,"Phage plasmid primase, P4",p__Halobacteriota,p__Halobacteriota,c__Halobacteria,o__Halobacteriales,f__Natrialbaceae,g__KZCA124,s__KZCA124 sp017357405,Halobacteriota,Natrialbaceae,Phage replication
NZ_CP119799.1,NZ_CP119799.1_124,virion,"Phage plasmid primase, P4",p__Halobacteriota,p__Halobacteriota,c__Halobacteria,o__Halobacteriales,f__Natrialbaceae,g__KZCA124,s__KZCA124 sp017357405,Halobacteriota,Natrialbaceae,Phage replication
NZ_CP119799.1,NZ_CP119799.1_141,integrase,COG0582 Integrase,p__Halobacteriota,p__Halobacteriota,c__Halobacteria,o__Halobacteriales,f__Natrialbaceae,g__KZCA124,s__KZCA124 sp017357405,Halobacteriota,Natrialbaceae,Integrase
NZ_CP119799.1,NZ_CP119799.1_160,integrase,COG0582 Integrase,p__Halobacteriota,p__Halobacteriota,c__Halobacteria,o__Halobacteriales,f__Natrialbaceae,g__KZCA124,s__KZCA124 sp017357405,Halobacteriota,Natrialbaceae,Integrase
NZ_CP119799.1,NZ_CP119799.1_174,lysis,COG2931 RTX toxins and related Ca2 -binding proteins,p__Halobacteriota,p__Halobacteriota,c__Halobacteria,o__Halobacteriales,f__Natrialbaceae,g__KZCA124,s__KZCA124 sp017357405,Halobacteriota,Natrialbaceae,Lysis & membrane
NZ_CP119799.1,NZ_CP119799.1_264,integrase,COG0582 Integrase,p__Halobacteriota,p__Halobacteriota,c__Halobacteria,o__Halobacteriales,f__Natrialbaceae,g__KZCA124,s__KZCA124 sp017357405,Halobacteriota,Natrialbaceae,Integrase
NZ_CP119800.1,NZ_CP119800.1_105,integrase,COG0582 Integrase,p__Halobacteriota,p__Halobacteriota,c__Halobacteria,o__Halobacteriales,f__Natrialbaceae,g__KZCA124,s__KZCA124 sp017357405,Halobacteriota,Natrialbaceae,Integrase
NZ_CP119800.1,NZ_CP119800.1_116,integrase,COG0582 Integrase,p__Halobacteriota,p__Halobacteriota,c__Halobacteria,o__Halobacteriales,f__Natrialbaceae,g__KZCA124,s__KZCA124 sp017357405,Halobacteriota,Natrialbaceae,Integrase
NZ_CP119800.1,NZ_CP119800.1_268,lysis,COG1253 Hemolysins and related proteins containing CBS domains,p__Halobacteriota,p__Halobacteriota,c__Halobacteria,o__Halobacteriales,f__Natrialbaceae,g__KZCA124,s__KZCA124 sp017357405,Halobacteriota,Natrialbaceae,Lysis & membrane
NZ_CP119800.1,NZ_CP119800.1_300,lysis,Peptidase M10A and M12B matrixin and adamalysin,p__Halobacteriota,p__Halobacteriota,c__Halobacteria,o__Halobacteriales,f__Natrialbaceae,g__KZCA124,s__KZCA124 sp017357405,Halobacteriota,Natrialbaceae,Lysis & membrane
NZ_CP119801.1,NZ_CP119801.1_19,integrase,COG0582 Integrase,p__Halobacteriota,p__Halobacteriota,c__Halobacteria,o__Halobacteriales,f__Natrialbaceae,g__KZCA124,s__KZCA124 sp017357405,Halobacteriota,Natrialbaceae,Integrase
NZ_CP119806.1,NZ_CP119806.1_58,virion,"Phage plasmid primase, P4",p__Halobacteriota,p__Halobacteriota,c__Halobacteria,o__Halobacteriales,f__Haladaptataceae,g__Halorussus,s__Halorussus [species 0012],Halobacteriota,Haladaptataceae,Phage replication
NZ_CP119806.1,NZ_CP119806.1_75,integrase,COG0582 Integrase,p__Halobacteriota,p__Halobacteriota,c__Halobacteria,o__Halobacteriales,f__Haladaptataceae,g__Halorussus,s__Halorussus [species 0012],Halobacteriota,Haladaptataceae,Integrase
NZ_CP119810.1,NZ_CP119810.1_261,integrase,COG0582 Integrase,p__Halobacteriota,p__Halobacteriota,c__Halobacteria,o__Halobacteriales,f__Haladaptataceae,g__Halorussus,s__Halorussus [species 0014],Halobacteriota,Haladaptataceae,Integrase
NZ_CP119810.1,NZ_CP119810.1_353,lysis,COG1253 Hemolysins and related proteins containing CBS domains,p__Halobacteriota,p__Halobacteriota,c__Halobacteria,o__Halobacteriales,f__Haladaptataceae,g__Halorussus,s__Halorussus [species 0014],Halobacteriota,Haladaptataceae,Lysis & membrane
NZ_CP119811.1,NZ_CP119811.1_108,lysis,COG3486 Lysine ornithine N-monooxygenase,p__Halobacteriota,p__Halobacteriota,c__Halobacteria,o__Halobacteriales,f__Haladaptataceae,g__Halorussus,s__Halorussus [species 0014],Halobacteriota,Haladaptataceae,Metabolic enzymes
NZ_CP119812.1,NZ_CP119812.1_44,lysis,COG1253 Hemolysins and related proteins containing CBS domains,p__Halobacteriota,p__Halobacteriota,c__Halobacteria,o__Halobacteriales,f__Haladaptataceae,g__Halorussus,s__Halorussus [species 0014],Halobacteriota,Haladaptataceae,Lysis & membrane
NZ_CP119812.1,NZ_CP119812.1_56,integrase,COG0582 Integrase,p__Halobacteriota,p__Halobacteriota,c__Halobacteria,o__Halobacteriales,f__Haladaptataceae,g__Halorussus,s__Halorussus [species 0014],Halobacteriota,Haladaptataceae,Integrase
NZ_CP119812.1,NZ_CP119812.1_59,lysis,COG3486 Lysine ornithine N-monooxygenase,p__Halobacteriota,p__Halobacteriota,c__Halobacteria,o__Halobacteriales,f__Haladaptataceae,g__Halorussus,s__Halorussus [species 0014],Halobacteriota,Haladaptataceae,Metabolic enzymes
NZ_CP119812.1,NZ_CP119812.1_74,lysis,Peptidase M10A and M12B matrixin and adamalysin,p__Halobacteriota,p__Halobacteriota,c__Halobacteria,o__Halobacteriales,f__Haladaptataceae,g__Halorussus,s__Halorussus [species 0014],Halobacteriota,Haladaptataceae,Lysis & membrane
NZ_CP119813.1,NZ_CP119813.1_2,integrase,COG0582 Integrase,p__Halobacteriota,p__Halobacteriota,c__Halobacteria,o__Halobacteriales,f__Haladaptataceae,g__Halorussus,s__Halorussus [species 0014],Halobacteriota,Haladaptataceae,Integrase
NZ_CP119813.1,NZ_CP119813.1_3,integrase,COG0582 Integrase,p__Halobacteriota,p__Halobacteriota,c__Halobacteria,o__Halobacteriales,f__Haladaptataceae,g__Halorussus,s__Halorussus [species 0014],Halobacteriota,Haladaptataceae,Integrase
NZ_CP119813.1,NZ_CP119813.1_11,integrase,COG0582 Integrase,p__Halobacteriota,p__Halobacteriota,c__Halobacteria,o__Halobacteriales,f__Haladaptataceae,g__Halorussus,s__Halorussus [species 0014],Halobacteriota,Haladaptataceae,Integrase
NZ_CP119813.1,NZ_CP119813.1_12,integrase,COG0582 Integrase,p__Halobacteriota,p__Halobacteriota,c__Halobacteria,o__Halobacteriales,f__Haladaptataceae,g__Halorussus,s__Halorussus [species 0014],Halobacteriota,Haladaptataceae,Integrase
NZ_CP119813.1,NZ_CP119813.1_95,virion,"Phage plasmid primase, P4",p__Halobacteriota,p__Halobacteriota,c__Halobacteria,o__Halobacteriales,f__Haladaptataceae,g__Halorussus,s__Halorussus [species 0014],Halobacteriota,Haladaptataceae,Phage replication
NZ_CP119813.1,NZ_CP119813.1_105,integrase,COG0582 Integrase,p__Halobacteriota,p__Halobacteriota,c__Halobacteria,o__Halobacteriales,f__Haladaptataceae,g__Halorussus,s__Halorussus [species 0014],Halobacteriota,Haladaptataceae,Integrase
NZ_CP119813.1,NZ_CP119813.1_109,integrase,COG0582 Integrase,p__Halobacteriota,p__Halobacteriota,c__Halobacteria,o__Halobacteriales,f__Haladaptataceae,g__Halorussus,s__Halorussus [species 0014],Halobacteriota,Haladaptataceae,Integrase
NZ_CP119813.1,NZ_CP119813.1_110,integrase,COG0582 Integrase,p__Halobacteriota,p__Halobacteriota,c__Halobacteria,o__Halobacteriales,f__Haladaptataceae,g__Halorussus,s__Halorussus [species 0014],Halobacteriota,Haladaptataceae,Integrase
NZ_CP119813.1,NZ_CP119813.1_116,integrase,COG0582 Integrase,p__Halobacteriota,p__Halobacteriota,c__Halobacteria,o__Halobacteriales,f__Haladaptataceae,g__Halorussus,s__Halorussus [species 0014],Halobacteriota,Haladaptataceae,Integrase
NZ_CP119990.1,NZ_CP119990.1_88,integrase,Phage integrase family,p__Halobacteriota,p__Halobacteriota,c__Halobacteria,o__Halobacteriales,f__Haloferacaceae,g__Halobaculum,s__Halobaculum [species 0019],Halobacteriota,Haloferacaceae,Integrase
NZ_CP119990.1,NZ_CP119990.1_133,integrase,COG0582 Integrase,p__Halobacteriota,p__Halobacteriota,c__Halobacteria,o__Halobacteriales,f__Haloferacaceae,g__Halobaculum,s__Halobaculum [species 0019],Halobacteriota,Haloferacaceae,Integrase
NZ_CP119990.1,NZ_CP119990.1_145,lysis,COG1253 Hemolysins and related proteins containing CBS domains,p__Halobacteriota,p__Halobacteriota,c__Halobacteria,o__Halobacteriales,f__Haloferacaceae,g__Halobaculum,s__Halobaculum [species 0019],Halobacteriota,Haloferacaceae,Lysis & membrane
NZ_CP119990.1,NZ_CP119990.1_196,lysis,COG2303 Choline dehydrogenase and related flavoproteins,p__Halobacteriota,p__Halobacteriota,c__Halobacteria,o__Halobacteriales,f__Haloferacaceae,g__Halobaculum,s__Halobaculum [species 0019],Halobacteriota,Haloferacaceae,Osmolyte transport
NZ_CP119991.1,NZ_CP119991.1_221,integrase,COG0582 Integrase,p__Halobacteriota,p__Halobacteriota,c__Halobacteria,o__Halobacteriales,f__Haloferacaceae,g__Halobaculum,s__Halobaculum [species 0019],Halobacteriota,Haloferacaceae,Integrase
NZ_CP120471.1,NZ_CP120471.1_29,lysis,COG1253 Hemolysins and related proteins containing CBS domains,p__Halobacteriota,p__Halobacteriota,c__Halobacteria,o__Halobacteriales,f__,g__,s__[Genus] [species 0001],Halobacteriota,Unclassified,Lysis & membrane
NZ_CP120471.1,NZ_CP120471.1_39,lysis,COG1253 Hemolysins and related proteins containing CBS domains,p__Halobacteriota,p__Halobacteriota,c__Halobacteria,o__Halobacteriales,f__,g__,s__[Genus] [species 0001],Halobacteriota,Unclassified,Lysis & membrane
NZ_CP120471.1,NZ_CP120471.1_225,integrase,COG0582 Integrase,p__Halobacteriota,p__Halobacteriota,c__Halobacteria,o__Halobacteriales,f__,g__,s__[Genus] [species 0001],Halobacteriota,Unclassified,Integrase
NZ_CP120471.1,NZ_CP120471.1_250,lysis,Catalyzes hydrolysis of the D-alanyl-D-alanine dipeptide,p__Halobacteriota,p__Halobacteriota,c__Halobacteria,o__Halobacteriales,f__,g__,s__[Genus] [species 0001],Halobacteriota,Unclassified,Metabolic enzymes
NZ_CP120471.1,NZ_CP120471.1_251,lysis,Catalyzes hydrolysis of the D-alanyl-D-alanine dipeptide,p__Halobacteriota,p__Halobacteriota,c__Halobacteria,o__Halobacteriales,f__,g__,s__[Genus] [species 0001],Halobacteriota,Unclassified,Metabolic enzymes
NZ_CP120471.1,NZ_CP120471.1_258,lysis,Catalyzes hydrolysis of the D-alanyl-D-alanine dipeptide,p__Halobacteriota,p__Halobacteriota,c__Halobacteria,o__Halobacteriales,f__,g__,s__[Genus] [species 0001],Halobacteriota,Unclassified,Metabolic enzymes
NZ_CP120471.1,NZ_CP120471.1_302,lysis,COG1253 Hemolysins and related proteins containing CBS domains,p__Halobacteriota,p__Halobacteriota,c__Halobacteria,o__Halobacteriales,f__,g__,s__[Genus] [species 0001],Halobacteriota,Unclassified,Lysis & membrane
NZ_CP120471.1,NZ_CP120471.1_312,lysis,COG1253 Hemolysins and related proteins containing CBS domains,p__Halobacteriota,p__Halobacteriota,c__Halobacteria,o__Halobacteriales,f__,g__,s__[Genus] [species 0001],Halobacteriota,Unclassified,Lysis & membrane
NZ_CP120472.1,NZ_CP120472.1_10,lysis,COG3486 Lysine ornithine N-monooxygenase,p__Halobacteriota,p__Halobacteriota,c__Halobacteria,o__Halobacteriales,f__,g__,s__[Genus] [species 0001],Halobacteriota,Unclassified,Metabolic enzymes
NZ_CP120472.1,NZ_CP120472.1_53,lysis,Catalyzes the reversible conversion of 2- phosphoglycerate into phosphoenolpyruvate. It is essential for the degradation of carbohydrates via glycolysis,p__Halobacteriota,p__Halobacteriota,c__Halobacteria,o__Halobacteriales,f__,g__,s__[Genus] [species 0001],Halobacteriota,Unclassified,Metabolic enzymes
NZ_CP120472.1,NZ_CP120472.1_328,integrase,COG0582 Integrase,p__Halobacteriota,p__Halobacteriota,c__Halobacteria,o__Halobacteriales,f__,g__,s__[Genus] [species 0001],Halobacteriota,Unclassified,Integrase
NZ_CP120472.1,NZ_CP120472.1_329,integrase,COG0582 Integrase,p__Halobacteriota,p__Halobacteriota,c__Halobacteria,o__Halobacteriales,f__,g__,s__[Genus] [species 0001],Halobacteriota,Unclassified,Integrase
NZ_CP120472.1,NZ_CP120472.1_331,lysis,Choline-glycine betaine transporter,p__Halobacteriota,p__Halobacteriota,c__Halobacteria,o__Halobacteriales,f__,g__,s__[Genus] [species 0001],Halobacteriota,Unclassified,Osmolyte transport
NZ_CP120472.1,NZ_CP120472.1_446,lysis,Thiolesterase that catalyzes the hydrolysis of S-D- lactoyl-glutathione to form glutathione and D-lactic acid,p__Halobacteriota,p__Halobacteriota,c__Halobacteria,o__Halobacteriales,f__,g__,s__[Genus] [species 0001],Halobacteriota,Unclassified,Metabolic enzymes
NZ_CP120472.1,NZ_CP120472.1_471,lysis,COG1292 Choline-glycine betaine transporter,p__Halobacteriota,p__Halobacteriota,c__Halobacteria,o__Halobacteriales,f__,g__,s__[Genus] [species 0001],Halobacteriota,Unclassified,Osmolyte transport
NZ_CP120472.1,NZ_CP120472.1_520,lysis,COG3486 Lysine ornithine N-monooxygenase,p__Halobacteriota,p__Halobacteriota,c__Halobacteria,o__Halobacteriales,f__,g__,s__[Genus] [species 0001],Halobacteriota,Unclassified,Metabolic enzymes
NZ_CP120472.1,NZ_CP120472.1_564,lysis,Catalyzes the reversible conversion of 2- phosphoglycerate into phosphoenolpyruvate. It is essential for the degradation of carbohydrates via glycolysis,p__Halobacteriota,p__Halobacteriota,c__Halobacteria,o__Halobacteriales,f__,g__,s__[Genus] [species 0001],Halobacteriota,Unclassified,Metabolic enzymes
NZ_CP126155.1,NZ_CP126155.1_122,lysis,COG1253 Hemolysins and related proteins containing CBS domains,p__Halobacteriota,p__Halobacteriota,c__Halobacteria,o__Halobacteriales,f__Haloferacaceae,g__Halobaculum,s__Halobaculum [species 0018],Halobacteriota,Haloferacaceae,Lysis & membrane
NZ_CP126155.1,NZ_CP126155.1_137,integrase,COG0582 Integrase,p__Halobacteriota,p__Halobacteriota,c__Halobacteria,o__Halobacteriales,f__Haloferacaceae,g__Halobaculum,s__Halobaculum [species 0018],Halobacteriota,Haloferacaceae,Integrase
NZ_CP126155.1,NZ_CP126155.1_228,lysis,COG2303 Choline dehydrogenase and related flavoproteins,p__Halobacteriota,p__Halobacteriota,c__Halobacteria,o__Halobacteriales,f__Haloferacaceae,g__Halobaculum,s__Halobaculum [species 0018],Halobacteriota,Haloferacaceae,Osmolyte transport
NZ_CP126159.1,NZ_CP126159.1_86,integrase,COG0582 Integrase,p__Halobacteriota,p__Halobacteriota,c__Halobacteria,o__Halobacteriales,f__Haloferacaceae,g__Halobaculum,s__Halobaculum [species 0021],Halobacteriota,Haloferacaceae,Integrase
NZ_CP126159.1,NZ_CP126159.1_174,lysis,COG1253 Hemolysins and related proteins containing CBS domains,p__Halobacteriota,p__Halobacteriota,c__Halobacteria,o__Halobacteriales,f__Haloferacaceae,g__Halobaculum,s__Halobaculum [species 0021],Halobacteriota,Haloferacaceae,Lysis & membrane
NZ_CP126159.1,NZ_CP126159.1_234,lysis,COG2303 Choline dehydrogenase and related flavoproteins,p__Halobacteriota,p__Halobacteriota,c__Halobacteria,o__Halobacteriales,f__Haloferacaceae,g__Halobaculum,s__Halobaculum [species 0021],Halobacteriota,Haloferacaceae,Osmolyte transport
NZ_CP126160.1,NZ_CP126160.1_72,integrase,COG0582 Integrase,p__Halobacteriota,p__Halobacteriota,c__Halobacteria,o__Halobacteriales,f__Haloferacaceae,g__Halobaculum,s__Halobaculum [species 0021],Halobacteriota,Haloferacaceae,Integrase
NZ_CP126164.1,NZ_CP126164.1_17,integrase,COG0582 Integrase,p__Halobacteriota,p__Halobacteriota,c__Halobacteria,o__Halobacteriales,f__Haloarculaceae,g__,s__[Genus] [species 0003],Halobacteriota,Haloarculaceae,Integrase
NZ_CP126164.1,NZ_CP126164.1_53,integrase,"COG1961 Site-specific recombinases, DNA invertase Pin homologs",p__Halobacteriota,p__Halobacteriota,c__Halobacteria,o__Halobacteriales,f__Haloarculaceae,g__,s__[Genus] [species 0003],Halobacteriota,Haloarculaceae,Integrase
NZ_CP126164.1,NZ_CP126164.1_65,integrase,Phage integrase family,p__Halobacteriota,p__Halobacteriota,c__Halobacteria,o__Halobacteriales,f__Haloarculaceae,g__,s__[Genus] [species 0003],Halobacteriota,Haloarculaceae,Integrase
NZ_CP126164.1,NZ_CP126164.1_108,virion,"Phage plasmid primase, P4",p__Halobacteriota,p__Halobacteriota,c__Halobacteria,o__Halobacteriales,f__Haloarculaceae,g__,s__[Genus] [species 0003],Halobacteriota,Haloarculaceae,Phage replication
NZ_CP126164.1,NZ_CP126164.1_151,integrase,COG0582 Integrase,p__Halobacteriota,p__Halobacteriota,c__Halobacteria,o__Halobacteriales,f__Haloarculaceae,g__,s__[Genus] [species 0003],Halobacteriota,Haloarculaceae,Integrase
NZ_CP127175.1,NZ_CP127175.1_96,integrase,COG0582 Integrase,p__Halobacteriota,p__Halobacteriota,c__Halobacteria,o__Halobacteriales,f__Natrialbaceae,g__,s__[Genus] [species 0013],Halobacteriota,Natrialbaceae,Integrase
NZ_CP127175.1,NZ_CP127175.1_178,virion,"Phage plasmid primase, P4",p__Halobacteriota,p__Halobacteriota,c__Halobacteria,o__Halobacteriales,f__Natrialbaceae,g__,s__[Genus] [species 0013],Halobacteriota,Natrialbaceae,Phage replication
NZ_CP127176.1,NZ_CP127176.1_4,integrase,COG0582 Integrase,p__Halobacteriota,p__Halobacteriota,c__Halobacteria,o__Halobacteriales,f__Natrialbaceae,g__,s__[Genus] [species 0013],Halobacteriota,Natrialbaceae,Integrase
NZ_CP127176.1,NZ_CP127176.1_68,virion,COG3654 Prophage maintenance system killer protein,p__Halobacteriota,p__Halobacteriota,c__Halobacteria,o__Halobacteriales,f__Natrialbaceae,g__,s__[Genus] [species 0013],Halobacteriota,Natrialbaceae,Prophage maintenance
NZ_CP128378.1,NZ_CP128378.1_121,virion,COG3654 Prophage maintenance system killer protein,p__Halobacteriota,p__Halobacteriota,c__Halobacteria,o__Halobacteriales,f__Halobacteriaceae,g__Halobacterium,s__Halobacterium salinarum,Halobacteriota,Halobacteriaceae,Prophage maintenance
NZ_CP128378.1,NZ_CP128378.1_165,integrase,COG0582 Integrase,p__Halobacteriota,p__Halobacteriota,c__Halobacteria,o__Halobacteriales,f__Halobacteriaceae,g__Halobacterium,s__Halobacterium salinarum,Halobacteriota,Halobacteriaceae,Integrase
NZ_CP128378.1,NZ_CP128378.1_168,lysis,NAD-dependent lysine deacetylase and desuccinylase that specifically removes acetyl and succinyl groups on target proteins. Modulates the activities of several proteins which are inactive in their acylated form,p__Halobacteriota,p__Halobacteriota,c__Halobacteria,o__Halobacteriales,f__Halobacteriaceae,g__Halobacterium,s__Halobacterium salinarum,Halobacteriota,Halobacteriaceae,Metabolic enzymes
NZ_CP128378.1,NZ_CP128378.1_195,lysis,"Part of the high-affinity ATP-driven potassium transport (or Kdp) system, which catalyzes the hydrolysis of ATP coupled with the electrogenic transport of potassium into the cytoplasm. This subunit binds and transports the potassium across the cytoplasmic membrane",p__Halobacteriota,p__Halobacteriota,c__Halobacteria,o__Halobacteriales,f__Halobacteriaceae,g__Halobacterium,s__Halobacterium salinarum,Halobacteriota,Halobacteriaceae,Metabolic enzymes
NZ_CP128378.1,NZ_CP128378.1_196,lysis,"Part of the high-affinity ATP-driven potassium transport (or Kdp) system, which catalyzes the hydrolysis of ATP coupled with the electrogenic transport of potassium into the cytoplasm. This subunit binds and transports the potassium across the cytoplasmic membrane",p__Halobacteriota,p__Halobacteriota,c__Halobacteria,o__Halobacteriales,f__Halobacteriaceae,g__Halobacterium,s__Halobacterium salinarum,Halobacteriota,Halobacteriaceae,Metabolic enzymes
NZ_CP128378.1,NZ_CP128378.1_197,lysis,"Part of the high-affinity ATP-driven potassium transport (or Kdp) system, which catalyzes the hydrolysis of ATP coupled with the electrogenic transport of potassium into the cytoplasm. This subunit is responsible for energy coupling to the transport system",p__Halobacteriota,p__Halobacteriota,c__Halobacteria,o__Halobacteriales,f__Halobacteriaceae,g__Halobacterium,s__Halobacterium salinarum,Halobacteriota,Halobacteriaceae,Metabolic enzymes
NZ_CP128378.1,NZ_CP128378.1_198,lysis,"Part of the high-affinity ATP-driven potassium transport (or Kdp) system, which catalyzes the hydrolysis of ATP coupled with the electrogenic transport of potassium into the cytoplasm. This subunit acts as a catalytic chaperone that increases the ATP- binding affinity of the ATP-hydrolyzing subunit KdpB by the formation of a transient KdpB KdpC ATP ternary complex",p__Halobacteriota,p__Halobacteriota,c__Halobacteria,o__Halobacteriales,f__Halobacteriaceae,g__Halobacterium,s__Halobacterium salinarum,Halobacteriota,Halobacteriaceae,Metabolic enzymes
NZ_CP128378.1,NZ_CP128378.1_225,lysis,COG3486 Lysine ornithine N-monooxygenase,p__Halobacteriota,p__Halobacteriota,c__Halobacteria,o__Halobacteriales,f__Halobacteriaceae,g__Halobacterium,s__Halobacterium salinarum,Halobacteriota,Halobacteriaceae,Metabolic enzymes
NZ_CP128378.1,NZ_CP128378.1_284,lysis,COG1253 Hemolysins and related proteins containing CBS domains,p__Halobacteriota,p__Halobacteriota,c__Halobacteria,o__Halobacteriales,f__Halobacteriaceae,g__Halobacterium,s__Halobacterium salinarum,Halobacteriota,Halobacteriaceae,Lysis & membrane
NZ_CP128378.1,NZ_CP128378.1_305,integrase,COG0582 Integrase,p__Halobacteriota,p__Halobacteriota,c__Halobacteria,o__Halobacteriales,f__Halobacteriaceae,g__Halobacterium,s__Halobacterium salinarum,Halobacteriota,Halobacteriaceae,Integrase
NZ_CP135523.1,NZ_CP135523.1_50,lysis,COG1253 Hemolysins and related proteins containing CBS domains,p__Halobacteriota,p__Halobacteriota,c__Halobacteria,o__Halobacteriales,f__Natrialbaceae,g__KZCA124,s__KZCA124 sp017357405,Halobacteriota,Natrialbaceae,Lysis & membrane
NZ_CP135523.1,NZ_CP135523.1_71,virion,COG3654 Prophage maintenance system killer protein,p__Halobacteriota,p__Halobacteriota,c__Halobacteria,o__Halobacteriales,f__Natrialbaceae,g__KZCA124,s__KZCA124 sp017357405,Halobacteriota,Natrialbaceae,Prophage maintenance
NZ_CP135523.1,NZ_CP135523.1_100,integrase,COG0582 Integrase,p__Halobacteriota,p__Halobacteriota,c__Halobacteria,o__Halobacteriales,f__Natrialbaceae,g__KZCA124,s__KZCA124 sp017357405,Halobacteriota,Natrialbaceae,Integrase
NZ_CP135523.1,NZ_CP135523.1_149,virion,"Phage plasmid primase, P4",p__Halobacteriota,p__Halobacteriota,c__Halobacteria,o__Halobacteriales,f__Natrialbaceae,g__KZCA124,s__KZCA124 sp017357405,Halobacteriota,Natrialbaceae,Phage replication
NZ_CP135523.1,NZ_CP135523.1_171,lysis,COG2931 RTX toxins and related Ca2 -binding proteins,p__Halobacteriota,p__Halobacteriota,c__Halobacteria,o__Halobacteriales,f__Natrialbaceae,g__KZCA124,s__KZCA124 sp017357405,Halobacteriota,Natrialbaceae,Lysis & membrane
NZ_CP135523.1,NZ_CP135523.1_173,lysis,COG2931 RTX toxins and related Ca2 -binding proteins,p__Halobacteriota,p__Halobacteriota,c__Halobacteria,o__Halobacteriales,f__Natrialbaceae,g__KZCA124,s__KZCA124 sp017357405,Halobacteriota,Natrialbaceae,Lysis & membrane
NZ_CP135523.1,NZ_CP135523.1_260,integrase,COG0582 Integrase,p__Halobacteriota,p__Halobacteriota,c__Halobacteria,o__Halobacteriales,f__Natrialbaceae,g__KZCA124,s__KZCA124 sp017357405,Halobacteriota,Natrialbaceae,Integrase
NZ_CP135524.1,NZ_CP135524.1_3,integrase,Integrase,p__Halobacteriota,p__Halobacteriota,c__Halobacteria,o__Halobacteriales,f__Natrialbaceae,g__KZCA124,s__KZCA124 sp017357405,Halobacteriota,Natrialbaceae,Integrase
NZ_CP135524.1,NZ_CP135524.1_5,integrase,Integrase,p__Halobacteriota,p__Halobacteriota,c__Halobacteria,o__Halobacteriales,f__Natrialbaceae,g__KZCA124,s__KZCA124 sp017357405,Halobacteriota,Natrialbaceae,Integrase
NZ_CP135524.1,NZ_CP135524.1_13,integrase,COG0582 Integrase,p__Halobacteriota,p__Halobacteriota,c__Halobacteria,o__Halobacteriales,f__Natrialbaceae,g__KZCA124,s__KZCA124 sp017357405,Halobacteriota,Natrialbaceae,Integrase
NZ_CP135524.1,NZ_CP135524.1_46,virion,"Phage plasmid primase, P4",p__Halobacteriota,p__Halobacteriota,c__Halobacteria,o__Halobacteriales,f__Natrialbaceae,g__KZCA124,s__KZCA124 sp017357405,Halobacteriota,Natrialbaceae,Phage replication
NZ_CP135524.1,NZ_CP135524.1_85,integrase,COG0582 Integrase,p__Halobacteriota,p__Halobacteriota,c__Halobacteria,o__Halobacteriales,f__Natrialbaceae,g__KZCA124,s__KZCA124 sp017357405,Halobacteriota,Natrialbaceae,Integrase
NZ_CP135524.1,NZ_CP135524.1_120,lysis,Catalyzes the hydrolysis of the adenine ring of phosphoribosyl-AMP,p__Halobacteriota,p__Halobacteriota,c__Halobacteria,o__Halobacteriales,f__Natrialbaceae,g__KZCA124,s__KZCA124 sp017357405,Halobacteriota,Natrialbaceae,Metabolic enzymes
NZ_CP135525.1,NZ_CP135525.1_45,virion,"Phage plasmid primase, P4",p__Halobacteriota,p__Halobacteriota,c__Halobacteria,o__Halobacteriales,f__Natrialbaceae,g__KZCA124,s__KZCA124 sp017357405,Halobacteriota,Natrialbaceae,Phage replication
NZ_CP135525.1,NZ_CP135525.1_72,integrase,COG0582 Integrase,p__Halobacteriota,p__Halobacteriota,c__Halobacteria,o__Halobacteriales,f__Natrialbaceae,g__KZCA124,s__KZCA124 sp017357405,Halobacteriota,Natrialbaceae,Integrase
NZ_CP135526.1,NZ_CP135526.1_57,virion,"Phage plasmid primase, P4",p__Halobacteriota,p__Halobacteriota,c__Halobacteria,o__Halobacteriales,f__Natrialbaceae,g__KZCA124,s__KZCA124 sp017357405,Halobacteriota,Natrialbaceae,Phage replication
NZ_JADPQC010000006.1,NZ_JADPQC010000006.1_65,lysis,COG3486 Lysine ornithine N-monooxygenase,p__Halobacteriota,p__Halobacteriota,c__Halobacteria,o__Halobacteriales,f__Haloarculaceae,g__Halomicrobium,s__Halomicrobium sp009617995,Halobacteriota,Haloarculaceae,Metabolic enzymes
NZ_JADPQC010000006.1,NZ_JADPQC010000006.1_100,lysis,Catalyzes the hydrolysis of the adenine ring of phosphoribosyl-AMP,p__Halobacteriota,p__Halobacteriota,c__Halobacteria,o__Halobacteriales,f__Haloarculaceae,g__Halomicrobium,s__Halomicrobium sp009617995,Halobacteriota,Haloarculaceae,Metabolic enzymes
NZ_JADPQC010000006.1,NZ_JADPQC010000006.1_114,integrase,COG0582 Integrase,p__Halobacteriota,p__Halobacteriota,c__Halobacteria,o__Halobacteriales,f__Haloarculaceae,g__Halomicrobium,s__Halomicrobium sp009617995,Halobacteriota,Haloarculaceae,Integrase
NZ_JADPQC010000006.1,NZ_JADPQC010000006.1_120,lysis,lysine biosynthesis protein LysW,p__Halobacteriota,p__Halobacteriota,c__Halobacteria,o__Halobacteriales,f__Haloarculaceae,g__Halomicrobium,s__Halomicrobium sp009617995,Halobacteriota,Haloarculaceae,Metabolic enzymes
NZ_JAKRVX010000010.1,NZ_JAKRVX010000010.1_30,integrase,COG0582 Integrase,p__Halobacteriota,p__Halobacteriota,c__Halobacteria,o__Halobacteriales,f__Haloferacaceae,g__Natronocalculus,s__Natronocalculus amylovorans,Halobacteriota,Haloferacaceae,Integrase
NZ_KJ619463.1,NZ_KJ619463.1_5,integrase,integrase family,p__Halobacteriota,p__Halobacteriota,c__Halobacteria,o__Halobacteriales,f__Haloferacaceae,g__Halorubrum,s__Halorubrum distributum,Halobacteriota,Haloferacaceae,Integrase
NZ_KX687704.1,NZ_KX687704.1_34,integrase,integrase family,p__Halobacteriota,p__Halobacteriota,c__Halobacteria,o__Halobacteriales,f__Haloferacaceae,g__Halorubrum,s__Halorubrum lacusprofundi,Halobacteriota,Haloferacaceae,Integrase
NZ_KX906370.1,NZ_KX906370.1_10,integrase,COG0582 Integrase,p__Halobacteriota,p__Halobacteriota,c__Halobacteria,o__Halobacteriales,f__Haloferacaceae,g__Halorubrum,s__Halorubrum lacusprofundi,Halobacteriota,Haloferacaceae,Integrase
NZ_KX906370.1,NZ_KX906370.1_23,integrase,integrase family,p__Halobacteriota,p__Halobacteriota,c__Halobacteria,o__Halobacteriales,f__Haloferacaceae,g__Halorubrum,s__Halorubrum lacusprofundi,Halobacteriota,Haloferacaceae,Integrase
NZ_KX906370.1,NZ_KX906370.1_187,integrase,integrase family,p__Halobacteriota,p__Halobacteriota,c__Halobacteria,o__Halobacteriales,f__Haloferacaceae,g__Halorubrum,s__Halorubrum lacusprofundi,Halobacteriota,Haloferacaceae,Integrase
NZ_LN831303.1,NZ_LN831303.1_1,integrase,COG0582 Integrase,p__Halobacteriota,p__Halobacteriota,c__Halobacteria,o__Halobacteriales,f__Halobacteriaceae,g__Halobacterium,s__Halobacterium hubeiense,Halobacteriota,Halobacteriaceae,Integrase
NZ_LN831303.1,NZ_LN831303.1_178,integrase,Integrase,p__Halobacteriota,p__Halobacteriota,c__Halobacteria,o__Halobacteriales,f__Halobacteriaceae,g__Halobacterium,s__Halobacterium hubeiense,Halobacteriota,Halobacteriaceae,Integrase
NZ_LN831303.1,NZ_LN831303.1_282,lysis,COG1253 Hemolysins and related proteins containing CBS domains,p__Halobacteriota,p__Halobacteriota,c__Halobacteria,o__Halobacteriales,f__Halobacteriaceae,g__Halobacterium,s__Halobacterium hubeiense,Halobacteriota,Halobacteriaceae,Lysis & membrane
NZ_LN831303.1,NZ_LN831303.1_352,integrase,COG0582 Integrase,p__Halobacteriota,p__Halobacteriota,c__Halobacteria,o__Halobacteriales,f__Halobacteriaceae,g__Halobacterium,s__Halobacterium hubeiense,Halobacteriota,Halobacteriaceae,Integrase
NZ_LN831304.1,NZ_LN831304.1_1,integrase,COG0582 Integrase,p__Halobacteriota,p__Halobacteriota,c__Halobacteria,o__Halobacteriales,f__Halobacteriaceae,g__Halobacterium,s__Halobacterium hubeiense,Halobacteriota,Halobacteriaceae,Integrase
NZ_LN831305.1,NZ_LN831305.1_1,integrase,COG0582 Integrase,p__Halobacteriota,p__Halobacteriota,c__Halobacteria,o__Halobacteriales,f__Halobacteriaceae,g__Halobacterium,s__Halobacterium hubeiense,Halobacteriota,Halobacteriaceae,Integrase
NZ_MJCD01000019.1,NZ_MJCD01000019.1_40,integrase,integrase family,p__Halobacteriota,p__Halobacteriota,c__Halobacteria,o__Halobacteriales,f__Haloferacaceae,g__Halorubrum,s__Halorubrum lacusprofundi,Halobacteriota,Haloferacaceae,Integrase
NZ_MJCD01000019.1,NZ_MJCD01000019.1_53,integrase,COG0582 Integrase,p__Halobacteriota,p__Halobacteriota,c__Halobacteria,o__Halobacteriales,f__Haloferacaceae,g__Halorubrum,s__Halorubrum lacusprofundi,Halobacteriota,Haloferacaceae,Integrase
NZ_MJCD01000052.1,NZ_MJCD01000052.1_1,integrase,integrase family,p__Halobacteriota,p__Halobacteriota,c__Halobacteria,o__Halobacteriales,f__Haloferacaceae,g__Halorubrum,s__Halorubrum lacusprofundi,Halobacteriota,Haloferacaceae,Integrase
NZ_MN477947.1,NZ_MN477947.1_2,integrase,Phage integrase family,p__Methanobacteriota_B,p__Methanobacteriota_B,c__Thermococci,o__Thermococcales,f__Thermococcaceae,g__Pyrococcus,s__Pyrococcus abyssi,Methanobacteriota_B,Thermococcaceae,Integrase
NZ_MN477947.1,NZ_MN477947.1_37,integrase,Archaeal phage integrase,p__Methanobacteriota_B,p__Methanobacteriota_B,c__Thermococci,o__Thermococcales,f__Thermococcaceae,g__Pyrococcus,s__Pyrococcus abyssi,Methanobacteriota_B,Thermococcaceae,Integrase
NZ_MN918441.1,NZ_MN918441.1_1,integrase,COG0582 Integrase,p__Halobacteriota,p__Halobacteriota,c__Halobacteria,o__Halobacteriales,f__Haloferacaceae,g__Haloprofundus,s__Haloprofundus halophilus,Halobacteriota,Haloferacaceae,Integrase
NZ_MN918441.1,NZ_MN918441.1_55,virion,"Phage plasmid primase, P4",p__Halobacteriota,p__Halobacteriota,c__Halobacteria,o__Halobacteriales,f__Haloferacaceae,g__Haloprofundus,s__Haloprofundus halophilus,Halobacteriota,Haloferacaceae,Phage replication
NZ_MN918441.1,NZ_MN918441.1_125,integrase,COG0582 Integrase,p__Halobacteriota,p__Halobacteriota,c__Halobacteria,o__Halobacteriales,f__Haloferacaceae,g__Haloprofundus,s__Haloprofundus halophilus,Halobacteriota,Haloferacaceae,Integrase
NZ_MN918442.1,NZ_MN918442.1_1,virion,"Phage plasmid primase, P4",p__Halobacteriota,p__Halobacteriota,c__Halobacteria,o__Halobacteriales,f__Haloferacaceae,g__Haloprofundus,s__Haloprofundus halophilus,Halobacteriota,Haloferacaceae,Phage replication
NZ_MN918442.1,NZ_MN918442.1_25,integrase,COG0582 Integrase,p__Halobacteriota,p__Halobacteriota,c__Halobacteria,o__Halobacteriales,f__Haloferacaceae,g__Haloprofundus,s__Haloprofundus halophilus,Halobacteriota,Haloferacaceae,Integrase
NZ_MN918442.1,NZ_MN918442.1_130,integrase,COG0582 Integrase,p__Halobacteriota,p__Halobacteriota,c__Halobacteria,o__Halobacteriales,f__Haloferacaceae,g__Haloprofundus,s__Haloprofundus halophilus,Halobacteriota,Haloferacaceae,Integrase
NZ_MN918443.1,NZ_MN918443.1_190,lysis,COG1292 Choline-glycine betaine transporter,p__Halobacteriota,p__Halobacteriota,c__Halobacteria,o__Halobacteriales,f__Haloferacaceae,g__Haloprofundus,s__Haloprofundus halophilus,Halobacteriota,Haloferacaceae,Osmolyte transport
NZ_MN918443.1,NZ_MN918443.1_218,integrase,COG0582 Integrase,p__Halobacteriota,p__Halobacteriota,c__Halobacteria,o__Halobacteriales,f__Haloferacaceae,g__Haloprofundus,s__Haloprofundus halophilus,Halobacteriota,Haloferacaceae,Integrase
NZ_QJOW01000005.1,NZ_QJOW01000005.1_14,integrase,COG0582 Integrase,p__Halobacteriota,p__Halobacteriota,c__Halobacteria,o__Halobacteriales,f__Haloarculaceae,g__Halosegnis,s__Halosegnis rubeus,Halobacteriota,Haloarculaceae,Integrase
NZ_QJOW01000006.1,NZ_QJOW01000006.1_12,integrase,COG0582 Integrase,p__Halobacteriota,p__Halobacteriota,c__Halobacteria,o__Halobacteriales,f__Haloarculaceae,g__Halosegnis,s__Halosegnis rubeus,Halobacteriota,Haloarculaceae,Integrase
NZ_QJOW01000006.1,NZ_QJOW01000006.1_62,virion,"Phage plasmid primase, P4",p__Halobacteriota,p__Halobacteriota,c__Halobacteria,o__Halobacteriales,f__Haloarculaceae,g__Halosegnis,s__Halosegnis rubeus,Halobacteriota,Haloarculaceae,Phage replication
NZ_QKNW01000002.1,NZ_QKNW01000002.1_9,lysis,"Catalyzes the stereoinversion of LL-2,6- diaminoheptanedioate (L,L-DAP) to meso-diaminoheptanedioate (meso- DAP), a precursor of L-lysine",p__Halobacteriota,p__Halobacteriota,c__Halobacteria,o__Halobacteriales,f__Haloarculaceae,g__Halosegnis,s__Halosegnis longus,Halobacteriota,Haloarculaceae,Metabolic enzymes
NZ_QKNW01000002.1,NZ_QKNW01000002.1_127,integrase,COG0582 Integrase,p__Halobacteriota,p__Halobacteriota,c__Halobacteria,o__Halobacteriales,f__Haloarculaceae,g__Halosegnis,s__Halosegnis longus,Halobacteriota,Haloarculaceae,Integrase
NZ_QKNW01000003.1,NZ_QKNW01000003.1_18,tail,Baseplate J-like protein,p__Halobacteriota,p__Halobacteriota,c__Halobacteria,o__Halobacteriales,f__Haloarculaceae,g__Halosegnis,s__Halosegnis longus,Halobacteriota,Haloarculaceae,Tail & baseplate
NZ_QKNW01000003.1,NZ_QKNW01000003.1_193,packaging,Terminase RNaseH-like domain,p__Halobacteriota,p__Halobacteriota,c__Halobacteria,o__Halobacteriales,f__Haloarculaceae,g__Halosegnis,s__Halosegnis longus,Halobacteriota,Haloarculaceae,DNA packaging
